:020000040000FA
:10000000F80B0020F9080000ED090000CBAF00005C
:10001000F5AF00001FB0000073B0000049B0000051
:10002000000000000000000000000000F167000078
:10003000ED09000000000000ED090000ED090000DE
:10004000ED090000ED09000000000000EF7F000056
:1000500000000000ED0900000000000000000000AA
:10006000ED090000ED090000ED090000ED090000B8
:10007000ED090000ED090000ED090000ED090000A8
:10008000ED090000ED090000000000000000000084
:10009000ED090000ED090000000000000000000074
:1000A000ED090000ED090000ED090000ED09000078
:1000B000ED090000ED090000ED090000ED09000068
:1000C000ED090000ED090000ED090000ED09000058
:1000D000ED09000000000000ED0900000000000034
:1000E000ED09000000000000ED090000ED0900002E
:1000F00000000000ED09000000000000ED09000014
:10010000000000000000000000000000ED090000F9
:10011000ED09000000000000ED090000ED090000FD
:1001200000000000ED0900000000000000000000D9
:1001300000000000000000000000000000000000BF
:1001400000000000000000000000000000000000AF
:10015000ED09000000015F5F02000000FE0B0000DF
:10016000C5680000800600000000000000000000DC
:100170000000000000000000000000000100FFC3BC
:10018000000000C4802300200000000001015F5F28
:10019000030100001F0100004102000000000000F8
:1001A000000000000100000001000000000000004D
:1001B000000000000000000000000000000000003F
:1001C000000000007000000014B500008000000076
:1001D000000F0000010000003D03000001015F5F0F
:1001E000040100001F010000ED07000000000000F6
:1001F00000000000000000000100000000000000FE
:1002000000000000000000000000000000000000EE
:100210000000000020B500004000000005070000BD
:0802200001000000B10700001D
:1002400010B500F075F900B110BD00F0A1F9044639
:10025000074821460BF00BF900F0A8F90028F3D16C
:10026000214604480BF003F9BDE8104008F086BFB2
:10027000FC07000024080000002310B582B01146DE
:10028000CDE90033D0E90023402B4AD1138D8446B9
:100290004FEA132EBEF1030F3FD0BEF1010F10D075
:1002A000244C1068D4F80424AEF10203CDE9000216
:1002B000082B39D8DFE803F00E3113181D22272C44
:1002C000090000F061F902B010BD60466A4600F016
:1002D0007BF9F8E760466A4600F052F9F3E76046BA
:1002E0006A4600F039F9EEE760466A4600F02CF9FC
:1002F000E9E760466A4600F033F9E4E760466A469B
:1003000000F032F9DFE760466A4600F031F9DAE7DB
:1003100060466A4600F030F9D5E7604600F018F90B
:10032000D1E76FF08000CEE703480BF0A0F86FF044
:100330008500C8E7201C0020600800002DE9F04F70
:100340000468A3B0002C40F0E3800546202221463B
:1003500002A80AF04EFF202221460AA80AF049FF0F
:100360004022214612A80AF044FFEA6905F11C0B5D
:100370005B46042662B9032153F8042D4E1E32B9A0
:1003800036B1314653F8042D4E1E002AF8D00E46E1
:10039000EA6A042705F12C0362B9032153F8042DFE
:1003A0004F1E32B937B1394653F8042D4F1E002A7B
:1003B000F8D00F46002E00F0A68040230021686888
:1003C00012AA0AF089FF402840F09D8012AB012E4E
:1003D000CDE9023000F09A804FF00108534C0DF146
:1003E000080905F1100A01975AF8043FD4F80004EF
:1003F000D91C21F003011A1D04EB000701EB000CCE
:10040000C0F5806E60D871455ED8414668683A464E
:10041000C4F800C40AF060FF08F101084645C9F8B5
:100420000C0049F8087FDFD1019F002F73D0D4F86A
:1004300000040DF12808DC460BEB870A4146024612
:100440004FF00009AB4601905CF8040FC2F5806ED6
:10045000C31C10F1040F23F0030304EB020543D87F
:10046000734541D8D445C1E900504FF001091A4401
:1004700001F10801E8D1DBF808303146C4F8002466
:10048000C4F804340AAA3B4602A8FFF7F5FE5D460D
:10049000002681463146D8F80430686858F8082BA1
:1004A00001360AF038FFB742F4D10025D4F8002411
:1004B00029461E48C4F804540AF09BFEC4F80054B0
:1004C000484623B0BDE8F08F002102461748C4F823
:1004D00004140AF08EFE6FF08C0900234846C4F81D
:1004E000003423B0BDE8F08F0198B9F1000F02D0BD
:1004F0001046C4F80024002102460C48C4F8041435
:100500000AF077FEE7E76FF08309D9E7074C8CE73D
:100510006FF08509D4E7AB683146C4F804340AAA01
:100520003B4602A8FFF7A8FE8146BEE7201C00203C
:1005300008B54FF4B272002102480AF05AFE0020BA
:1005400008BD00BF282000206FF08500704700BF65
:100550006FF08500704700BF6FF08500704700BFE7
:100560006FF08500704700BF6FF08500704700BFD7
:100570006FF08500704700BF6FF08500704700BFC7
:100580006FF08500704700BFD1E9000108F0B8BDE9
:1005900010B5044C0F22204603490AF0E4FD204622
:1005A00010BD00BF902100208808000008B501217F
:1005B000034808F089FB034808F056FD002008BDF9
:1005C0008C2100206FB400006FF08500704700BFE1
:1005D00080B500AF04F05DFF0023184680BD80B5F4
:1005E00082B000AF7860FFF7F3FF03461846083784
:1005F000BD4680BD80B5AEB000AF78600023C7F8BF
:10060000B4300023C7F8B03007F1940300221A6019
:100610005A6007F18C0300221A605A600023FB64C1
:1006200007F150033C22002118460AF0E2FD0023A6
:10063000FB6007F110033C22002118460AF0D9FDA7
:100640000023BB600123C7F8A4300023C7F8A03003
:100650000423C7F8AC300423C7F8A83004E0D7F867
:10066000AC30013BC7F8AC30D7F8AC30002B0ED023
:10067000D7F8AC305A1E7B68043253F82230002B76
:10068000EDD004E0D7F8A830013BC7F8A830D7F880
:10069000A830002B08D0D7F8A8305A1E7B68083243
:1006A00053F82230002BEDD0D7F8AC30002B07D018
:1006B000D7F8AC30022B03D8D7F8A830012B01D9DA
:1006C000012371E07B68586807F1080204230021C8
:1006D0000AF002FE0346C7F8A030D7F8A030042B7A
:1006E00002D06FF080035FE0D7F8AC30012B2BD93C
:1006F0007B685B69C7F89C30D7F89C30402B02D9E7
:100700006FF0890350E07B6858687B685B6907F18C
:100710004C0201210AF0E0FD0346C7F8A030D7F8EB
:10072000A030D7F89C209A4202D06FF080033BE0C3
:1007300007F14C03C7F89430D7F89C30C7F89830CD
:1007400007F19403C7F8B430D7F8A830002B12D0C3
:100750007B681B6A402B02D96FF0800324E007F10D
:100760000C03C7F88C307B681B6AC7F8903007F120
:100770008C03C7F8B030BB68D7F8B020D7F8B410F6
:10078000184603F02DF8C7F8A400D7F8B030002BB6
:1007900008D07B685868D7F88C20D7F890300021B3
:1007A0000AF0B9FDD7F8A4301846B837BD4680BD69
:1007B00080B582B000AF78607B681B68B3F57D7F41
:1007C00004D040F2F532934205D009E07868FFF793
:1007D00006FF034606E07868FFF70CFF034601E0DA
:1007E0006FF0850318460837BD4680BD80B400AF62
:1007F00000231846BD4680BC704700005B4442475A
:100800005D5B43727970746F5D20496E6974201B63
:100810005B303B33326D25731B5B306D2E2E2E0DFE
:100820000A0000005B4442475D5B43727970746F5D
:100830005D20496E6974201B5B303B33326D25733C
:100840001B5B306D2E2E2E201B5B303B33326D63D5
:100850006F6D706C6574651B5B306D2E0D0A00004A
:100860005B4552525D5B43727970746F5D20556ECB
:10087000737570706F7274656420726571756573DD
:1008800074210D0A000000004D62656420544C5331
:1008900020332E362E34000000000000000000003F
:1008A000E87F000001000000698800004188000026
:1008B00040BC0000C02100204F00000040BC0000F0
:1008C000201C00200000000040BC0000001C002094
:1008D00000000000FC220020C2050000201C0020B7
:1008E00068010000001C00200800000080B500AF77
:1008F00006F07CFE00BF80BD80B588B000AF72B648
:1009000000BF314B314A9A60314B3B603B6883F307
:10091000098800BF2F4B7B607B6883F30A8800BF88
:100920002C4BBB60BB6883F30B8800BF2A4BFB607A
:10093000F96823A3D3E90023C1E9002300BF00F035
:1009400029FA264BFB6119E00023BB610EE0FB692D
:100950001A68BB699B001A44FB695968BB699B0014
:100960000B4412681A60BB690133BB61FB699B6869
:10097000BA699A42EBD3FB690C33FB61FB69184AF5
:100980009342E1D3174B7B6114E000233B6109E004
:100990007B691A683B699B00134400221A603B691B
:1009A00001333B617B695B683A699A42F0D37B69AA
:1009B00008337B617B690C4A9342E6D307F068FFFA
:1009C000A5EDF5FEA5EDF5FE00ED00E00000000050
:1009D000F80B002000040020F80B0020B0080000F5
:1009E000D4080000D4080000EC080000EFF30880F1
:1009F000EFF309812DE9F00F6B46724600F050FBD2
:100A000008B0FFF773FFFEE700BF000080B483B0BB
:100A100000AF144B1B687B60134B1B683B607B680B
:100A2000072B19D13B68023B032B13D801A252F8C4
:100A300023F000BF450A0000490A00004D0A0000EB
:100A4000510A0000012308E0002306E0002304E02F
:100A5000002302E0002300E0002318460C37BD46C7
:100A600080BC70473001FF003401FF0080B483B0C8
:100A700000AF144B1B687B60134B1B683B607B68AB
:100A8000072B19D13B68023B032B13D801A252F864
:100A900023F000BFA50A0000A90A0000AD0A00006B
:100AA000B10A0000012308E0012306E0002304E06E
:100AB000002302E0002300E0002318460C37BD4667
:100AC00080BC70473001FF003401FF0080B483B068
:100AD00000AF144B1B687B60134B1B683B607B684B
:100AE000072B19D13B68023B032B13D801A252F804
:100AF00023F000BF050B0000090B00000D0B0000E8
:100B0000110B0000012308E0002306E0002304E0AD
:100B1000002302E0002300E0002318460C37BD4606
:100B200080BC70473001FF003401FF0080B483B007
:100B300000AF144B1B687B60134B1B683B607B68EA
:100B4000072B19D13B68023B032B13D801A252F8A3
:100B500023F000BF650B0000690B00006D0B000067
:100B6000710B0000012308E0012306E0012304E0EB
:100B7000012302E0012300E0002318460C37BD46A4
:100B800080BC70473001FF003401FF0080B483B0A7
:100B900000AF144B1B687B60134B1B683B607B688A
:100BA000072B19D13B68023B032B13D801A252F843
:100BB00023F000BFC50B0000C90B0000CD0B0000E7
:100BC000D10B0000012308E0002306E0002304E02D
:100BD000002302E0002300E0002318460C37BD4646
:100BE00080BC70473001FF003401FF0080B483B047
:100BF00000AF144B1B687B60134B1B683B607B682A
:100C0000072B19D13B68023B032B13D801A252F8E2
:100C100023F000BF250C0000290C00002D0C000063
:100C2000310C0000012308E0002306E0002304E06B
:100C3000002302E0002300E0002318460C37BD46E5
:100C400080BC70473001FF003401FF0080B483B0E6
:100C500000AF144B1B687B60134B1B683B607B68C9
:100C6000072B19D13B68023B032B13D801A252F882
:100C700023F000BF850C0000890C00008D0C0000E3
:100C8000910C0000012308E0002306E0002304E0AB
:100C9000002302E0002300E0002318460C37BD4685
:100CA00080BC70473001FF003401FF0080B483B086
:100CB00000AF144B1B687B60134B1B683B607B6869
:100CC000072B19D13B68023B032B13D801A252F822
:100CD00023F000BFE50C0000E90C0000ED0C000063
:100CE000F10C0000012308E0012306E0012304E0E9
:100CF000012302E0012300E0002318460C37BD4623
:100D000080BC70473001FF003401FF0080B483B025
:100D100000AF144B1B687B60134B1B683B607B6808
:100D2000072B19D13B68023B032B13D801A252F8C1
:100D300023F000BF450D0000490D00004D0D0000DF
:100D4000510D0000002308E0002306E0002304E02A
:100D5000012302E0012300E0002318460C37BD46C2
:100D600080BC70473001FF003401FF0080B400AF49
:100D7000064B074A1B68C2F84435044B044ADB693A
:100D8000C2F84C3500BFBD4680BC70470080FF00F4
:100D90000060005080B582B000AF714B1B68704A94
:100DA00043F002031360FFF751FF0346002B0CD002
:100DB0006C4B1B68002B08D16A4B0D221A606A4BE2
:100DC00001221A60684B00221A6000237B60002316
:100DD0007B6011E04FF47F024FF47F017B6860334A
:100DE00051F8333019467B686033DB0013445B688D
:100DF0000B607B6801337B607B681F2B08D84FF446
:100E00007F027B68603352F83330B3F1FF3FE1D1AA
:100E1000FFF7BCFE0346002B05D0544B29221A6075
:100E2000534B03221A60FFF7F1FD0346002B07D056
:100E3000504B514A1A604FF050230122C3F85825F5
:100E4000FFF714FE0346002B02D04C4B00221A6021
:100E5000FFF73CFE0346002B11D04FF05023D3F890
:100E6000003403F00103002B09D04FF0502300227F
:100E7000C3F814214FF050230022C3F81821FFF7C4
:100E800055FE0346002B0DD04FF05023D3F800340D
:100E900003F00103002B05D04FF050236FF0010247
:100EA000C3F80024FFF7A2FE0346002B02D02F4B0D
:100EB00065221A60FFF7FAFE0346002B21D0304B63
:100EC0001B68002B1DDA4FF050230322C3F81825AE
:100ED0004FF0502301229A6000BF4FF05023D3F807
:100EE0000431002BF9D04FF050230022C3F8042125
:100EF0004FF050230122DA604FF050230122C3F853
:100F00001825FFF703FF0346002B1AD0174B7E224C
:100F10001A601C4B7E221A601B4B7F221A601B4BEF
:100F200000221A601A4B00221A601A4B00221A6023
:100F3000194B00221A60194B00221A60184B00222C
:100F40001A60184BD3F88C30164A43F44063C2F849
:100F50008C30FFF70BFF00BF0837BD4680BD00BFD8
:100F6000D0ED00E0204A00501C4900500C470050D2
:100F70003C470050309503504400EFBE4C250350D1
:100F8000202403503C49005018210050049E035077
:100F9000089E035010111050242100502C210050A5
:100FA000A012205000ED00E080B584B000AF786062
:100FB0000023FB730E212A4802F03BFE7B681B686E
:100FC000033B042B2BD801A252F823F0E10F0000C1
:100FD000EB0F0000F90F00000710000015100000D3
:100FE0000C21204802F025FE30E012211E4802F0BC
:100FF00020FE0123FB7329E00B211C4802F019FE9F
:101000000123FB7322E00D21194802F012FE012397
:10101000FB731BE00E21174802F00BFE16E07B6805
:101020001B680F2B07D87B681B681A4614211248CF
:1010300006F0E2FA07E07B681B68103B1A462521A0
:101040000E4806F0D9FA0123FB7300BFFB7B7968D9
:10105000184602F0DAFD00BF1037BD4680BD00BF64
:101060006481000074810000808100009481000090
:10107000A0810000B0810000C0810000D481000088
:1010800080B582B000AF78607C22044978680AF0AD
:101090006AF800BF0837BD4680BD00BF1C2A00208B
:1010A00080B586B000AFF860B9607A603B60394BBC
:1010B0007B61394B5B68C3F308027B691A60EFF30D
:1010C00003833B613A697B695A657B697A685A6038
:1010D0007B69FA689A607B69BA68DA607B695868EC
:1010E0007B6999687B69DB681A4602F066FD0246F7
:1010F0007B691A617B6903F114007B691B692022FB
:1011000019460AF030F83B68002B06D07B6934336F
:101110002022396818460AF026F81F4B9A6A7B6924
:101120009A651D4BDA6A7B69DA651B4B9A6B7B69A2
:101130001A667B699B6D03F400427B695A66164B05
:101140005A6B7B699A667B699B6D03F080027B69B1
:10115000DA66114A7B699B6D93620F4A7B69DB6D8E
:10116000D3620E4B5A697B691A670C4B9A697B698B
:101170005A677B691B6F03F040027B699A67074AD5
:101180007B691B6F53617869FFF70EFF00BF18374B
:10119000BD4680BD1C2A002000ED00E0D0ED00E03F
:1011A00080B584B000AF7860396000BF134BDB6A54
:1011B00098470346DBB203F00103DBB2002BF5D105
:1011C0000E4B5B69396878689847F860FB68002BBC
:1011D00001D000230EE000BF084BDB6A98470346AE
:1011E000DBB203F00103DBB2002BF5D1034B1B6A2A
:1011F0009847034618461037BD4680BD2882000038
:1012000080B582B000AF284B9B680020984778607B
:101210007B68002B0DD00821244802F00AFD0B2129
:10122000234802F006FD60220221224806F0E4F97C
:10123000FEE71D4B1B690220984778607B68002BF6
:101240000DD00821194802F0F4FC0B21184802F0D7
:10125000F0FC63220221174806F0CEF9FEE7124B9C
:101260009B6A4FF4E1310120984778607B68002B3E
:101270000DD008210D4802F0DCFC0B210C4802F0D7
:10128000D8FC672202210B4806F0B6F9FEE7064BB0
:101290009B6A012115209847074B01221A6000BF65
:1012A0000837BD4680BD00BF28820000FC810000D9
:1012B0000882000004820000982A002080B487B0D1
:1012C00000AFF860B9607A6000237B6135E07B692C
:1012D0009B00BA6813441B68C3F308033B613B6976
:1012E00040F2FF12934202D14FF0FF333B617B6922
:1012F0009B00BA6813441B685B0C032B1AD801A22D
:1013000052F823F0151300001D13000025130000F0
:101310002D130000FB683A691A600BE0FB683A691C
:101320005A6007E0FB683A699A6003E0FB683A6933
:10133000DA6000BF7B6901337B617A697B689A421E
:10134000C5D300BF00BF1C37BD4680BC704700BF7F
:1013500080B483B000AF074B1B687B600023BA8862
:1013600062F30F03FA8862F31F4318460C37BD4639
:1013700080BC70471482000080B592B000AF7860E6
:10138000396007F10C0338220021184609F031FFBB
:101390004FF0FF33FB604FF0FF333B614FF0FF3303
:1013A0007B614FF0FF33BB614FF0EB737B6307232F
:1013B00087F841303B6899683B68DA6807F10C03AD
:1013C0001846FFF77BFF3B6807F10C010022184627
:1013D00000F0D2FC78647B6C104A934202D06FF02C
:1013E000010316E03B6800221A613B6800225A6143
:1013F0003B68183307F1380292E8030018600433A1
:1014000019807A6B3B681A623B68012283F82420BA
:10141000002318464837BD4680BD00BF0000AD0B15
:1014200080B598B000AFF860B9607A607B6893F8D7
:10143000243083F00103DBB2002B02D04FF0FF33E6
:1014400049E0F86802F003FC034683F00103DBB2D5
:10145000002B27D00023FB651FE0BA68FB6DD31A71
:10146000402B28BF40237B65FA68FB6DD11807F13C
:1014700010037A6D184609F076FE07F110037A68BA
:10148000796D1846FFF7CCFF38653B6D002B01D016
:101490003B6D20E0FB6D4033FB65FA6DBB689A4203
:1014A000DBD317E078680023BA68F96800F0DAFE49
:1014B000B865BB6D0A4A934202D16FF001030AE09E
:1014C000BB6D084A934202D04FF0FF3303E07B68C4
:1014D000BA681A61002318466037BD4680BD00BF58
:1014E0000B00AD0B0000AD0B80B586B000AFF8600F
:1014F000B9607A607B6893F8243083F00103DBB233
:10150000002B02D04FF0FF3318E07B68BA68F9680F
:10151000184601F0CFFA78617B690A4A934202D1FA
:101520006FF001030AE07B69074A934202D04FF053
:10153000FF3303E07B68BA685A6100231846183706
:10154000BD4680BD0B00AD0B0000AD0B80B588B073
:1015500000AFF860B9607A60FB68DBB2012B02D0A3
:101560006FF0030367E17B681B6AFB617A6807F130
:101570001403183292E80300186004331980BB6822
:10158000964A934200F0D680BB68944A934200F298
:10159000D580BB68B3F5612F00F0C880BB68B3F598
:1015A000612F00F2CB80BB68B3F5E12F00F0BA8069
:1015B000BB68B3F5E12F00F2C180BB68884A934253
:1015C00000F0AC80BB68864A934200F2B780BB68EB
:1015D000B3F5613F00F09E80BB68B3F5613F00F258
:1015E000AD80BB68B3F5E13F00F09080BB68B3F518
:1015F000E13F00F2A380BB68B3F5963F00F0838023
:10160000BB68B3F5963F00F29980BB68B3F5614FB4
:1016100075D0BB68B3F5614F00F29080BB684DF6A2
:10162000C022934267D0BB684DF6C022934200F2BD
:101630008580BB68B3F5164F59D0BB68B3F5164F1C
:101640007CD8BB6847F6122293424CD0BB6847F661
:101650001222934272D8BB68B3F5E14F40D0BB6809
:10166000B3F5E14F6AD8BB68B3F5964F35D0BB6888
:10167000B3F5964F62D8BB68B3F5615F2AD0BB68FB
:10168000B3F5615F5AD8BB68B3F5165F1FD0BB686E
:10169000B3F5165F52D8BB68B3F5965F14D0BB683C
:1016A000B3F5965F4AD8BB68B3F5966F04D0BB68B4
:1016B000B3F5166F04D041E04FF49E23FB6140E088
:1016C0004FF41D23FB613CE0464BFB6139E0464B88
:1016D000FB6136E0454BFB6133E0454BFB6130E09D
:1016E000444BFB612DE04FF40003FB6129E04FF414
:1016F0001D03FB6125E04FF46503FB6121E04FF41E
:101700006B03FB611DE03C4BFB611AE04FF0EB7398
:10171000FB6116E04FF06C73FB6112E04FF08063E9
:10172000FB610EE04FF0E863FB610AE04FF070638D
:10173000FB6106E04FF08053FB6102E06FF00703AE
:1017400079E0FB6803F4E063002B02D06FF008033C
:1017500071E0FB6803F44043002B03D0B3F5804FE6
:1017600003D005E00023BB7505E01023BB7502E044
:101770006FF00A035FE0FB6803F44053B3F5005FCA
:1017800010D0B3F5005F13D8002B03D0B3F5805F02
:1017900003D00DE000237B750DE00E237B75002345
:1017A0003B8308E00E237B754FF480733B8302E09C
:1017B0006FF009033FE0FB6803F44033002B03D0D4
:1017C000B3F5403F03D005E000233B7516E001234D
:1017D0003B7513E06FF00B032DE000BF40420F009C
:1017E00090D0030000B013000050270000F03A0032
:1017F00000A04E0000C0750000903A017B68FA69B5
:101800001A627B68183307F1140292E8030018602B
:10181000043319807B681A687B681B6A1946104676
:1018200002F041FA7B681A687B6818331946104643
:1018300002F01FFA002318462037BD4680BD00BFC6
:1018400080B582B000AF786004497868FFF794FDF6
:10185000034618460837BD4680BD00BFC42100209E
:1018600080B500AF024802F035FA0346184680BD45
:10187000C421002080B582B000AF0346FB71FB7924
:101880000449184602F037FA034618460837BD46A1
:1018900080BD00BFC421002080B582B000AF786059
:1018A0003960054A39687868FFF7BAFD034618467B
:1018B0000837BD4680BD00BFC421002080B582B07E
:1018C00000AF78603960054A39687868FFF70CFE28
:1018D000034618460837BD4680BD00BFC42100201E
:1018E00080B500AF024802F025FA0346184680BDD5
:1018F000C421002080B500AF024802F026FA03465A
:10190000184680BDC421002080B582B000AF786049
:101910003960054A39687868FFF718FE03461846AB
:101920000837BD4680BD00BFC421002080B483B00D
:1019300000AF0346FB7197F90730002B0BDBFB79F7
:1019400003F01F02064997F907305B09012000FAEE
:1019500002F241F8232000BF0C37BD4680BC70471F
:1019600000E100E080B483B000AF0346FB7197F95B
:101970000730002B12DBFB7903F01F020A4997F9AD
:1019800007305B09012000FA02F2203341F82320DE
:10199000BFF34F8F00BFBFF36F8F00BF00BF0C3787
:1019A000BD4680BC704700BF00E100E080B483B05A
:1019B00000AF03463960FB7197F90730002B0ADB53
:1019C0003B68DAB20C4997F907305201D2B20B44A6
:1019D00083F800230AE03B68DAB20849FB7903F098
:1019E0000F03043B5201D2B20B441A7600BF0C37EE
:1019F000BD4680BC704700BF00E100E000ED00E0A4
:101A000080B584B000AF78607B68002B11D00B4BA1
:101A100043F00103FB600A4B1B680A4AA2FB032345
:101A20009A0C7B6802FB03F3BB60FB68B8689847BD
:101A300000E000BF1037BD4680BD00BF90820000AF
:101A4000C021002083DE1B4380B584B000AF7860E6
:101A50007B681B68184602F07EFE034683F0010394
:101A6000DBB2002B0ED00821194802F0E2F8192150
:101A7000184802F0DEF840F2CA320221164805F09A
:101A8000BBFDFEE70023FB60786802F092FE034690
:101A9000002B02D0012B03D005E0104BFB6011E0BE
:101AA0000F4BFB600EE00821094802F0C2F8192133
:101AB000084802F0BEF840F2D3320221064805F091
:101AC0009BFDFEE7FB6818461037BD4680BD00BF92
:101AD000608200006C820000688200000025845053
:101AE0000028845080B586B000AF78600846114663
:101AF0001A460346FB700B46BB7013467B703B1DBA
:101B00001846FFF7A1FF78617A687B69803253F845
:101B100022303B61114BFB60FB68DB433A691340A9
:101B20003B61FA78BB785B001A437B789B001A43D1
:101B300097F820301B021A4397F824301B041343F4
:101B40003A6913433B617A687B698032396943F8AB
:101B5000221000BF1837BD4680BD00BF0F0F030025
:101B600080B58AB000AF786039607B681B791A460F
:101B700013469B0013441B01534A13447B623B688A
:101B800093F8333083F00103DBB2002B20D07B6A63
:101B9000DB6C43F000731A467B6ADA643B681B68AF
:101BA000B3F1FF3F09D03B681B68184602F03FFEC7
:101BB0003B681B68184602F00FFE3B685B68B3F198
:101BC000FF3F05D03B685B680021184602F011FE1C
:101BD0003B6893F82C30012B28D13B6893F83330C5
:101BE00083F00103DBB2002B20D07B6ADB6C43F077
:101BF00000631A467B6ADA643B68DB68B3F1FF3F37
:101C000005D03B68DB680021184602F0F2FD3B6816
:101C10009B68B3F1FF3F09D03B689B68184602F010
:101C200006FE3B689B68184602F0D6FD3B6893F8B9
:101C3000323083F00103DBB2002B06D07B6ADB6C11
:101C400043F080731A467B6ADA6407F108030022C6
:101C50001A605A609A60DA601A615A619A613B6848
:101C60001B68BB603B685B68FB603B689B683B61D3
:101C70003B68DB687B613B6893F8323087F8223041
:101C80003A6807F11C032C3292E803001860043311
:101C900019803B689B6ABB617B681B6807F108027F
:101CA0001146184602F0C2FA786802F0CDFD7B6852
:101CB00018683B6893F835200023044902F0EFFAD6
:101CC00000BF2837BD4680BD9C2A0020100342007B
:101CD00080B588B000AF78607B681B791A461346E0
:101CE0009B0013441B01234A1344FB617B681B6860
:101CF00007F10C021146184602F04FFBFB69DB6C42
:101D000003F08073002B04D07B681B68184602F038
:101D100069FBFB69DB6C03F00073002B25D0FB68CB
:101D2000B3F1FF3F03D0FB68184602F073FD3B6937
:101D3000B3F1FF3F03D03B69184602F06BFDFB692E
:101D4000DB6C03F00063002B0FD0BB69B3F1FF3FE6
:101D500003D0BB69184602F05DFD7B69B3F1FF3F1C
:101D600003D07B69184602F055FD00BF2037BD4601
:101D700080BD00BF9C2A002080B58AB000AFF8600B
:101D8000B9607A60BB68002B0ED108214E4801F083
:101D900050FF10214D4801F04CFF4FF4DF7202213B
:101DA0004B4805F029FCFEE7FB681B793B623A6A69
:101DB00013469B0013441B01464A13447B627B6A13
:101DC00093F84830002B03D0434B7B617B6976E06E
:101DD00050220021786A09F00CFABB681A697B6A04
:101DE0001A60BB685A697B6A9A63BB689B69002B5F
:101DF00003D17B6A0022DA6304E0BB689B695A1E48
:101E00007B6ADA63BB681B6A042B06D9BB68DA6994
:101E10007B6A9A617B6A0022DA617B68002B04D0BE
:101E2000BB6893F83430002B01D0002301E04FF45D
:101E30008073FB61BB6893F83430002B06D07B6A5B
:101E4000DB6C43F001031A467B6ADA647B6A7A68CA
:101E50005A607B6A012283F84820FB681B68184699
:101E600002F082FD034683F00103DBB2002B01D0B8
:101E70001A4B24E0B968F868FFF772FEFB681A682D
:101E8000BB6893F834301946104602F0B9FD03469A
:101E900083F00103DBB2002B01D0104B0FE07B6815
:101EA000002B01D00E4A00E00022FB691343BB6106
:101EB000FB681B68B969184602F0FCFA094B184622
:101EC0002837BD4680BD00BF6082000098820000B8
:101ED000688200009C2A00200C00AD0B0100AD0BB5
:101EE00010020A000000AD0B80B586B000AF78602C
:101EF0007B681B791A4613469B0013441B011E4A3C
:101F000013447B617B681B683B617B6993F84830B5
:101F1000002B0ED10821194801F08BFE1221184820
:101F200001F087FE40F255220221164805F064FBBD
:101F3000FEE71549386902F0DFFA386902F01CFA49
:101F400001220121786800F05FFDF86001217868C6
:101F500000F06CFAF8607868FFF7BAFE7B6900223F
:101F6000DA647B69002283F848207B6900225A608A
:101F700000BF1837BD4680BD9C2A0020608200004B
:101F8000A88200006882000010034A0080B588B073
:101F900000AFF860B9607A60FB70FB781946F868AA
:101FA00002F0BCFC0346FB77F86802F02DFBB86139
:101FB000F86802F018FB7861FB7F002B04D17A6986
:101FC000BB689A4200D1E8E77A69BB689A4205D1BA
:101FD0007A68BB699A4201D90B4B00E00B4B3B611D
:101FE0003B690A4A934209D1FB7883F00103DBB2D3
:101FF000002B03D00C21F86802F0D0FA3B69184698
:102000002037BD4680BD00BF0800AD0B0000AD0B02
:1020100080B58AB000AFF860B9601346FB71FB6809
:102020001B791A4613469B0013441B014B4A134469
:10203000BB61FB681B687B61BB6993F84830012B6F
:102040000ED00821464801F0F4FD0921454801F071
:10205000F0FD40F2ED220221434805F0CDFAFEE703
:10206000424B3B62BB699B6B002B0FD1B96878690F
:1020700001F0C1FE034683F00103DBB2002B01D067
:102080003B4B66E0002387F8273002E0012387F806
:10209000273000F045FEBB69DB6C03F00103002B29
:1020A00014BF01230023DBB21946786902F036FC25
:1020B0000346FB74FB7C002B27D0BB695B6C002BB9
:1020C00006DA786902F0A0FA03461A46BB695A6438
:1020D00097F82730002B0ED0BB699A6BBB69DB6B7E
:1020E0001344BA6812781A70BB699A6BBB69DB6BD0
:1020F0001344FB6101E0BB68FB61FB790122F969D4
:10210000786902F0C3FC1B4B3B6200F019FE3B6A8E
:10211000184A93421CD1FB7983F00103DBB2002BF8
:1021200016D0BB69DB6C03F00103002B14BF012345
:102130000023DBB20122F9697869FFF727FF3862D3
:1021400000F0EEFDB969786902F0E1FC00F0F8FDFD
:102150003B6A18462837BD4680BD00BF9C2A002038
:1021600060820000BC820000688200000B00AD0BA2
:102170000400AD0B0000AD0B80B588B000AFF86077
:10218000B9607A603B60FB681B791A4613469B0076
:1021900013441B012F4A13447B617B695B68002B4E
:1021A00006D03B6803F00203002B01D0012300E0BE
:1021B0000023FB74FB7C03F00103FB74264BFB61E3
:1021C000FB7C002B03D07B699B6B002B05D07B69CC
:1021D000DB6C03F01003002B01D0204B35E0002313
:1021E000BB612DE0BA68BB691344FA7C1946F868F4
:1021F000FFF70EFFF861FB69174A934205D0FB69B0
:10220000174A9342EED0FB691FE000BF7B695B6811
:10221000002B12D17B69DB6C03F00803002B0CD080
:102220007B694C33D3E8EF1F21F00801C3E8E21FBC
:10223000002AF7D1094BFB6106E0BB690133BB61A2
:10224000BA697B689A42CDD3FB6918462037BD46F0
:1022500080BD00BF9C2A00200000AD0B0800AD0B24
:102260000B00AD0B80B588B000AFF860B9607A6044
:102270003B60FB681B791A4613469B0013441B0105
:10228000624A13447B61FB681B683B617B6993F87E
:102290004830012B0ED008215D4801F0CAFC0E2108
:1022A0005C4801F0C6FC40F2773202215A4805F042
:1022B000A3F9FEE7FB681B79002B03D17B68B3F51C
:1022C000803F0ED30821524801F0B3FC0E21514843
:1022D00001F0AFFC4FF45E7202214F4805F08CF91B
:1022E000FEE7BB68002B0ED10821494801F0A1FC94
:1022F0000E21484801F09DFC40F279320221464807
:1023000005F07AF9FEE77B68002B0ED108214048E2
:1023100001F08FFC0E213F4801F08BFC40F27A3235
:1023200002213D4805F068F9FEE73C4BFB617B6804
:10233000002B01D13A4B65E07B695B68002B17D11C
:102340003B68002B14D17B69DB6A002B0ED17B69C3
:102350007A68DA6200237A68B968F868FFF70CFFD8
:10236000F8617B690022DA62FB694BE02D4B49E0A2
:102370003B6803F00303002B07D03B687A68B96819
:10238000F868FFF7F9FE03463CE0B968386901F0E8
:1023900032FD034683F00103DBB2002B08D07B69DA
:1023A0009B6B002B01D1204BFB610123FB7601E0ED
:1023B0000023FB76FB69194A934201D0FB6921E0B7
:1023C00000F0AEFC7B69DB6A002B16D17B697A6872
:1023D000DA627B69BA689A62FB7E002B06D07B6961
:1023E000DB6C43F002031A467B69DA64FB7E1A4613
:1023F0007969386902F001FC01E00A4BFB6100F0E9
:102400009FFCFB6918462037BD4680BD9C2A0020F2
:1024100060820000C8820000688200000000AD0BEE
:102420000600AD0B0B00AD0B0A00AD0B80B586B0FE
:1024300000AF78600B46FB707B681B791A46134629
:102440009B0013441B011D4A13447B617B681B687E
:102450003B61386902F042FAF8607B69DB6A002B65
:1024600005D1F968386902F04CFA154B21E07B6917
:102470004C33D3E8EF1F41F00801C3E8E21F002A04
:10248000F7D10C21386902F089F8FB78002B0BD0CA
:102490007969386902F058FB4FF49071386901F09E
:1024A000B1FF7B690022DA62F968386902F029FA23
:1024B000044B18461837BD4680BD00BF9C2A00203B
:1024C0000500AD0B0000AD0B80B584B000AFF86027
:1024D000B9607A604FF48471F86801F093FF2021AD
:1024E000F86801F0D8FF0C4B1946F86802F004F8C0
:1024F000F86802F06AFCBB6800229A60BB680022A0
:102500001A61B86802F02BFC7968B86802F0ECFB3D
:1025100000BF1037BD4680BD10020A0080B586B0EE
:1025200000AF786039607B681B791A4613469B00C0
:1025300013441B015A4A13447B617B681B683B614F
:102540007B694C33D3E8EF2F42F48051C3E8E01F9E
:102550000028F7D1FA60FB6803F48053002B01D008
:10256000504B99E03B6803F00403002B05D07B69D6
:102570009B69002B01D14C4B8EE04C4B19463869BE
:1025800001F0BAFF386901F0DDFF4FF48871386956
:1025900001F038FF4FF4A671386901F033FF4FF4B2
:1025A000A271386901F02EFF3B689B0303F480425F
:1025B0003B681B0303F400531A433B685B0303F4BB
:1025C00000431343BB607B694C33BA68D3E8EF0F19
:1025D00040EA0200C3E8E10F0029F7D17B699B685C
:1025E000002B07D17B695B68002B03D0032178693E
:1025F00002F05FFB7B699B68002B0FD1786902F0CA
:1026000073FA034683F00103DBB2002B01D0284BA1
:1026100042E0786902F0A3FB264B3DE004213869D3
:1026200001F057FF0346002B17D07B695B68002B36
:1026300013D07B69DB6C03F40023002B0DD07B6986
:102640004C33D3E8EF1F21F40021C3E8E21F002A36
:10265000F7D10621786902F02CFB7B69DB6C03F46F
:102660008053002B17D04FF4A671386901F0DBFEC0
:10267000034683F00103DBB2002B03D0002138694D
:1026800001F08CFF7B695B68002B04D0074B194677
:10269000386901F00FFF064B18461837BD4680BD5C
:1026A0009C2A00200B00AD0B0800AD0B10020A00A5
:1026B0000000AD0B0200AD0B80B586B000AFF86036
:1026C000B9607A603B603D4B7B61BB689B68002BC7
:1026D0000BD0BB685B68002B4DD14FF48871F86854
:1026E00001F0A1FE0346002B45D0BB689B68002B80
:1026F00004D04FF48871F86801F084FEBB687A68F2
:102700009A60BB683A68DA60B968F86802F0DCFB86
:102710000346002B4CD0BB689A68BB685B6AD11833
:10272000BB68DA68BB685B6AD31A1A46F86801F0BE
:102730007CFFBB68DB6C03F48053002B38D0BB6894
:102740004C33D3E8EF1F21F48021C3E8E21F002AB5
:10275000F7D10021F86801F021FF4FF4A271F86869
:1027600001F061FE0346002B22D04FF4A271F868FD
:1027700001F048FE1CE0BB681B69002B15D1BB684B
:102780007A681A61BB683A685A613A687968F86889
:1027900001F04BFFBB68DB6C03F48043002B08D0D7
:1027A0002021F86801F068FE03E0054B7B6100E042
:1027B00000BF7B6918461837BD4680BD0000AD0BD1
:1027C0000B00AD0B80B58AB000AFF860B9607A60DD
:1027D000FB681B7919464B4A0B469B000B441B01B7
:1027E000134448331B78012B0ED00821464801F0D2
:1027F00020FA1921454801F01CFA40F2A5520221A5
:10280000434804F0F9FEFEE7FB681B79002B03D177
:102810007B68B3F5803F0ED308213B4801F009FAED
:1028200019213A4801F005FA40F2A652022138482F
:1028300004F0E2FEFEE7BB68002B0ED1082132480F
:1028400001F0F7F91921314801F0F3F940F2A752EC
:1028500002212F4804F0D0FEFEE77B68002B0ED14A
:102860000821294801F0E5F91921284801F0E1F98A
:102870004FF4B5620221264804F0BEFEFEE7FB6875
:102880001B791A4613469B0013441B011D4A13442F
:10289000FB61FB681B68BB61002387F827301D4B79
:1028A0003B62B86902F01AF87861FB69DB6C03F4EB
:1028B0008023002B02D0184B3B620FE0B968B86947
:1028C00001F099FA034683F00103DBB2002B02D03A
:1028D000124B3B6202E0012387F8273097F827303C
:1028E000002B06D07B68BA68F969B869FFF7E4FE87
:1028F00038627969B86902F004F83B6A18462837EB
:10290000BD4680BD9C2A002060820000D882000065
:10291000688200000000AD0B0500AD0B0A00AD0B96
:1029200080B588B000AFF860B96011461A460B4612
:10293000FB711346BB712021F86801F08AFD034644
:10294000002B14BF01230023FB75BB68DB6C03F471
:102950008223B3F5805F07D0FB79002B02D0BB68E0
:102960000022DA61254B45E0F86801F0B7FFB86155
:10297000FB79002B05D1FB7D83F00103DBB2002B3B
:1029800007D02021F86801F086FD4FF4A113FB6108
:1029900002E04FF48033FB61BB684C33FA69D3E843
:1029A000EF0F40EA0200C3E8E10F0029F7D1BB793D
:1029B000002B03D1BB685B68002B12D1104B19466A
:1029C000F86801F099FD0421F86801F0E7FDB968A5
:1029D000F86802F044FB0A4BDB43BA691340BB6161
:1029E00003E00421F86801F0D9FDB969F86801F045
:1029F00088FF044B18462037BD4680BD0500AD0B4F
:102A000010020A000000AD0B80B584B000AF786002
:102A10000B46FB701346BB707B68002B0ED1082160
:102A2000204801F006F914211F4801F002F940F294
:102A3000696202211D4804F0DFFDFEE77B681B7917
:102A400019461B4A0B469B000B441B011344483399
:102A50001B78012B0ED00821124801F0EAF814214E
:102A6000114801F0E6F840F26A6202210F4804F0D2
:102A7000C3FDFEE77B681B791A4613469B0013448F
:102A80001B010B4A1344FB607B681B68BB60BB786F
:102A9000FA78F968B868FFF743FF0346184610371D
:102AA000BD4680BD60820000F482000068820000A4
:102AB0009C2A002080B588B000AFF860B9607A60C9
:102AC0007A68B968F868FFF77DFEF861FB681B79E2
:102AD0001A4613469B0013441B01524A1344BB6120
:102AE000BB6993F84830012B0ED008214E4801F005
:102AF000A0F80E214D4801F09CF840F279620221C5
:102B00004B4804F079FDFEE7FB681B79002B03D1ED
:102B10007B68B3F5803F0ED30821434801F089F864
:102B20000E21424801F085F840F27A6202214048C5
:102B300004F062FDFEE7BB68002B0ED108213A4885
:102B400001F077F80E21394801F073F840F27B620A
:102B50000221374804F050FDFEE77B68002B0ED1C0
:102B60000821314801F065F80E21304801F061F884
:102B700040F27C6202212E4804F03EFDFEE7FB6934
:102B80002C4A934201D0FB6948E003237B617969B9
:102B9000F868FFF7C3FCF861FB69274A934205D048
:102BA000FB69244A934201D0FB6937E0214BFB616A
:102BB000BB695B68002B30D100233B6107F1100338
:102BC0001946F86800F03EF8F861FB691A4A93422A
:102BD000F4D0FB69194A934203D03B697A689A4260
:102BE00002D9174BFB6118E001220121F868FFF7B9
:102BF0000BFFF861FB690F4A93420ED008210A4887
:102C000001F017F80E21094801F013F840F29C6218
:102C10000221074804F0F0FCFEE7FB691846203764
:102C2000BD4680BD9C2A0020608200000883000011
:102C3000688200000000AD0B0B00AD0B0C00AD0B6B
:102C40000800AD0B80B584B000AF786039607B6858
:102C50001B791A4613469B0013441B01284A134450
:102C6000FB60FB6893F84830012B0ED00821254803
:102C700000F0DFFF1421244800F0DBFF40F2A762E0
:102C80000221224804F0B8FCFEE7FB685B68002BD9
:102C900001D01F4B2FE07B681B68184601F06CFCCD
:102CA000034683F00103DBB2002B0CD03B68002B02
:102CB00007D07B681B68184601F0C8FC02463B68D9
:102CC0001A60144B17E07B681B684FF48871184634
:102CD00001F0A9FB0346002B0CD03B68002B07D06A
:102CE0007B681B68184601F0B1FC02463B681A601D
:102CF000094B00E0094B18461037BD4680BD00BFA8
:102D00009C2A002060820000188300006882000076
:102D10000800AD0B0C00AD0B0000AD0B0B00AD0BB4
:102D200080B400AF72B600BF044B1B680133034A86
:102D3000136000BFBD4680BC704700BFEC2A002076
:102D400080B500AF0F4B1B68002B0DD108210E483A
:102D500000F06FFF1B210D4800F06BFF2C220221B9
:102D60000B4804F049FCFEE7064B1B68013B054A93
:102D70001360044B1B68002B01D162B600BF00BF7B
:102D800080BD00BFEC2A00202C83000038830000A7
:102D90003483000080B487B000AFF860B9607A6017
:102DA000FB681B687B617B69114A1A63BB68002B57
:102DB00001D0042200E000227B68002B01D0022316
:102DC00000E000231A437B695A607B695B6843F02B
:102DD00001027B695A60BFF34F8F00BFBFF36F8F53
:102DE00000BF002318461C37BD4680BC704700BF9B
:102DF00004AAFF0080B582B000AF78600846114693
:102E00001A460346FB700B46BB7013467B70FA787C
:102E10007B68A03253F8323003F48073002B0ED05D
:102E20000821244800F005FF1521234800F001FF88
:102E30004FF46C720221214804F0DEFBFEE7FB78C0
:102E40007A68A033DB0013445B6803F48073002BC3
:102E50000ED00821174800F0ECFE1521164800F0AE
:102E6000E8FE40F2B1320221144804F0C5FBFEE74F
:102E70007B783A7C002A02D04FF4807100E0002178
:102E8000FA7819437B68A03243F83210BA783B7C59
:102E9000002B02D04FF4807100E00021FB780A4340
:102EA0007968A033DB000B445A6000BF0837BD4689
:102EB00080BD00BF54830000C08300005C8300001D
:102EC00080B584B000AFF8607B600B46FB721346A0
:102ED000BB72FA7AFB6802F5C07253F8223003F431
:102EE0008073002B0ED00821134800F0A2FE182199
:102EF000124800F09EFE40F2CE320221104804F04B
:102F00007BFBFEE7BB7A002B01D0102200E0002201
:102F10007B6813433A7E002A02D04FF4807100E0B0
:102F20000021FA7A1943FB6802F5C07243F82210B7
:102F300000BF1037BD4680BD548300006083000091
:102F40005C83000080B584B000AFF8607B600B4606
:102F5000FB721346BB72FA7AFB6802F5E07253F813
:102F6000223003F48073002B0ED00821134800F0A8
:102F700060FE1621124800F05CFE40F2DB320221B6
:102F8000104804F039FBFEE7BB7A002B01D0102279
:102F900000E000227B6813433A7E002A02D04FF4FF
:102FA000807100E00021FA7A1943FB6802F5E072B3
:102FB00043F8221000BF1037BD4680BD5483000087
:102FC000788300005C83000080B584B000AFF860B7
:102FD000B96011461A460B46FB711346BB71FB687C
:102FE000BA6802F5007253F82230002B0EDB08217C
:102FF000234800F01EFE1721224800F01AFE4FF46D
:103000007A720221204804F0F7FAFEE7FB68BA68FA
:1030100002F5007253F8223003F48073002B0ED0B7
:103020000821174800F005FE1721164800F001FEA0
:1030300040F2E9320221144804F0DEFAFEE7FB799F
:10304000002B01D0102200E00022BB79002B01D020
:10305000202300E0002313433A7E002A02D04FF4DD
:10306000807200E0002242EA0301FB68BA6802F5C0
:10307000007243F8221000BF1037BD4680BD00BF6C
:1030800054830000F88300005C83000080B582B0A8
:1030900000AF00233B603B6843F001033B603B68AB
:1030A00043F002033B603B6843F004033B600023B2
:1030B0007B600AE0094A7B6852F823303968184679
:1030C00002F0F2F87B6801337B607B68002BF1D063
:1030D00000BF00BF0837BD4680BD00BF2C220020C6
:1030E00080B582B000AF00237B6000233B6032E0FC
:1030F0001D4A3B6852F823304FF48471184602F0A1
:10310000C3F80346002B03D07B6843F004037B60C5
:10311000154A3B6852F823304FF48071184602F08C
:10312000B3F80346002B03D07B6843F001037B60B8
:103130000D4A3B6852F823304FF48271184602F072
:10314000A3F80346002B03D07B6843F002037B60A7
:103150003B6801333B603B68002BC9D07B68184655
:103160000837BD4680BD00BF2C22002080B582B04C
:1031700000AF00237B601DE0124A7B6852F82330C9
:103180004FF48071184602F06AF80E4A7B6852F8D4
:1031900023304FF48271184602F061F8094A7B68C7
:1031A00052F823304FF48471184602F058F87B68C7
:1031B00001337B607B68002BDED000BF00BF083787
:1031C000BD4680BD2C22002080B584B002AF002314
:1031D0007B6017E07B68DBB21946174802F072F893
:1031E000034683F00103DBB2002B08D07B68D9B221
:1031F00000230093072301220F48FFF761FE7B683D
:1032000001337B607B683F2BE4D900233B600BE0FC
:103210003B68D9B200230093072301220648FFF739
:1032200091FE3B6801333B603B683F2BF0D900BF08
:1032300000BF0837BD4680BD0030005080B58AB061
:1032400002AFF860B9603B601346FB71FB689B0BF3
:10325000BB61BB689B0B7B61BB69FB610CE0FB69DD
:10326000D9B2FA7997F8283000933B680748FFF7FE
:1032700027FEFB690133FB61FA697B699A42EED94B
:1032800000BF00BF2037BD4680BD00BF00300050EA
:1032900080B58AB002AFF860B9603B601346FB713D
:1032A000FB6803F160435B0BBB61BB6803F16043E8
:1032B0005B0B7B61BB69FB610CE0FB69D9B2FA79FE
:1032C00097F8283000933B680748FFF73BFEFB69FF
:1032D0000133FB61FA697B699A42EED900BF00BFF6
:1032E0002037BD4680BD00BF0030005080B586B09D
:1032F00002AF786039603A687B68D31A0133FB60AB
:103300007B68C3F30D03C3F58043BB60FA68BB68F9
:103310009A420DD90821304800F08BFC2D212F480E
:1033200000F087FCF82202212D4804F065F9FEE741
:103330007A68BB681344C3F30D03002B0DD008213A
:10334000254800F076FC2D21244800F072FCFB2279
:103350000221234804F050F9FEE7BB685A1EBB68FF
:103360001340002B0DD008211B4800F062FC2D21DA
:103370001A4800F05EFCFF220221194804F03CF9D3
:10338000FEE7BB681F2B03D9BB68B3F5805F0ED97E
:103390000821114800F04DFC2D21104800F049FC97
:1033A0004FF4817202210E4804F026F9FEE7BB6853
:1033B000B3FA83F3DBB2C3F11B03DAB27B689B0B76
:1033C000DBB20121009100210648FFF713FD00BF89
:1033D0001037BD4680BD00BF5483000090830000BD
:1033E0005C8300000030005080B586B002AF78608A
:1033F0000B46FB707B681B0BFB73124AFB7B03F5D0
:10340000007352F8233003F00303002B0ED1082180
:103410000D4800F00EFC1D210C4800F00AFC4FF492
:10342000A77202210A4804F0E7F8FEE7F97BFB786F
:103430000093012301220348FFF7C6FD00BF1037A8
:10344000BD4680BD0030005054830000D88300008A
:103450005C83000080B586B002AF78600B46FB70DD
:103460007B681B0BFB73124AFB7B03F5007352F85E
:10347000233003F00303012B0ED108210D4800F087
:10348000D8FB21210C4800F0D4FB4FF4B672022186
:103490000A4804F0B1F8FEE7F97BFB7800930023BB
:1034A00000220348FFF790FD00BF1037BD4680BDE6
:1034B0000030005054830000108400005C83000042
:1034C00080B582B000AF78601621034800F0B1FBF0
:1034D00000BF0837BD4680BD3484000080B500AF12
:1034E000FFF7FEFD0346034A13600248FFF7E8FFBB
:1034F00000BF80BD3831002080B582B000AF786059
:103500000C220449786807F02EFE00BF0837BD463C
:1035100080BD00BF3831002080B483B000AF0C4BB9
:10352000DB687B607B689BB27B607B6823F0080371
:103530007B607B6843F0BF6343F400337B60044AE5
:103540007B68D36000BF0C37BD4680BC704700BFAE
:1035500000ED00E080B584B000AF786039603B6872
:10356000002B21D02721124800F063FB7A680C2140
:10357000104804F041F80023FB6011E00122FB68D1
:1035800002FA03F31A463B681340002B05D0FB6890
:103590001A460621084804F02FF8FB680133FB6047
:1035A000FB681F2BEADD00E000BF1037BD4680BD81
:1035B0004C840000748400008084000080B483B0D8
:1035C00000AF78603960064A7B681360054A3B6843
:1035D0001360002318460C37BD4680BC704700BFFF
:1035E000443100204831002090B589B000AF7860A8
:1035F000544B1B687A6852695A62524B1B687A684E
:1036000092699A624F4B1B687A68D269DA624D4BB5
:103610001B687A68126A1A634A4B1B687A68526A96
:103620005A63484B1B687A68926A9A63454B1B68D9
:103630007A68D26ADA63434B1B687A68126B1A6441
:10364000404B1B687A68526B5A603E4B1B687A6825
:10365000926B9A603B4B1B687A68D26BDA60394B8D
:103660001B687A68126C1A61364B1B687A68526C58
:103670005A61344B1B687A68926C9A61314B1B68B3
:103680007A68D26CDA612F4B1B687A68126D1A6205
:103690002C4B1B687A68926D5A652A4B1B687A68B6
:1036A000D26D9A65274B1B687A68126FDA65254BD5
:1036B0001B687A68126E1A66224B1B687A68926ED3
:1036C0005A66204B1B687A68526F9A661D4B1B68BE
:1036D000EFF388827A617A695A641A4B1B68EFF3B8
:1036E0008982BA61BA699A64164B1B687A68526813
:1036F000DA64144B1B68EFF39482FA61FA691A6575
:10370000104B1B687A6812681A6707F1080318469D
:10371000FFF7F2FE0B4B1B68BA68DA66094B1B68B1
:1037200001221A70084B1B681C466408640020467E
:1037300021462246234607F0C2FE00BF2437BD467D
:1037400090BD00BF443100204831002080B5A0B0BA
:1037500000AF3B461846FDF793FC7B68002B14BF77
:103760000123002387F87F3097F87F3083F001032F
:10377000DBB2002B15D17B68184601F078FE0346BA
:10378000002B0ED13B68052B01D0072B0BD100BFBE
:10379000074B1B68002B07D03B461846FFF724FF5A
:1037A00002E000BF00E000BF8037BD4680BD00BF23
:1037B0004831002080B400AFBFF34F8F00BF064BED
:1037C000DB6803F4E0620449044B1343CB60BFF3AE
:1037D0004F8F00BF00BFFDE700ED00E00400FA05D9
:1037E00080B584B000AFF860B9607A60FB68042BE4
:1037F00024D801A252F823F00D3800001938000037
:10380000253800003D380000313800007968B8687C
:1038100000F068F8034612E07968B86800F0D4F860
:1038200003460CE07968B86801F034FF034606E00F
:103830007968B86801F031FE034600E003231846BA
:103840001037BD4680BD00BF80B584B000AF786042
:103850007B681B68184601F096FE034683F001035F
:10386000DBB2002B0ED00821194800F0E2F9192133
:10387000184800F0DEF940F2CA320221164803F07F
:10388000BBFEFEE70023FB60786801F0AAFE03465A
:10389000002B02D0012B03D005E0104BFB6011E0A0
:1038A0000F4BFB600EE00821094800F0C2F9192116
:1038B000084800F0BEF940F2D3320221064803F076
:1038C0009BFEFEE7FB6818461037BD4680BD00BF73
:1038D000C0840000CC840000C8840000002584500F
:1038E0000028845080B58CB000AF78603960012327
:1038F0007B6206233B627B685B680C2B03D13B68D1
:103900005B68042B01D0022358E07B681B68FB61D5
:103910003B681B68BB61BB694FF0FF321A60022332
:10392000FB62FB691B68002B03D0FB699B68002BC3
:1039300001D1022342E0FB691B681946FB699A68C2
:103940003B6A786A04F076FA78617B69002B01D0D3
:10395000022333E00023BB622CE01A4ABB6A52F810
:1039600033303B61174ABB6ADB0013445B68FB6082
:10397000FB695B683A699A4219D8FB695A68FB6926
:103980009B681A443969FB680B449A420FD8FB695B
:103990001868FB695B681946FB699B681A4607F063
:1039A000E2FBBB6900221A600023FB6205E0BB6AF0
:1039B0000133BB62BB6A042BCFD9FB6A1846303790
:1039C000BD4680BD8884000080B48FB000AF7860B1
:1039D00039607B685B680C2B03D13B685B68042B08
:1039E00001D0022384E07B681B687B623B681B6814
:1039F0003B623B6A01221A6002237B6300233B6324
:103A000072E03E4A3B6B1B0113441B68FB613B4A5F
:103A10003B6B1B01134404331B68BB6100237B61B8
:103A20007B6A1B68FA699A425BD13B6A02221A6080
:103A30007B6A9B68BA699A4253D17B69002B36D066
:103A40002E4A3B6B1B01134408331B68002B2ED0FE
:103A5000002387F82F300023BB6219E0274A3B6B15
:103A60001B01134408331A68BB6A9B0013441B688C
:103A70003B617B6A5A687B6A9B6813403A699A4249
:103A800003D1012387F82F3006E0BB6A0133BB6204
:103A9000BB6A7A699A42E1D897F82F3083F0010324
:103AA000DBB2002B03D03B6A03221A601FE0FB69E4
:103AB0001B68FB607B6A9B68DB43FA681340FB6012
:103AC0007B6A5A687B6A9B681340FA681343FB6001
:103AD000FB69FA681A603B6A00221A6000237B6364
:103AE00005E03B6B01333B633B6B002B89D07B6B69
:103AF00018463C37BD4680BC704700BFB08400000C
:103B000080B483B000AF78607B689B0903F0010349
:103B1000002B14BF01230023DBB218460C37BD462F
:103B200080BC704780B483B000AF78607B6803F0DE
:103B30000803002B14BF01230023DBB218460C3707
:103B4000BD4680BC704780B584B000AF78607868AF
:103B5000FFF7D6FF0346002B11D07B6803F0040368
:103B6000002B07D07868FFF7DDFF0346002B01D05C
:103B7000012300E0002303F00103DBB219E0EFF3BF
:103B80009483BB60BB6803F00203002B14BF0123C6
:103B90000023FB73FB7B002B07D07868FFF7C2FF85
:103BA0000346002B01D0012300E0002303F00103B2
:103BB000DBB218461037BD4680BD80B588B000AF77
:103BC000F860B9607A60F868FFF7BDFF0346FB77DD
:103BD000F868FFF795FF0346002B06D0FB7F002B0C
:103BE00001D07B680DE0BB680BE0FB7F002B04D0AD
:103BF000EFF38983BB61BB6903E0EFF388837B61EB
:103C00007B6918462037BD4680BD80B582B000AFC5
:103C100003463960FB713B685B681846FFF770FF2D
:103C20003B685B681846FFF77DFF00BF0837BD465D
:103C300080BD80B582B000AF78603960396878683F
:103C4000FDF7AEFA034618460837BD4680BD80B47E
:103C500083B000AF78607B6803F06043B3F1005F2E
:103C60000CBF01230023DBB218460C37BD4680BCD5
:103C7000704780B483B000AF786039603B685A7891
:103C80003B689B781343DBB21A463B689B8813431F
:103C90003A6812781A437B68C3F86C2500BF0C376A
:103CA000BD4680BC704780B483B000AF7860396097
:103CB0007B683A68C3F8242500BF0C37BD4680BC3A
:103CC000704780B400AF002343F001031846BD469F
:103CD00080BC704780B582B000AF78607B681846C2
:103CE000FEF702F97B68002283F82420002318469F
:103CF0000837BD4680BD80B483B000AF034639604D
:103D0000FB71FB79022B01D1002301E06FF003036B
:103D100018460C37BD4680BC704780B485B000AFF4
:103D2000F860B9607A606FF0030318461437BD4637
:103D300080BC704780B483B000AF78607B681B693B
:103D400018460C37BD4680BC704780B483B000AFC6
:103D500078607B685B6918460C37BD4680BC70474D
:103D600080B483B000AF00237B607B6818460C37BB
:103D7000BD4680BC704780B483B000AF0346FB7182
:103D80006FF0030318460C37BD4680BC704780B403
:103D900083B000AF00237B607B6818460C37BD46BC
:103DA00080BC704780B483B000AF78607B681B0B29
:103DB0005BB218460C37BD4680BC704780B483B0F8
:103DC00000AF78607B681B6800BF0C37BD4680BCC5
:103DD000704780B400AF00BFBD4680BC704780B460
:103DE00000AF00BFBD4680BC704780B400AF00BFCD
:103DF000BD4680BC704780B483B000AF7860396046
:103E00003B6803F06043B3F1005F0CBF0123002364
:103E1000DBB218460C37BD4680BC704780B483B017
:103E200000AF786039607A683B6813441B68002BE8
:103E300014BF01230023DBB218460C37BD4680BCFB
:103E4000704780B582B000AF78600B467B807B887E
:103E50007A68134400221A607B887A6813441846F3
:103E6000FFF7ACFF00BF0837BD4680BD80B582B00C
:103E700000AF78600B467B807B8819467868FFF737
:103E8000CDFF034618460837BD4680BD80B483B0D9
:103E900000AF786039607B68D3F800223B6813403C
:103EA00018460C37BD4680BC704780B483B000AF65
:103EB000786039607B68D3F800223B681A437B68DE
:103EC000C3F8002200BF0C37BD4680BC704780B4E9
:103ED00083B000AF786039607B68D3F800223B681C
:103EE000DB431A407B68C3F8002200BF0C37BD4695
:103EF00080BC704780B483B000AF786039607B6865
:103F00003A68C3F8042300BF0C37BD4680BC704735
:103F100080B483B000AF786039607B68D3F8042345
:103F20003B68134018460C37BD4680BC704780B4D0
:103F300083B000AF786039607B683A68C3F80823C3
:103F400000BF0C37BD4680BC704780B483B000AF63
:103F500078607B68D3F8803418460C37BD4680BC47
:103F6000704780B483B000AF786039607B683A688E
:103F7000C3F8802400BF0C37BD4680BC704780B4B6
:103F800083B000AF78607B680822C3F8002500BFCB
:103F90000C37BD4680BC704780B483B000AF7860FA
:103FA0007B680022C3F8002500BF0C37BD4680BCEB
:103FB000704780B483B000AF78607B68D3F8003579
:103FC000082B0CBF01230023DBB218460C37BD467B
:103FD00080BC704780B485B000AFF860B9607A608B
:103FE000FB68BA68C3F80C25FB687A68C3F8142527
:103FF00000BF1437BD4680BC704780B582B000AFAB
:1040000078604FF0FF324FF0FF317868FFF7E2FF42
:1040100000BF0837BD4680BD80B483B000AF786074
:104020007B68D3F80C3518460C37BD4680BC70470A
:1040300080B483B000AF78607B68D3F8143518463D
:104040000C37BD4680BC704780B483B000AF786049
:104050007B68D3F8083518460C37BD4680BC7047DE
:1040600080B483B000AF78607B68D3F81035184611
:104070000C37BD4680BC704780B485B000AFF86097
:10408000B9607A60FB68BA68C3F80825FB687A688B
:10409000C3F8102500BF1437BD4680BC704780B5FB
:1040A00082B000AF78604FF0FF324FF0FF31786898
:1040B000FFF7E2FF00BF0837BD4680BD80B483B084
:1040C00000AF78600B46FB70FB787A6813440122DE
:1040D0001A6000BF0C37BD4680BC704780B483B007
:1040E00000AF786039603B685A783B689B7813432F
:1040F000DBB21A463B689B8813433A6812781A432E
:104100007B68C3F86C2500BF0C37BD4680BC704788
:1041100080B483B000AF786039607B683A68C3F8D8
:10412000242500BF0C37BD4680BC704780B483B0E7
:1041300000AF786039607B683A68C3F8482500BFF3
:104140000C37BD4680BC704780B483B000AF786048
:1041500039603A687B68C3F8442500BF0C37BD4618
:1041600080BC704780B584B000AFF860B9607A60F9
:10417000B968F868FFF7E8FF7968F868FFF7D6FFD5
:1041800000BF1037BD4680BD80B483B000AF7860FB
:104190007B68D3F8443518460C37BD4680BC704761
:1041A00080B483B000AF78607B68D3F84C35184694
:1041B0000C37BD4680BC704780B483B000AF7860D8
:1041C00039607B683A68C3F8382500BF0C37BD46B4
:1041D00080BC704780B483B000AF786039603A68C3
:1041E0007B68C3F8342500BF0C37BD4680BC7047E0
:1041F00080B584B000AFF860B9607A60B968F868DB
:10420000FFF7E8FF7968F868FFF7D6FF00BF1037BF
:10421000BD4680BD80B483B000AF78607B68D3F8C2
:104220003C3518460C37BD4680BC704780B582B01F
:1042300000AF786039603B681B6919467868FFF702
:1042400067FF3B68143319467868FFF747FF3B6800
:104250009B7E83F00103DBB2002B07D03B6819681B
:104260003B685B681A467868FFF7B4FE3B681B7DC5
:10427000012B0ED13B689B7E83F00103DBB2002B48
:1042800007D03B6899683B68DB681A467868FFF797
:10429000F3FEFFF79EFD00BF0837BD4680BD80B529
:1042A00084B000AFF860B96011461A460B46FB7146
:1042B0001346BB714FF48072B968F86800F0D7F903
:1042C0004FF48272B968F86800F0D1F94FF4847243
:1042D000B968F86800F0CBF94FF48872B968F868EB
:1042E00000F0C5F94FF48E72B968F86800F0BFF9B4
:1042F0004FF49072B968F86800F0B9F94FF492720F
:10430000B968F86800F0B3F94FF4A272B968F868B8
:1043100000F0ADF94FF4A672B968F86800F0A7F99B
:104320004FF4A872B968F86800F0A1F94FF4AC72C4
:10433000B968F86800F09BF9FFF74BFDF868FFF7E4
:1043400031FD03461A46FB7919461046FDF72EFB50
:10435000F868FFF727FD03461846FDF7E7FABB7933
:10436000002B03D0B968F868FFF7C4FDFFF731FDF3
:1043700000BF1037BD4680BD80B582B000AF786009
:104380007868FFF70FFD03461846FDF7EBFAFFF7D5
:1043900020FD00BF0837BD4680BD80B582B000AFAC
:1043A00078603960FFF721FD7868FFF735FE024637
:1043B0003B681A607868FFF73BFE02463B685A602C
:1043C0007868FFF741FE02463B689A607868FFF71D
:1043D00047FE02463B68DA60FFF701FD00BF083781
:1043E000BD4680BD80B582B000AF78607868FFF7C9
:1043F00004FE7868FFF753FEFFF7EBFC00BF0837B9
:10440000BD4680BD80B582B000AF78600B467B8032
:104410007B8819467868FFF714FDFFF7DAFC00BFC8
:104420000837BD4680BD80B584B000AF78600B46CC
:104430007B80FFF7D4FC7B8819467868FFF716FD70
:104440000346FB73FFF7CBFCFB7B18461037BD46DA
:1044500080BD80B584B000AF78603960FFF7C5FCDF
:1044600039687868FFF712FDF860FFF7B8FCFB6861
:1044700018461037BD4680BD80B582B000AF786069
:10448000396039687868FFF710FDFFF7A2FC00BFBC
:104490000837BD4680BD80B582B000AF7860396016
:1044A00039687868FFF713FDFFF793FC00BF083702
:1044B000BD4680BD80B582B000AF78603960396894
:1044C0007868FFF717FDFFF784FC00BF0837BD468B
:1044D00080BD80B584B000AF78603960FFF785FC9F
:1044E00039687868FFF714FDF860FFF778FCFB681F
:1044F00018461037BD4680BD80B582B000AF7860E9
:10450000396039687868FFF712FDFFF762FC00BF79
:104510000837BD4680BD80B584B000AF7860FFF736
:1045200064FC7868FFF711FDF860FFF75EFCF9683E
:104530007868FFF716FDFFF758FCFB681846103740
:10454000BD4680BD80B582B000AF78607868FFF767
:1045500016FDFFF73EFC00BF0837BD4680BD80B5A5
:1045600082B000AF78607868FFF716FDFFF731FC86
:1045700000BF0837BD4680BD80B584B000AF78600D
:10458000FFF733FC7868FFF714FD0346FB73FFF772
:1045900026FCFB7B18461037BD4680BD80B582B037
:1045A00000AF78600B46FB70FB7819467868FFF720
:1045B00085FDFFF70EFC00BF0837BD4680BD80B506
:1045C00084B000AFF860B9607A60BB68002B06D099
:1045D0007A68B968F868FFF7C5FDFFF7FAFB00BF16
:1045E0001037BD4680BD80B584B000AF7860FFF75E
:1045F000F6FB7868FFF7C8FDF860FFF7F0FBFB6893
:1046000018461037BD4680BD80B584B000AF7860D5
:10461000FFF7E5FB7868FFF7C3FDF860FFF7DFFB06
:10462000FB6818461037BD4680BD80B584B000AF2A
:10463000F860B9607A607A68B968F868FFF7D8FD01
:10464000FFF7C7FB00BF1037BD4680BD80B584B003
:1046500000AF7860FFF7C3FB7868FFF7DBFDF86019
:10466000FFF7BDFBFB6818461037BD4680BD80B51F
:1046700084B000AFF860B9601346FB80FB88A3F5F7
:1046800080739B0801229A40BB681340002B04D022
:10469000FB881946F868FFF7D4FB00BF1037BD460A
:1046A00080BD80B584B002AF786000230193002301
:1046B00000930023012201217868FDF713FA00BF5F
:1046C0000837BD4680BD80B584B002AF78600B4628
:1046D000FB70FB7800220192002200920022002150
:1046E0007868FDF7FFF900BF0837BD4680BD80B58B
:1046F00084B002AF7860002301930023009300236D
:10470000012200217868FDF7EDF900BF0837BD46AA
:1047100080BD80B584B000AF78603B1D1846FDF7C2
:1047200093F9F8607B68012202FA03F31946F868EE
:1047300000F004F800BF1037BD4680BD80B483B0E0
:1047400000AF786039607B683A689A6000BF0C37C8
:10475000BD4680BC704780B485B000AF78607B6890
:104760005B09BB600023FB60BB68002B03D0BB6808
:10477000012B04D007E04FF0FF33FB6005E04FF65C
:10478000FF73FB6001E000230EE07B6803F01F0372
:104790007B60FA687B6822FA03F303F00103002BC5
:1047A00014BF01230023DBB218461437BD4680BC7A
:1047B000704780B485B000AF78607B681B68FB6091
:1047C000FB6803F01F027B681A60FB685B091846F0
:1047D0001437BD4680BC704780B582B000AF7860AA
:1047E0007868FFF75EFFFFF7F4FA00BF0837BD46B1
:1047F00080BD80B582B000AF78600B46FB70FB785F
:1048000019467868FFF75FFFFFF7E3FA00BF083744
:10481000BD4680BD80B582B000AF78607868FFF794
:1048200066FFFFF7D6FA00BF0837BD4680BD80B5EA
:1048300082B000AF78607868FFF76BFFFFF7C9FAC6
:1048400000BF0837BD4680BD80B586B000AF786038
:104850007B681B6803F26453FB607B681B6803F58D
:10486000AD63BB60BB681B68012B05D17B681B680F
:104870000C211846FFF792FEFB681B68012B29D11B
:104880007B681B681846FFF75DFE7B681B68042188
:104890001846FFF783FE0023FB7549F640433B6152
:1048A000FB681B68002B02D10123FB7508E0012087
:1048B000FDF7A6F83B69013B3B613B69002BEFD15B
:1048C0007B681B681846FFF726FE7B681B68184646
:1048D000FFF745FE00BF1837BD4680BD80B584B0E8
:1048E00000AF78604FF0FF317868FFF7F2FDF860B5
:1048F000F9687868FFF700FEFB6818461037BD4678
:1049000080BD80B582B000AF786039603968786862
:10491000FFF7D0FD00BF0837BD4680BD80B582B02F
:1049200000AF78600B46FB704FF4AC717868FFF70E
:104930007AFD0346002B0DD1FB7883F00103DBB237
:10494000002B09D04FF490717868FFF76CFD034697
:10495000002B01D0012300E0002303F00103DBB2B0
:1049600018460837BD4680BD80B584B000AF78607A
:104970004FF4A6717868FFF756FD0346002B3AD036
:104980007868FFF7DFFD04217868FFF707FE002352
:10499000FB736423BB604FF4A2717868FFF743FD9B
:1049A0000346002B07D14FF492717868FFF73BFD67
:1049B0000346002B02D00123FB7308E00A20FDF719
:1049C0001FF8BB68013BBB60BB68002BE3D14FF411
:1049D000A6717868FFF716FD4FF488717868FFF7C5
:1049E00011FD4FF4A2717868FFF70CFD7868FFF7AE
:1049F000B6FDFB7B00E0012318461037BD4680BDA5
:104A000080B586B000AF78600B46FB700023FB7367
:104A10007868FFF797FD07F10F03002219467868C1
:104A2000FFF7CDFD08217868FFF7B8FD0C21786805
:104A3000FFF7B4FD0023FB750A233B610121786871
:104A4000FFF76CFF0346002B02D00123FB7508E043
:104A50000120FCF7D5FF3B69013B3B613B69002B23
:104A6000ECD1FB7D83F00103DBB2002B01D00023EE
:104A700008E04FF490717868FFF7C4FC7868FFF79E
:104A80006EFD012318461837BD4680BD80B584B041
:104A900000AFF860B9607A60FB707A68B968F8684E
:104AA000FFF78DFD4FF49071F868FFF7ABFC4FF402
:104AB000AC71F868FFF7A6FC4FF4A871F868FFF72F
:104AC000A1FCF868FFF73EFDFB78002B04D04FF403
:104AD0008001F868FFF7EEFC0821F868FFF75EFD3B
:104AE00000BF1037BD4680BD80B483B000AF786092
:104AF0007B68DB6C1B0B03F00103002B14BF01234D
:104B00000023DBB218460C37BD4680BC704780B529
:104B100082B000AF786039604FF4AC717868FFF70D
:104B200082FC0346002B0BD03868FFF7DDFF0346FD
:104B300083F00103DBB2002B02D07868FFF70FFD92
:104B400000BF0837BD4680BD80B584B000AF786037
:104B500039603B68DB6C03F00103002B14BF0123B9
:104B60000023BB730123FB7300BFBB7B194678682E
:104B7000FFF7D4FE034683F00103DBB2002BF4D130
:104B8000FEF7CEF8BB7B83F00103DBB2002B1AD01B
:104B90004FF490717868FFF746FC0346002B0FD066
:104BA0000C217868FFF7FAFC00BF01217868FFF755
:104BB000B5FE034683F00103DBB2002BF5D10FE015
:104BC0000023FB730CE04FF4AC717868FFF72BFC0B
:104BD000034683F00103DBB2002B01D00023FB73FB
:104BE000FB7B002B03D039687868FFF790FFFEF756
:104BF000A7F800BF1037BD4680BD80B588B000AFB4
:104C0000F860B9601346FB71BB68DB6C03F001030D
:104C1000002B14BF01230023DBB21946F868FFF70D
:104C20007DFE034683F00103DBB2002B0DD0BB6891
:104C3000DB6C43F004031A46BB68DA644FF480016E
:104C4000F868FFF737FC00232FE0FB79002B1BD01F
:104C5000BB68DA6ABB681B6CD21ABB68DB6B934219
:104C600028BF13467B61BB68986BBB689A6ABB68B8
:104C70001B6C13447A69194606F075FABB689B6B86
:104C8000FB617B69BB6105E0BB689B6AFB61BB683C
:104C9000DB6ABB61BB684FF0FF325A640123BA691B
:104CA000F969F868FFF7F2FE012318462037BD4680
:104CB00080BD80B586B000AF78600B46FB7007F111
:104CC000080300221A605A609A60DA60FB783B722F
:104CD0007B685B687A68116807F10802104698479C
:104CE00000BF1837BD4680BD80B586B000AF786084
:104CF000396007F1080300221A605A609A60DA608E
:104D000004233B723B68FB607B685B687A681168D0
:104D100007F108021046984700BF1837BD4680BD0E
:104D200080B588B000AFF860B9607A6007F1100311
:104D300000221A605A609A60DA6001233B74BB68F3
:104D40007B617B68BB61FB685B68FA68116807F18F
:104D500010021046984700BF2037BD4680BD80B482
:104D600083B000AF78607B684C33D3E8EF1F21F449
:104D70007F0121F47041C3E8E21F002AF5D100BF92
:104D80000C37BD4680BC704780B582B000AF7860FC
:104D90004FF4AC717868FFF746FB034683F00103DC
:104DA000DBB2002B07D14FF480017868FFF791FB4D
:104DB0000346002B01D0012300E0002303F0010390
:104DC000DBB218460837BD4680BD80B582B000AF63
:104DD0007860FDF7A5FF7868FFF7D6FF034683F0FC
:104DE0000103DBB2002B02D07868FFF7B8FBFDF7B8
:104DF000A7FF00BF0837BD4680BD80B58CB000AFAF
:104E0000F860B9607A60FB70002387F82F30FB6888
:104E10001B6ABB6297F82F3083F00103DBB2002BD3
:104E200005D07A68B968F868FFF77AFF49E0BB6A8D
:104E30001B68002B44D0BB6A1A68BB6A9B6A134488
:104E40007A68B968184606F08EF9BB6A9A6A7B6878
:104E50001A44BB6A9A62BB6A5A68BB6A9B6A9A42E6
:104E60000CBF0123002387F8273097F82730002B49
:104E700002D1FB78002B24D0BB6A1B683B62BB6A63
:104E80009B6AFB61BB6A00229A62BA6ABB6A0833FA
:104E900093E8030082E80300BB6A00229A60BB6AC1
:104EA0000022DA60BB6A5B68002B03D0BB6A012278
:104EB00083F82D20FA69396AF868FFF731FF00E0BE
:104EC00000BF3037BD4680BD80B586B000AF78608A
:104ED00039603B68DB69002B01D101236EE03B6840
:104EE000DA693B68DB689A424DD33B689B687B611B
:104EF0003B68DB683B613B6800229A603B680022AC
:104F0000DA603B689B693A691946786906F02BF9C3
:104F10003B68DA693B69D21A3B68DA613B68986999
:104F20003B689A693B69D1183B68DB691A4606F011
:104F3000FFF83B685B68002B23D03B68DB6C03F415
:104F40000053002B14BF01230023FB73FB7B002BBA
:104F500009D03B684C33D3E8EF1F41F48021C3E80C
:104F6000E21F002AF7D100233A6979693868FFF710
:104F700044FFFB7B002B04D0002239687868FDF7E2
:104F8000A3FA00231AE03B6898683B6899693B687C
:104F9000DB691A4606F0E7F83B68DA693B685A6253
:104FA0003B680022DA613B684C33D3E8EF1F41F4E1
:104FB0000021C3E8E21F002AF7D101231846183761
:104FC000BD4680BD80B582B000AF786039603B6877
:104FD000DB6C03F40043002B03D13B680022DA6151
:104FE0003AE04FF4A6717868FFF70CFA3B689B69CA
:104FF000052219467868FFF718FB4FF48871786826
:10500000FFF700FA2C217868FFF7C8FA00BF4FF4C9
:1050100088717868FFF707FA034683F00103DBB273
:10502000002BF4D14FF488717868FFF7EBF94FF457
:10503000A6717868FFF7F7F90346002B04D078686B
:10504000FFF704FB034600E000233A68D3614FF406
:10505000A6717868FFF7D6F90837BD4680BD80B5E0
:1050600082B000AF7860396000BF4FF4A2717868F9
:10507000FFF7D9F9034683F00103DBB2002BF4D12B
:105080004FF4A6717868FFF7BDF94FF4887178681E
:10509000FFF7B8F94FF4A2717868FFF7B3F93968F0
:1050A0007868FFF78FFF7868FFF78FFE3B68002274
:1050B0009A603B6800221A613868FFF750FE00BF13
:1050C0000837BD4680BD80B489B000AF78603960D4
:1050D0007B681B68FB610023FB763B685B6803F021
:1050E0001F03002B01D0012354E0FB691B681B0A3E
:1050F000DBB27B613B681B687A699A4201D8012365
:1051000048E0FB695B683B61FB6900225A603B68D1
:105110001B68DAB2FB699A603B685B6823F01F0387
:10512000FB603B689B7CDB0003F01803FA681343C9
:10513000FB603B685B7C5B0003F00603FA6813438B
:10514000FB603B681B7C03F00103FA681343FB60C0
:10515000FB69FA68DA603B689B68013B23F01F0338
:10516000BB603B68DB685B0003F00E03BA68134367
:10517000BB60BB6843F00103BB60FB69BA681A619E
:10518000FB693A695A60BFF34F8F00BFBFF36F8F5F
:1051900000BFFB7E18462437BD4680BC704780B4F4
:1051A00087B000AF786039607B681B687B61002343
:1051B000FB747B695B68FB607B6900225A603B681B
:1051C000DAB27B699A607B690022DA607B6900222F
:1051D0001A617B69FA685A60FB7C18461C37BD4629
:1051E00080BC704780B586B000AF78607B681B6874
:1051F0003B613B691B681B0ADBB2FB6000237B61E0
:1052000006E079697868FFF7CAFF7B6901337B6143
:105210007A69FB689A42F4D3002318461837BD46D2
:1052200080BD80B483B000AF78607B681B6800BF2E
:105230000C37BD4680BC704780B483B000AF786047
:1052400039607A683B6813441B68002B14BF012344
:105250000023DBB218460C37BD4680BC704780B5D2
:1052600082B000AF78600B467B807B887A681344FD
:1052700000221A607B887A6813441846FFF7D1FF32
:1052800000BF0837BD4680BD80B582B000AF7860F2
:105290000B467B807B8819467868FFF7CDFF034675
:1052A00018460837BD4680BD80B483B000AF786033
:1052B00039607B683A68C3F8042300BF0C37BD46E9
:1052C00080BC704780B485B000AF78600B46FB703F
:1052D0000023FB73FB7B18461437BD4680BC704728
:1052E00080B483B000AF78607B689B0318460C37AE
:1052F000BD4680BC704780B483B000AF78607B68E7
:1053000001339B03013B18460C37BD4680BC7047F8
:1053100080B400AF00231846BD4680BC704780B4FF
:1053200000AF3F231846BD4680BC704780B400AF35
:105330004FF480431846BD4680BC704780B483B0AC
:1053400000AF78607B6803F57F43C0335B0318468A
:105350000C37BD4680BC704780B483B000AF786026
:105360007B6803F57F43C1335B03013B18460C3771
:10537000BD4680BC704780B400AF40231846BD4690
:1053800080BC704780B400AF7F231846BD4680BC08
:10539000704780B400AF4FF400531846BD4680BC40
:1053A000704780B582B000AF00237B6003F062FFDE
:1053B00078607B68002B02D045F2235300E0002385
:1053C00018460837BD4680BD80B500AF03210120D7
:1053D000FEF7C0F800BF80BD80B582B000AF02F01C
:1053E000CAFD78607B68002B01D07B680CE0FFF77A
:1053F000D8FF78607B68002B01D07B6804E0FEF763
:105400008BF8FFF7E1FF002318460837BD4680BD43
:1054100080B400AF00231846BD4680BC704780B5FD
:1054200000AFFEF793F972B600BF20BFFDE780B46E
:1054300083B000AF78607B68002B02D14AF2C5339D
:1054400003E07B6800221A70002318460C37BD4623
:1054500080BC704780B400AF00231846BD4680BCB6
:10546000704780B400AF00BFBD4680BC704780B4B9
:1054700083B000AF78607B689B0903F00103002BC9
:1054800014BF01230023DBB218460C37BD4680BC95
:10549000704780B500AFFEF78DF980B588B000AFDA
:1054A000786039602623FB612323BB6101237B6184
:1054B0007B685B68082B03D13B685B68042B01D0D9
:1054C00002233CE07B681B683B613B681B68FB6018
:1054D000FB684FF0FF321A603B691B68002B03D05A
:1054E0003B695B68002B01D1022328E03B691B6804
:1054F0001946FB697422786902F09CFCB860BB68AD
:10550000002B01D002231AE03B695B681946BB6996
:105510000422786902F08EFCB860BB68002B01D0D1
:1055200002230CE03B691A683B695B681946104628
:10553000FEF744F803461A46FB681A600023184633
:105540002037BD4680BD80B584B000AF78600B4683
:10555000FB703B1D1846FEF777F9F8607A68FB6828
:10556000803253F8223023F0E043BB60FB78190708
:105570007A68BB681943FB68803243F8221000BF89
:105580001037BD4680BD80B485B000AF78607B68C1
:105590005B09BB600023FB60BB68002B03D0BB68CA
:1055A000012B04D007E04FF0FF33FB6005E04FF61E
:1055B000FF73FB6001E000230EE07B6803F01F0334
:1055C0007B60FA687B6822FA03F303F00103002B87
:1055D00014BF01230023DBB218461437BD4680BC3C
:1055E000704780B485B000AF78607B681B68FB6053
:1055F000FB6803F01F027B681A60FB685B091846B2
:105600001437BD4680BC704780B483B000AF78606B
:105610007B68072B8CBF01230023DBB2002B0ED14C
:105620008B227B6822FA03F303F00103002B14BFE3
:1056300001230023DBB2002B01D0012300E0002373
:1056400018460C37BD4680BC704780B582B000AFAD
:1056500078607B685B681846FFF795FF0346002B70
:1056600012D07B689B681846FFF7CEFF0346002BDD
:105670000AD07B685A687B689B68DBB21946104683
:10568000FFF761FF002301E04FF0FF3318460837B2
:10569000BD4680BD80B584B000AF786039607B685E
:1056A0005B680C2B03D13B685B68042B01D00223A1
:1056B00017E07B681B68FB603B681B68BB60BB68CE
:1056C0004FF0FF321A60FB681B68002B08D1F868A6
:1056D000FFF7BBFF0246BB681A6000BF002300E073
:1056E000032318461037BD4680BD000080B485B046
:1056F00000AF786039600B23FB60FB685A1EFA60CC
:105700001A463B6813440A221A70FB685A1EFA6054
:105710001A463B6813440D221A700EE07B6803F0B2
:105720000F02FB6839680B4410498A5C1A70FB68E9
:10573000013BFB607B681B097B60FB68012BEDDC98
:10574000FB685A1EFA601A463B68134478221A70A6
:10575000FB685A1EFA601A463B68134430221A70DE
:1057600000BF1437BD4680BC704700BFE88400000E
:1057700080B584B000AF43F65C23FB604FF0FF338D
:10578000BB60234802F065FAB860BB68002B02D00A
:105790006FF0FC0337E0FFF71FFEB860BB68002B1B
:1057A00002D06FF0FC032EE021211A48FEF741FAE7
:1057B000FFF72EFEF860FB68002B02D06FF0FC03B1
:1057C00021E0FB1D1846FFF732FEF860FB68002B56
:1057D00002D06FF0FC0316E0FB79002B08D0FFF736
:1057E00039FEF860FB68002B02D06FF0FC030AE082
:1057F000FFF737FE02F027FA35210748FEF719FABE
:1058000001F0A8FD002318461037BD4680BD00BF3B
:10581000F02A0020F88400001C85000080B582B0CA
:1058200000AF4FF0FF337B600A4B184601F015FFC5
:10583000FFF79EFF78607B68002B01D001F0D6FE59
:1058400001F00CF800F0E2F9002318460837BD46D5
:1058500080BD00BF0004002080B485B000AF786038
:105860000023FB60134B5B68BB601AE0BB681B68DE
:105870005B687A689A420FD1FB68002B0AD0BB683C
:105880009A68FB689A600B4B5A68BB689A60094A31
:10589000BB685360BB6808E0BB68FB60FB689B6843
:1058A000BB60BB68002BE1D1002318461437BD460E
:1058B00080BC7047F42A002080B582B000AF7860C9
:1058C00039607B68002B0DD108211A48FEF7B1F929
:1058D0001D211948FEF7ADF99B220221174801F05E
:1058E0008BFEFEE77B681B689B6803F48063002BDC
:1058F00003D0B3F5806F09D011E07B681B68DB68CB
:105900003A689A420ED96FF0FA030FE07B681B6881
:10591000DB683A689A4207D06FF0FA0306E06FF04E
:10592000FA0303E000BF00E000BF00231846083779
:10593000BD4680BD54850000608500005C85000088
:1059400080B588B000AFF860B9601346FB710023E2
:10595000BB61BB68002B0DD108212548FEF769F912
:105960001C212448FEF765F9B6220221224801F0E5
:1059700043FEFEE7FB79002B09D0BB681B689B68E0
:1059800003F48073002B2DD16FF0FC032BE01B4B35
:105990001B68BB61BB69002B01D101F027FEBB690D
:1059A0001B6838337B610023FB610AE0FB699B00C5
:1059B0007A6913441B68FA689A4209D0FB6901337B
:1059C000FB61BB691B689A69FB699A42EED800E0EB
:1059D00000BFBB691B689A69FB699A4202D16FF0EC
:1059E000FC0300E0002318462037BD4680BD00BF01
:1059F00054850000808500005C850000842B002019
:105A000080B58CB000AFF860B9607A6000237B612C
:105A100000F0E0F8034687F82F30FB68002B0DD12B
:105A200008213348FEF705F918213248FEF701F93D
:105A3000DB220221304801F0DFFDFEE7BB68002BCE
:105A400002D16FF080034FE0BB6803F08043002B6E
:105A500048D0BB6803F01F03BB62284ABB6A52F8F8
:105A600023307B627B6A002B02D16FF080033BE026
:105A70007B6A1B685B683B6297F82F301A46796A2D
:105A8000386AFFF75DFF0346002B02D06FF08103F9
:105A90002AE0BB681B12DBB2FB61F969786AFFF789
:105AA0000BFF0346002B02D06FF080031CE001F0D7
:105AB000E3FD03467B6102F0B5F8B8617B691846E7
:105AC00001F0E7FDBB69002B02D16FF082030BE010
:105AD0007A68796AB86900F013F8FB68BA691A60E5
:105AE000002301E06FF0800318463037BD4680BDCB
:105AF000548500009C8500005C850000FC2A002085
:105B000080B584B000AFF860B9607A60FB68002BA4
:105B10000ED108211E48FEF78CF819211D48FEF70A
:105B200088F84FF4A47202211B4801F065FDFEE7DE
:105B3000BB68002B0ED108211548FEF77AF8192111
:105B40001448FEF776F840F249120221124801F09B
:105B500053FDFEE7FB680C3330220021184605F0A8
:105B600048FBFB68BA689A600C4B1A68FB685A607D
:105B7000FB687A685A61F86802F02FF80246FB6801
:105B80001A61FB6800221A6000BF1037BD4680BD55
:105B900054850000B48500005C850000842B002043
:105BA00080B483B000AF0A4B1B687B607B68002B1E
:105BB00007D07B681B68002B03D07B681B685B6881
:105BC00000E0002318460C37BD4680BC704700BF7C
:105BD000842B002080B582B000AF0B4B1B687B602C
:105BE0007B68002B01D101F001FD7B681B689B687D
:105BF00003F44063002B14BF01230023DBB21846DB
:105C00000837BD4680BD00BF842B002080B584B01E
:105C100000AF4FF0FF33FB6001F0FEFF194B002295
:105C20005A60194B00225A6000F07EFD154800F0C2
:105C300073F8B860BB68002B1CD08023134A12494C
:105C4000B86801F070FD7860B86801F010FEBB68BC
:105C50001A68BB6804331946104600F04BFEF86022
:105C6000FB68002B01D001F0C1FC7968B86800F036
:105C700093FCDBE700BF00F0BDFC0346184610377D
:105C8000BD4680BD7C2B0020F42A0020FC2A002089
:105C900080B582B000AF0A4B1B687B60084B1B6865
:105CA0002033074A1360064B1A68064B1B689A425A
:105CB00001D901F09BFC7B6818460837BD4680BDC2
:105CC000F4210020F821002080B584B000AF786076
:105CD0000F4B1B68FB607B68002B01D1002313E096
:105CE0007A6813465B0013449B001A46084B1B68F6
:105CF0001344074A1360064B1A68064B1B689A4206
:105D000001D901F073FCFB6818461037BD4680BD11
:105D1000FC2100200022002080B586B000AF786012
:105D20007B68002B01D101F061FC624B1B6813F111
:105D3000310F07D85F4B1B6803F130025E4B1B68C5
:105D40009A4201D30023B1E05A4B1B683B61594B87
:105D50001B68D9433B6998693B69DA6913469B0024
:105D6000134418443B691A6A13465B0013441844F1
:105D70003B695A6A1346DB009B1A03440E339B00AF
:105D800099421CD33B6999693B69DA6913469B00C8
:105D9000134419443B691A6A13465B0013441944BF
:105DA0003B695A6A1346DB009B1A0B440E339A0078
:105DB000404B1B681A44404B1B689A4201D901F0C2
:105DC00015FC3B691B681B0C1B043C4A934201D029
:105DD00001F00CFC3B691B689BB2B3F5817F01D3DA
:105DE00001F004FC3B695B68002B01DA01F0FEFB6B
:105DF0003B699A6A3B69DB6A9A4201DD01F0F6FB76
:105E00003B699B6803F44063002B26D07B685B688A
:105E10007B611FE07B691B689B6803F44063002B78
:105E200014D07B691B689B6AFB607B691B68DB6A1B
:105E3000BB603B69DB6AFA689A4208DC3B699B6A93
:105E4000BA689A4203DB01F0D1FB00E000BF7B6936
:105E5000DB697B617B69002BDCD1FFF719FF78617F
:105E60007B693A691A603B6999693B69DA6913464B
:105E70009B00134419443B691A6A13465B001344A0
:105E800019443B695A6A1346DB009B1A0B440E33D4
:105E90009A00084B1B681344064A13607B685A68D3
:105EA0007B69DA617B687A695A607B6918461837C2
:105EB000BD4680BDEC210020F021002000005F5F86
:105EC00080B584B000AF78600023FB6034E07A686E
:105ED000FB680A339B0013445B68002B28D07B6867
:105EE000DA6FFB68DB0013441A687968FB681633C5
:105EF0009B000B445B689A420DD008211248FDF7C5
:105F000098FE19211148FDF794FED1220221104874
:105F100001F072FBFEE77B68DA6FFB68DB001A4476
:105F20007968FB681A339B000B445B68536000E0A0
:105F300000BFFB680133FB60FB68032BC7D900BFC0
:105F400000BF1037BD4680BDD0850000DC85000055
:105F5000D885000080B59CB000AFF860B9607A6069
:105F60003B604FF0FF333B6600237B66BB681B0E34
:105F700003F00703FB65BB681B0C03F00703BB655D
:105F8000984B1B687B65BB681BB23B653B6D002B68
:105F900002DA6FF0800351E1FB683A6DDA60BB68AA
:105FA0001BB21A46BB68934201D1002346E1BB6D88
:105FB000DB43FA6D9A4204D8FA6DBB6D1344042B8F
:105FC00002D96FF0800339E1BB68002B01DA20238E
:105FD0007B667B6D58687968FB6DDA007B6E43F0F9
:105FE000020301F027FF38663B6E002B02D06FF0F2
:105FF000800323E107F1300320220021184605F039
:10600000F8F8FB6DDA0007F130037968184605F0FF
:10601000AAF87B6D58683968BB6DDA007B6E43F077
:10602000060301F007FF38663B6E002B02D06FF0CD
:10603000800303E107F1100320220021184605F038
:10604000D8F8BB6DDA0007F110033968184605F07F
:106050008AF80023FB663AE0FB6E0133BB662FE053
:10606000BB6EDB0070333B4453F8402CBB6EDB004F
:1060700070333B4453F83C3C1A44FB6EDB007033F6
:106080003B4453F8403C9A4217D9BB6EDB00703357
:106090003B4453F8402CFB6EDB0070333B4453F819
:1060A000401CFB6EDB0070333B4453F83C3C0B441C
:1060B0009A4202D26FF08003C0E0BB6E0133BB6630
:1060C000BB6EFA6D9A42CBD8FB6E0133FB66FB6E5A
:1060D00001331A46FB6D9342BED8BB6803F00063E0
:1060E000002B01D020237B66FB681C33102200218B
:1060F000184605F07EF8FB682C3310220021184664
:1061000005F077F80023FB663CE07B6D5868FB6E7A
:10611000DB0070333B4453F8403C1946FB6EDB0018
:1061200070333B4453F83C2C7B6E43F0020301F088
:1061300081FE38663B6E002B02D06FF080037DE05D
:10614000FB6EDB0070333B4453F83C2CF968FB6E6C
:1061500006339B000B445A60FB6EDB0070333B44FC
:1061600053F8402CF968FB6E0E339B000B445A60C9
:10617000FA68FB6E12339B00134400225A60FB6ED8
:106180000133FB66FB6EFA6D9A42BED87B6E202B04
:1061900009D1BB68002B06DBBB6803F40023002B8E
:1061A00001D100237B660023FB663FE07B6D5868CE
:1061B000FB6EDB0070333B4453F8603C1946FB6ECA
:1061C000DB0070333B4453F85C2C7B6E43F00603DA
:1061D00001F030FE38663B6E002B05D06FF0800377
:1061E0002CE000BF842B0020FB6EDB0070333B44AF
:1061F00053F85C2CF968FB6E0A339B000B445A6021
:10620000FB6EDB0070333B4453F8602CF968FB6E87
:1062100016339B000B445A60FA68FB6E1A339B00DE
:10622000134400225A60FB6E0133FB66FB6EBA6DAD
:106230009A42BBD8FB683A68DA6700231846703781
:10624000BD4680BD80B58AB000AFF860B9607A60A5
:106250003B6000237B62324B1B683B624FF0FF3395
:10626000FB61F86801F021FA78627B6A002B01D1AA
:1062700001F0BCF97B6ADB68002B01DA01F0B6F9AA
:10628000BB68032B01D901F0B1F97A6ABB68063308
:106290009B0013445A68796ABB6812339B000B4415
:1062A0005B68D31ABB61BB69002B01D1002333E0CB
:1062B0003B6A5868796806233A6801F0BBFDF861CB
:1062C000FB69002B01D001F091F9BA693B68934258
:1062D00028BF13467B617A6ABB680E339B00134468
:1062E0005A68796ABB6812339B000B445B6813449D
:1062F0007A691946786804F036FF7A6ABB68123307
:106300009B0013445A687B691A44796ABB6812334C
:106310009B000B445A607B6918462837BD4680BDF8
:10632000842B002080B588B000AFF860B9607A6037
:106330003B600023FB612F4B1B68BB614FF0FF33B9
:106340007B61F86801F0B1F9F861FB69002B01D1BC
:1063500001F04CF9FB69DB68002B01DA01F046F92A
:10636000BB68032B01D901F041F9FA69BB680A3314
:106370009B0013445A68F969BB681A339B000B44AD
:106380005B68D31A3A689A4201D901F02FF9BB69C8
:106390005868796802233A6801F04CFD78617B699E
:1063A000002B01D001F022F9FA69BB6816339B007B
:1063B00013445A68F969BB681A339B000B445B6845
:1063C00013443A687968184604F0CDFEFA69BB6850
:1063D0001A339B0013445A683B681A44F969BB6836
:1063E0001A339B000B445A60002318462037BD46E1
:1063F00080BD00BF842B002080B582B000AF7860E4
:106400007B6803F00703002B0DD008210E48FDF731
:1064100010FC17210D48FDF70CFC942202210C48BA
:1064200001F0EAF8FEE77B68083B7B607B68094A7D
:106430001A607B6804331A46064B13607B68184663
:106440000837BD4680BD00BFF885000018860000F3
:1064500000860000A5EDF5FE80B584B000AF786041
:106460007B68002B0DD07B689B68002B09D07B6874
:106470009B681B68002B04D07B689B685B68002BC3
:1064800002D16FF080032CE07B689B685B68FB6047
:10649000FB687A689A61154AFB681360FB685B6960
:1064A000002B13D1FB681B68DB68002B0BD0FB684B
:1064B0001B68DB6800209847B860BB68002B02DAD5
:1064C0006FF080030DE0FB6801225A617B689B68D6
:1064D0001B681B691A467B680C3318469047B860E6
:1064E000BB6818461037BD4680BD00BF842B002016
:1064F00080B483B000AF786039607B685B68044A21
:1065000013603B6818460C37BD4680BC704700BF1F
:10651000842B002080B586B000AF78601C4B1B68D0
:106520003B611C4B5B687B6127E07B691B689B6858
:1065300003F40073002B1AD17B695B69012B18D01F
:10654000134A7B6913607B691B68DB68002B0AD0E8
:106550007B691B68DB6800209847F860FB68002BAC
:1065600001DA01F043F87B6901225A6102E000BFC1
:1065700000E000BF7B69DB697B617B69002BD4D1C4
:10658000034A3B6913607B6818461837BD4680BDD7
:10659000842B00207C2B002080B584B000AF786075
:1065A00039607B681B68FB607B6800229A617B68AE
:1065B00000225A61FB689B6803F44063002B12D0F1
:1065C000FB689B6803F40063002B09D07B681B68A1
:1065D0009A6A7B681B68DB6A1946104600F060F80F
:1065E000034A7B68136000BF1037BD4680BD00BF03
:1065F000842B002080B586B000AF234B1B687B61E5
:106600007B69002B0DD108212048FDF712FB1321D7
:106610001F48FDF70EFB9C2202211E4800F0ECFFF4
:10662000FEE77B691B683B613B699B6803F4406341
:10663000002B01D100F0DAFF00F0DAFA0346FB602C
:106640003B6930331A683B691B69134423F0070325
:106650001846FFF7D1FEB8603B6930331B6807333B
:1066600023F007037B607968B86801F04EFA0A49A5
:106670003B69DA68094BF86801F042FD00231846CF
:106680001837BD4680BD00BF842B0020F885000070
:10669000048600000086000015650000F80B00204D
:1066A00080B483B000AF78603960054A7B681360BE
:1066B000034A3B68536000BF0C37BD4680BC70473F
:1066C000882B002080B487B000AF786039603B68C9
:1066D000002B02D14FF0FF331EE07B68002B02DB62
:1066E0004FF0FF3318E00F4B1B687B610D4B5B686D
:1066F0003B617A693B69D31A013BFB607A68FB68AE
:106700009A4202DA4FF0FF3306E03B695A1C7B687D
:106710001A443B681A60002318461C37BD4680BCEB
:10672000704700BF882B002090B583B000AF084CA5
:1067300000F048FA0346A36000F04EFA03467B607F
:106740007B6883F3888800BF00BF0C37BD4690BDCF
:1067500000ED02E080B582B000AF78607B68002B6E
:106760000DD108210A48FDF764FA14210948FDF704
:1067700060FA61220221084800F03EFFFEE77B68D4
:1067800003221A6001F01AFA00BF0837BD4680BD27
:10679000308600003C8600003886000080B483B05C
:1067A00000AF03463960FB7197F90730002B0ADB15
:1067B0003B68DAB20C4997F907305201D2B20B4468
:1067C00083F800230AE03B68DAB20849FB7903F05A
:1067D0000F03043B5201D2B20B441A7600BF0C37B0
:1067E000BD4680BC704700BF00E100E000ED00E066
:1067F000EFF308807146EFF30982EFF30B830CB4DB
:1068000006B400F08DFE8646009900F0080001F005
:106810000801401A02DC12DB04B070471EF02003AE
:106820001CBF2DE9F00FBDF1080D0B4C2546264687
:106830002746A046A146A246A34630B4704704B0FE
:1068400030BC1EF020031CBF1DF1080DBDE8F00F89
:1068500004B0704700BF0000A5EDF5FE80B584B020
:1068600000AF174BFB60FB68DB68BB60BB68DB43BA
:106870001B0C1B047B60BB689AB27B68134343F418
:106880008042FB68DA6000216FF00B00FFF786FFA3
:1068900000216FF00A00FFF781FF00216FF0080070
:1068A000FFF77CFF00216FF00400FFF777FF032163
:1068B0006FF00100FFF772FF00BF1037BD4680BDCB
:1068C00000ED00E0009A0A4B9A420FD1012290435A
:1068D00001460246034604460546064607468046EC
:1068E000814682468346844686460447FEE700BFCB
:1068F000A5EDF5FE80B590B000AF786039607B689B
:10690000002B02D03B68002B02D143F6DA33AFE014
:1069100000233B63012387F82F307B689B6803F4D7
:106920004063002B14BF0123002387F82E3097F813
:106930002F305B0003F002033B6397F82E303A6B75
:1069400013433B633B683A6B1A600023FB6388E0A8
:106950007B689B699A007B68D1187B68DA6913466B
:106960009B0013449B000B443833BB62FA6B134605
:106970005B0013449B001A46BB6A13449B6803F0F8
:106980000803002B67D0002387F83B3000237B638C
:1069900015E0394A7B6B52F82310FA6B13465B0003
:1069A00013449B001A46BB6A13441B68994203D1E7
:1069B000012387F83B3005E07B6B01337B637B6B06
:1069C000012BE6D997F83B3083F00103DBB2002BB3
:1069D00002D043F6DA334BE0FA6B13465B00134404
:1069E0009B001A46BB6A13441B687B627B6A1B6868
:1069F000002B32D07B6A1B6801211846FCF7F4FC9F
:106A000097F82F3083F00103DBB2002B26D01B4B0D
:106A10001B685A1C19490A60FB607B6A1B683B6152
:106A20007B6A5B687B610023BB6101237B7700236A
:106A3000BB7701233B7707F10C0319461048FEF79B
:106A400042FB034687F8233097F82330002B05D00C
:106A500043F6DA330CE000BF00E000BFFB6B01330C
:106A6000FB637B681B6AFA6B9A42FFF471AF0023E9
:106A700018464037BD4680BD50860000902B002050
:106A80000422002080B586B000AF4548FEF7AAFB7F
:106A9000444B1B685A1C43490A603B60424BDB680D
:106AA0007B60414B1B69BB600123FB6003237B744C
:106AB0000023BB7400233B743B4619463848FEF75D
:106AC00002FB0346FB75FB7D002B02D043F6DA3355
:106AD00062E0344B1B685A1C32490A603B60334BFE
:106AE0007B60334BBB600123FB6003237B7400237B
:106AF000BB7400233B743B4619462948FEF7E3FA72
:106B00000346FB75FB7D002B02D043F6DA3343E0EE
:106B1000244B1B685A1C23490A603B60254B7B6051
:106B2000254BBB600123FB6003237B740023BB74F4
:106B300000233B743B4619461948FEF7C4FA034646
:106B4000FB75FB7D002B02D043F6DA3324E0154BB6
:106B50001B685A1C13490A603B60184B7B60184B3A
:106B6000BB600223FB6001237B740023BB74012301
:106B70003B743B4619460A48FEF7A5FA0346FB75E7
:106B8000FB7D002B02D043F6DA3305E00122012120
:106B90000348FCF7FFF8002318461837BD4680BDB0
:106BA00004220020902B002058860000008800005E
:106BB00000B70000A0080000A0080000001C002092
:106BC000201C002080B400AF024B1B681846BD4655
:106BD00080BC70475886000080B400AF034B1B6830
:106BE0001B681846BD4680BC704700BF5886000031
:106BF00080B400AF034B1B6804331B681846BD46C6
:106C000080BC70475886000080B483B000AF034654
:106C1000FB7197F90730002B0CDBFB7903F01F02A7
:106C2000074997F907305B09012000FA02F2603347
:106C300041F8232000BF0C37BD4680BC704700BF21
:106C400000E100E080B500AFFCF748FCFCF78EFAED
:106C5000064B5B68DBB2103BDBB25BB21846FFF75A
:106C6000D3FF00F0C3FC00BF80BD00BF00ED00E01B
:106C700080B483B000AF03463960FB7197F90730E9
:106C8000002B0ADB3B68DAB20C4997F90730520156
:106C9000D2B20B4483F800230AE03B68DAB2084919
:106CA000FB7903F00F03043B5201D2B20B441A7676
:106CB00000BF0C37BD4680BC704700BF00E100E05C
:106CC00000ED00E080B500AF00216FF00800FFF795
:106CD000CFFF044B5B6A034A43F4702353620023E3
:106CE000184680BD00ED00E080B483B000AF094BD2
:106CF000DB687B607B689BB27B607A68064B1343E2
:106D00007B60044A7B68D360002318460C37BD467D
:106D100080BC704700ED00E00800FA0580B483B045
:106D200000AF0346FB7197F90730002B0BDBFB79B3
:106D300003F01F02064997F907305B09012000FAAA
:106D400002F241F8232000BF0C37BD4680BC7047DB
:106D500000E100E080B483B000AF0346FB7197F917
:106D60000730002B0CDBFB7903F01F02074997F972
:106D700007305B09012000FA02F2603341F823205A
:106D800000BF0C37BD4680BC704700BF00E100E08B
:106D900080B483B000AF0346FB7197F90730002B36
:106DA00024DB154A97F907305B09A03352F823100A
:106DB000FB7903F01F03012202FA03F3DA430E48C2
:106DC00097F907305B090A40A03340F823200A4AAC
:106DD00097F907305B09A03352F82320FB7903F0C1
:106DE0001F0322FA03F303F0010300E00023184617
:106DF0000C37BD4680BC704700E100E080B400AFB6
:106E0000044B1B68034A23F00103136000BFBD4617
:106E100080BC7047D0ED00E080B584B000AFF86072
:106E20007A601A460B46FB721346BB72FB7AFA680D
:106E30009033DB0013445B6803F00103002B0ED09A
:106E400008211148FCF7F5FE18211048FCF7F1FE67
:106E500040F2913202210E4800F0CEFBFEE7FA7AB2
:106E6000FB689032796843F83210BB7A002B06D069
:106E7000FB7AFA689033DB00134401225A6000BFAA
:106E80001037BD4680BD00BF6C86000078860000CC
:106E90007486000080B584B000AFF8607A601A464E
:106EA0000B46FB721346BB72FB7AFA689833DB0021
:106EB00013445B6803F00103002B0ED00821114836
:106EC000FCF7B7FE18211048FCF7B3FE4FF46872C8
:106ED00002210E4800F090FBFEE7FA7AFB68983238
:106EE000796843F83210BB7A002B06D0FB7AFA6837
:106EF0009833DB00134401225A6000BF1037BD46AF
:106F000080BD00BF6C860000908600007486000083
:106F100080B584B000AFF860B96011461A460B46E0
:106F2000FB711346BB71FB68BA6802F5887253F8AF
:106F3000223003F48073002B0ED008211348FCF795
:106F400078FE16211248FCF774FE40F2F632022158
:106F5000104800F051FBFEE7FB79002B01D0102216
:106F600000E00022BB79002B02D04FF4807300E0D8
:106F7000002342EA0301FB68BA6802F5887243F80D
:106F8000221000BF1037BD4680BD00BF6C860000D8
:106F9000688700007486000080B584B000AF786018
:106FA0007B681B68184601F051F8034683F0010323
:106FB000DBB2002B0ED008211948FCF73AFE19214C
:106FC0001848FCF736FE40F2CA320221164800F09B
:106FD00013FBFEE70023FB60786801F065F80346C9
:106FE000002B02D0012B03D005E0104BFB6011E019
:106FF0000F4BFB600EE008210948FCF71AFE19212F
:107000000848FCF716FE40F2D3320221064800F091
:10701000F3FAFEE7FB6818461037BD4680BD00BF97
:107020006C860000A886000074860000002584504D
:107030000028845080B400AF0B4B0C4A1B68C2F888
:107040004435094B094ADB69C2F84C35074B02222B
:10705000C3F84025054B0222C3F8482500231846F3
:10706000BD4680BC704700BF0080FF00006000503C
:1070700080B500AFFFF7C2FE034B1B68024A43F026
:107080000203136000BF80BDD0ED00E080B584B086
:1070900002AFFCF799F800237B607B6843F00403A0
:1070A0007B607B6843F001037B60012300937B6876
:1070B00001224FF6FF710020FCF7C0F800237B602F
:1070C0007B6843F004037B607B6843F002037B60D2
:1070D0007B6843F001037B60012300937B680122FE
:1070E00019494FF00050FCF7D3F800237B607B6810
:1070F00043F004037B607B6843F002037B607B68A2
:1071000043F001037B60114B5868104B99680123D1
:1071100000937B680022FCF791F8012300937B68C1
:1071200000220B490B48FCF7B3F8084BDA68074B11
:107130001B69013B19461046FCF7D8F80023184696
:107140000837BD4680BD00BFFF7F00205886000085
:10715000FFFF07200080002080B582B000AF002331
:10716000FB71F979012300220348FFF755FE00BFA8
:107170000837BD4680BD00BF0030005080B500AF6D
:10718000024800F0A4FF00BF80BD00BF0010005007
:1071900080B584B000AF00237B600323BB60002375
:1071A000FB600EE0FB68D9B2FB689B0010333B44E8
:1071B00053F80C2C01230A48FFF76CFEFB680133DF
:1071C000FB60FB68012BEDD90321002000F01EFFBE
:1071D0000321012000F01AFF00BF1037BD4680BD1B
:1071E0000030005080B582B000AF00237B600AE021
:1071F000094A7B6852F8233000211846FCF72AF927
:107200007B6801337B607B68282BF1D900BF00BF0E
:107210000837BD4680BD00BFC486000080B500AF02
:10722000FFF7E0FFFFF798FFFFF7B2FFFFF7A6FFBA
:107230000123002200210348FFF76AFE00231846BD
:1072400080BD00BF0030005080B582B000AF002389
:10725000FB7109E0134AFB79A0334FF0FF3142F88C
:107260002310FB790133FB71FB790F2BF2D900233B
:107270003B600BE00C4A3B6852F823301B0B5BB2BF
:107280001846FFF785FD3B6801333B603B68002BE8
:10729000F0D00920FFF77CFD002318460837BD46D3
:1072A00080BD00BF00E100E00822002080B582B070
:1072B00000AFFBF7EBFE00237B6014E00E4A7B6817
:1072C00052F823301B0B5BB21846FFF743FD0A4A06
:1072D0007B6852F823301B0B5BB21846FFF71EFD8C
:1072E0007B6801337B607B68002BE7D00023184666
:1072F0000837BD4680BD00BF0822002080B586B09B
:1073000000AF0346FB714FF0FF333B610123FB608D
:10731000FEF746FCB86001237B6110E00C4A7B69F4
:1073200052F83330BA689A4206D1FB790F22934261
:1073300002D100233B6106E07B6901337B617A69FE
:10734000FB689A42EAD33B6918461837BD4680BDB0
:107350008087000080B400AF034B01221A6000BF99
:10736000BD4680BC704700BF942B002080B588B01C
:1073700000AF78607B681B68FB777B6804331B6811
:10738000BB617B6808331B68FB82214B1B683B6138
:107390004FF0FF33FB603B695868B969FA8A0623EE
:1073A00000F048FDF860FB68002B04D07B686FF0AC
:1073B00086021A6029E0174B1B68012B04D07B68FA
:1073C0006FF086021A6020E0FB7F1846FFF796FFF9
:1073D0000346002B04D07B686FF086021A6014E02D
:1073E000FB8A032B04D87B686FF086021A600CE0DE
:1073F000BB69BB60BB6842F216021A80BB680422FC
:107400005A807B6800221A6000BF2037BD4680BDCD
:10741000842B0020942B002080B500AF0C4BD3E9C7
:1074200000230C480B498B4208BF82420DD0082133
:107430000948FCF7FEFB1B210848FCF7FAFBA722D2
:107440000221074800F0D8F8FEE700BF80BD00BF6A
:10745000F80B0020A5EDF5FE88870000D08700001E
:107460009087000080B586B000AFF860B9607A60A0
:107470003B604FF0FF337B61FB68032B14D0FB684C
:10748000032B38D8FB68002B03D0FB68022B0FD0EE
:1074900031E0FEF7BBFBB860FFF7BEFF1D4BB968DC
:1074A000184600F028FE2FE07868FFF75FFF2BE01A
:1074B000194B1B683B613B6958687B6819687B689E
:1074C00004331A68022300F0B5FC78617B69002B55
:1074D0000ED17B681B681A467B6804331B6819460B
:1074E0001046FCF7A6FB03461A467B681A600BE0C1
:1074F00000F07CF808E0FA681C21084800F07CF8ED
:107500007B686FF083021A60BB6818461837BD4667
:1075100080BD00BFF80B0020842B00209487000062
:1075200080B586B000AFF860B9607A602023FB7543
:10753000FB683B61BB6803F00803002B06D0BB6807
:1075400003F00403002B01D07B683B61B86800F0B6
:10755000E4FD0346002B12D0B86800F0F0FD0346AE
:1075600083F00103DBB2002B02D03B6928333B617F
:107570003B6918331B68023B1B78FB7501E000F088
:1075800035F8BB6803F00803002B0CBF0123002370
:10759000DAB2FB7D03F04003002B14BF012300236C
:1075A000DBB25340DBB2002B01D000F01FF8FB7DB3
:1075B00003F0A003002B07D1F87DFB683A69B96896
:1075C000FFF750FF03460AE0FB7D1A461F210648DD
:1075D00000F012F83B696FF083021A60BB6818462E
:1075E0001837BD4680BD00BFB087000080B500AF32
:1075F000FDF715FF00BF80BD80B58AB000AFF86011
:10760000B9607A6000237B62FB68002B0CD0BB68FA
:10761000002B09D0B968F868FCF70BFB78627B6A2D
:10762000002B01DA7B6A14E007F11403194678682D
:10763000FEF75CF807F114030C211846FCF7F9FA81
:1076400038623B6A002B01DA3B6A02E07A6A3B6AE5
:10765000134418462837BD4680BD80B485B000AFBE
:1076600078607B68FB60FB6883F30A8800BF00BF1B
:107670001437BD4680BC704780B483B000AFEFF3D1
:10768000108372B67B607B6818460C37BD4680BCA1
:10769000704780B483B000AF78607B6883F3108854
:1076A00000BF0C37BD4680BC704780B584B000AFCA
:1076B0007860786800F09CFAF860F86800F0B9FA31
:1076C0000346002B01D000230DE0FEF769FAB860F5
:1076D000FB689B685B681B685B68BA689A4201D06C
:1076E000002300E0FB6818461037BD4680BD80B51A
:1076F00084B000AF0346FB71FB79002B03D000F090
:107700001DFAF86002E0FEF74BFAF860FB79FA68C0
:10771000D20FD2B2934201D0FFF768FFFB68184640
:107720001037BD4680BD80B58CB000AFF860B96041
:107730007A603B600023BB62FB68002B02D0BB6811
:10774000002B01D1FFF752FFFB681B687B627B6A4D
:107750009B699A007B6A134438333B627B6ADB691E
:107760001846FEF7B1FAF8610023FB6272E0FA6A8C
:1077700013469B0013449B001946FA6A13465B00AC
:1077800013449B001A46FB6913443A6A0A441A6080
:10779000FA6A13465B0013449B001A46FB691344C4
:1077A000FA685A60FA6A13465B0013449B001A4653
:1077B000FB69134400229A60FA6A13469B00134443
:1077C0009B001A463B6A13449B68BB61BB6903F488
:1077D0000073002B26D07B68002B05D03B68002B64
:1077E00002D03B68802B01D0FFF700FFBB69DBB202
:1077F0007B617B691F2B06D87B699B007A681344E9
:107800001B68002B01D0FFF7F1FEFA6A13465B00FC
:1078100013449B0019467B699B007A681344FA69FC
:107820000A441A60FA6A13465B0013449B001A4626
:10783000FB691344BA6852689A60FA6A13465B009F
:1078400013449B001A46FB691A44BB685A60FB6AE2
:107850000133FB627B6ADB69FA6A9A4202D2FB69F6
:10786000002B84D1BB6A18463037BD4680BD80B43A
:1078700083B000AF786000BF0C37BD4680BC704756
:1078800080B483B000AFEFF3108372B67B607B6887
:1078900018460C37BD4680BC704780B483B000AF3B
:1078A00078607B6883F3108800BF0C37BD4680BCCE
:1078B000704780B582B000AF78607B6813F1810FAC
:1078C00003D07B6813F1820F09D1FEF783F90346D9
:1078D00083F00103DBB2002B01D0FFF787FE00BF6E
:1078E0000837BD4680BD80B485B000AFF860B96090
:1078F0007A607B6801221A70FB6802221A60BB68FA
:1079000018461437BD4680BC704780B588B000AFBC
:10791000786039600023FB6100233B610023FB7327
:107920007868FFF7C2FEB861BB69002B01D1FFF791
:107930005DFEBB699B687B617B69002B01D1FFF712
:1079400055FEBB69DB6813F1020F25D0B3F1FF3F91
:1079500025D13B68002B02D17B68FB6137E03B6897
:1079600013F1820F08D107F10F031A463968B8697D
:10797000FFF7B9FFF8612AE03B6813F1830F08D1E4
:1079800007F10F031A463968B869FFF7ACFFF861D1
:107990001DE0FFF72BFE1AE00123FB7317E0BB6924
:1079A000DB68002B11DB3B68FB61B869FEF788FAE6
:1079B0007B691B689B6803F40073002B07D0BB69CD
:1079C00002221A600123FB7301E0FFF70FFEFB693F
:1079D00013F1810F05D1BB695B69002B01DBFFF758
:1079E00005FEFFF74DFF03463B61F969B869FEF7F5
:1079F0007FFDF8613B691846FFF74FFFBB691B68C5
:107A0000022B02D0BB6900221A60FB7B002B05D041
:107A1000BB6900221A60B869FEF79CFEFB69184634
:107A20002037BD4680BD80B500AFFDF7F8FC6FF094
:107A30008303184680BD80B588B000AFF860B96098
:107A40007A603B60FEF7C6F80346FB77FB7F18467B
:107A5000FFF74DFEB86107F11003BA69F9681846DF
:107A6000FDF7CEFF78617B69002B01D07B691DE0BB
:107A700038693B687A68B968FEF76CFA78617B69A7
:107A8000002B0AD0FB6803F08043002B03D03B6936
:107A90001846FEF75FFE7B6908E03B691846FEF773
:107AA000DBFC78613B6901221A607B69184620374C
:107AB000BD4680BD80B400AF40F201131846BD46FC
:107AC00080BC704780B584B000AF7860FEF782F864
:107AD0000346FB737868FDF7BFFEB860BB68002BF8
:107AE00001D100230DE0FB7B1A46B9687868FDF7E9
:107AF00027FF0346002B01D0002302E0BB681B6870
:107B0000DB6818461037BD4680BD80B485B000AF35
:107B1000786039607B68BB60BB6883F3098800BF0D
:107B20003B68FB60FB6883F30B8800BFBFF36F8F7C
:107B300000BF00BF1437BD4680BC704780B582B01F
:107B400000AF4FF0FF337B603B4619467868FEF785
:107B5000B9FD0346002B01D0002300E03B68184626
:107B60000837BD4680BD80B483B000AFEFF30B8310
:107B70007B607B6818460C37BD4680BC704780B47C
:107B800085B000AF78607B68FB60FB6883F30B888F
:107B900000BF00BF1437BD4680BC704780B582B0BF
:107BA00000AFFFF7E0FF78607B6880331846FFF78F
:107BB000E6FF7B6818460837BD4680BD80B582B0B9
:107BC00000AFFFF7D0FF78607B68803B1846FFF777
:107BD000D6FF00BF0837BD4680BD80B483B000AF7C
:107BE00078604FF4805318460C37BD4680BC704710
:107BF00080B584B000AF78607B68B3F5805F01D05A
:107C0000002305E0FFF7AFFF0346803BFB60FB6806
:107C100018461037BD4680BD80B400AF00BFBD46DA
:107C200080BC704780B500AFFFF7B8FF0346184629
:107C300080BD80B483B000AF7860002318460C3755
:107C4000BD4680BC704780B400AF00BFBD4680BC5D
:107C5000704780B582B000AF7860FFF709FAFFF790
:107C600015FA0346002B02D043F6DA3313E0FFF790
:107C7000D5FA0346002B02D043F6DA330BE0FEF7C9
:107C800001FF0346002B02D043F6DA3303E07B68A2
:107C900002221A60002318460837BD4680BD90B501
:107CA00091B000AFF860B9607A60FB687B627B6A74
:107CB00043E800F3BB61BB693B62FA68BB681344ED
:107CC000013BBB62BB6A43E800F37B617B69FB61FC
:107CD00097F82330BB63FB7F7B63FB683B63FDF757
:107CE00017FB0246BB6B93424BD3FDF718FB0246D2
:107CF0007B6B934245D8B86BFDF7FDFA02463B6BB0
:107D0000D31A0133FB623B6B7A68F96A184603F0B9
:107D1000EBF80346002B01D1002387E0BB6B013356
:107D2000FB6315E0FB6B1846FDF7DAFA38633C6B32
:107D3000FDF7FCFA03467A681946204603F0D4F8AA
:107D40000346002B01D1002370E0FB6B0133FB6382
:107D5000FB6B7A6B9A42E5D8786BFDF7C1FA386312
:107D6000FA68BB681A443B6BD31AFB623B6B7A68B8
:107D7000F96A184603F0B8F80346002B55D10023E2
:107D800054E0FDF7F8FA0246BB6B93424BD3FDF784
:107D9000F9FA02467B6B934245D8B86BFDF7DCFAE3
:107DA00002463B6BD31A0133FB623B6B7A68F96A7C
:107DB000184603F099F80346002B01D1002335E063
:107DC000BB6B0133FB6315E0FB6B1846FDF7B6FA9E
:107DD00038633C6BFDF7DDFA03467A6819462046A6
:107DE00003F082F80346002B01D100231EE0FB6B59
:107DF0000133FB63FB6B7A6B9A42E5D8786BFDF736
:107E00009DFA3863FA68BB681A443B6BD31AFB626D
:107E10003B6B7A68F96A184603F066F80346002B54
:107E200003D1002302E0002300E001231846443779
:107E3000BD4690BD80B58EB000AFF860B9607A6085
:107E40003B6000237B637B68002B01D100238EE025
:107E5000BB68002B02D14CF2DA2388E03B6803F0C8
:107E60000603062B04D17B6B43F001037B630CE01C
:107E70003B6803F00203002B04D07B6B43F0080344
:107E80007B6302E04CF2DA2371E03B6803F02003ED
:107E9000002B03D07B6B43F012037B63FB6803F082
:107EA0000203002B03D17B6B43F004037B63FB686D
:107EB00003F00103002B18D0EFF39483FB62FB6AFD
:107EC0003B6297F8203003F00103DBB2002B04D0B3
:107ED0007B6B43F004037B6303E07B6B23F00403C1
:107EE0007B637B6B43F012037B63BB687A6B7968BF
:107EF000184602F0F9FF0346002B14BF01230023AC
:107F0000DBB23B633B6B002B2AD1BB687B627B6A95
:107F100043E800F37B617B69FB61BA687B681344CB
:107F2000013BBB62BB6A43E800F33B613B69BB6159
:107F3000BB7F23F07F03DBB2002B11D0BB7E23F08D
:107F40007F03DBB2002B0BD0FA7FFB7E9A4207D077
:107F5000BB687A6B79681846FFF7A1FE03463B635E
:107F60003B6B002B01D0002301E06FF07F0318462C
:107F70003837BD4680BD80B582B000AF43F65C2384
:107F80007B60FEF79FFE78607B68002B02D043F693
:107F9000DA3328E0FEF7A8FE78607B68002B02D079
:107FA00043F6DA331FE000F09FF878607B68002B1F
:107FB00002D043F6DA3316E062B600BFF9F720F9D3
:107FC000FFF742F978607B68002B02D043F6DA3382
:107FD00009E0FFF76BF978607B68002B02D043F66D
:107FE000DA3300E0002318460837BD4680BDEFF3C2
:107FF0000880EFF309812DE9F00F6B467246F9F71F
:108000004FF808B0FEF71EFEFEE700BF80B584B053
:1080100000AF78600B46FB703B1D1846FEF7BCFFB7
:10802000F8607A68FB68803253F8223023F0E0432E
:10803000BB60FB7819077A68BB681943FB6880321C
:1080400043F8221000BF1037BD4680BD80B485B014
:1080500000AF78607B685B09BB600023FB60BB6896
:10806000002B03D0BB68012B04D007E04FF0FF3397
:10807000FB6005E04FF6FF73FB6001E000230EE0BC
:108080007B6803F01F037B60FA687B6822FA03F3C6
:1080900003F00103002B14BF01230023DBB21846B9
:1080A0001437BD4680BC704780B485B000AF78609F
:1080B0007B681B68FB60FB6803F01F027B681A602B
:1080C000FB685B0918461437BD4680BC704780B416
:1080D00083B000AF78607B680122C3F8002500BF41
:1080E0000C37BD4680BC704780B500AFFEF7A2FFDD
:1080F0000346184680BD04460D46A546284700BFE6
:1081000083F3088896460222EFF31483134383F324
:108110001488BFF36F8F084700BF80B483B000AFEF
:1081200078607B689B0903F00103002B14BF0123D7
:108130000023DBB218460C37BD4680BC704780B4C4
:1081400083B000AF78607B685B0903F00103002B0C
:1081500014BF01230023DBB218460C37BD4680BC98
:1081600070470000464154414C204552524F523A0C
:1081700020000000486172644661756C740D0A004D
:108180004D656D4D616E616765206661756C740D3E
:108190000A0000004275734661756C740D0A000098
:1081A00055736167654661756C740D0A00000000C7
:1081B0005365637572654661756C740D0A00000045
:1081C000526573657276656420457863657074697D
:1081D0006F6E2000506C6174666F726D20657874EC
:1081E00065726E616C20696E746572727570742050
:1081F000284952516E293A200000000041737365EE
:1082000072743A002C000000737464696F5F696EC9
:108210006974000003020202210000000B0000024A
:10822000200000010A00000351130000C33C0000BD
:10823000411800006118000075180000991800002E
:10824000BD1800001B3D0000E1180000F5180000FB
:1082500009190000613D0000773D00008F3D0000DE
:108260004173736572743A002C0000006E72665F91
:108270006770696F5F70696E5F706F72745F64655D
:10828000636F646500000000000000000000000053
:108290000338FDD8704700006E7266785F756172B2
:1082A00074655F696E6974006E7266785F7561727D
:1082B00074655F756E696E6974000000706F6C6C38
:1082C0005F6F7574000000006E7266785F75617292
:1082D00074655F74780000006E7266785F75617215
:1082E00074655F72785F6275666665725F736574E8
:1082F000000000006E7266785F75617274655F726F
:10830000785F61626F7274006E7266785F75617219
:1083100074655F72780000006E7266785F756172D6
:1083200074655F72785F726561647900417373652B
:1083300072743A002C0000006E7266785F63726996
:10834000746963616C5F73656374696F6E5F657890
:10835000697400004173736572743A002C00000068
:108360006E72665F7370755F666C61736872656765
:10837000696F6E5F736574006E72665F7370755FB0
:1083800072616D726567696F6E5F7365740000007E
:108390007370755F726567696F6E735F666C61732A
:1083A000685F636F6E6669675F6E6F6E5F7365634C
:1083B0007572655F63616C6C61626C6500000000E2
:1083C0006E72665F7370755F666C6173686E7363FF
:1083D0005F736574000000007370755F706572698B
:1083E00070686572616C5F636F6E6669675F736505
:1083F00063757265000000006E72665F7370755F72
:108400007065726970686572616C5F736574000095
:108410007370755F7065726970686572616C5F63B7
:108420006F6E6669675F6E6F6E5F736563757265A9
:1084300000000000506C6174666F726D20457863B7
:10844000657074696F6E3A0D0A00000050696E73B2
:108450002068617665206265656E20636F6E66696F
:108460006775726564206173207365637572652E2C
:108470000D0A00004750494F20706F72743A200077
:1084800050696E3A200000000002FF002C0000003E
:108490005004FF00100000003001FF000800000041
:1084A000200CFF00040000000081FF00000300001A
:1084B000FFFFFFFF000000000000000000000000C0
:1084C0004173736572743A002C0000006E72665F2F
:1084D0006770696F5F70696E5F706F72745F6465FB
:1084E000636F646500000000303132333435363755
:1084F00038394142434445461B5B313B33346D427E
:108500006F6F74696E672054462D4D2076322E3180
:108510002E321B5B306D0D0A000000001B5B313BEF
:1085200033346D5B536563205468726561645D200C
:1085300053656375726520696D61676520696E6951
:108540007469616C697A696E67211B5B306D0D0A15
:10855000000000004173736572743A002C00000043
:1085600074666D5F73706D5F636865636B5F636C8A
:1085700069656E745F76657273696F6E00000000E6
:1085800074666D5F73706D5F636865636B5F617563
:1085900074686F72697A6174696F6E0073706D5F71
:1085A0006765745F69646C655F636F6E6E65637445
:1085B000696F6E0073706D5F696E69745F69646C7A
:1085C000655F636F6E6E656374696F6E00000000B7
:1085D0004173736572743A002C0000007570646119
:1085E00074655F63616C6C65725F6F7574766563EB
:1085F0005F6C656E000000004173736572743A0031
:108600002C0000006261636B656E645F7379737444
:10861000656D5F72756E0000617263685F7365619E
:108620006C5F7468726561645F737461636B000092
:108630004173736572743A002C00000073706D5FB3
:10864000667265655F636F6E6E656374696F6E00F9
:108650000C22002014220020000001000000010074
:10866000FFFF0F0000BC000000C0000041737365F5
:1086700072743A002C0000006E72665F7370755F52
:10868000647070695F636F6E6669675F73657400BD
:108690006E72665F7370755F6770696F5F636F6E30
:1086A0006669675F736574006E72665F6770696F95
:1086B0005F70696E5F706F72745F6465636F64652D
:1086C000000000000000005000400050005000502A
:1086D0000080005000B0005000C0005000A00050CA
:1086E00000E0005000F00050000001500010015068
:1086F00000400150005001500070015000800150B6
:108700000090015000A0015000B0015000C0015085
:1087100000D0015000E0015000F001500000025074
:108720000010025000200250003002500040025061
:10873000006002500080025000A0025000B00250C1
:1087400000D002500000035000300350004003509E
:1087500000600350007003500090035000258450C7
:1087600000288450001008506E72665F7370755F49
:10877000657874646F6D61696E5F73657400000085
:10878000000000000F0000004173736572743A002E
:108790002C000000556E6B6E6F776E2053504D208D
:1087A000535643207265717565737465643A200091
:1087B000556E6B6E6F776E20535643206E756D62EB
:1087C0006572207265717565737465643A20000086
:1087D00074666D5F617263685F636865636B5F6D2C
:0B87E00073705F7365616C696E670069
:108800000348044B834202D0034B03B1184770471F
:10881000FC220020FC220020000000000548064B3E
:108820001B1AD90F01EBA301491002D0034B03B16E
:1088300018477047FC220020FC22002000000000A6
:1088400010B5064C237843B9FFF7DAFF044B13B198
:108850000448AFF300800123237010BD002A0020DC
:1088600000000000ECB6000008B5044B1BB1044941
:108870000448AFF30080BDE80840CFE700000000E7
:10888000042A0020ECB60000A3F5803A704700BF30
:10889000174B002B08BF134B9D46FFF7F5FF002138
:1088A0008B460F461348144A121A02F0A2FC0E4BD4
:1088B000002B00D098470D4B002B00D0984700208C
:1088C000002104000D000D48002802D00C48AFF331
:1088D000008002F0E5FA20002900FCF79FFF02F07B
:1088E000CBFA00BF000008000000000000000000FC
:1088F000F80B0020FC220020043A002000000000B9
:1089000000000000009A084B9A4208D110B502F00E
:10891000B3FC02F04FFB06BC96460C46744702F0CF
:1089200018FD00BF18460000A5EDF5FE009A084BA3
:108930009A4208D110B502F0B6FC02F03BFB06BC2F
:1089400096460C46744702F004FD00BF184600002E
:10895000A5EDF5FE0CB4029A094B9A420CD14FF0EA
:10896000004319430CBC10B500F026F802F022FBBE
:1089700006BC96460C46744702F0EBFC00BF184656
:10898000A5EDF5FE009A054B9A4202D1044908680C
:10899000744702F0DEFC00BF18460000A5EDF5FEAE
:1089A00010B50000009A034B9A4200D1744702F0C0
:1089B000D0FC00BFA5EDF5FE80B58AB000AFF86031
:1089C000B9607A603B60EFF30583BB61BB697B6193
:1089D000BB8AC3F308039BB2002B01D0FEF706FE4F
:1089E000104B1B683B623B687A68B968F868FFF710
:1089F00022F878620B4B1B68FB613A6AFB699A426A
:108A000008D0FB699B691B69796A1846FEF77DFFF0
:108A1000786202E0786AFEF74CFF7B6A18462837D6
:108A2000BD4680BD842B00200F4B02689A4206D1C0
:108A3000C269A3F11023A3F1EF139A4201D00120E0
:108A400070478368012BFAD8C36813B10269934257
:108A5000F5D043692BB18069C01AB0FA80F04009A3
:108A600070471846704700BF55AA00FFF8B5164B6F
:108A7000996829B10846FFF7D7FF08B9CB680BB151
:108A80000120F8BD0B69002BFBD0104D104E1A6869
:108A9000AA42F5D1DA69B242F2D19A68012AEFD836
:108AA000DC68002CECD01A699442E9D05F691FB1F0
:108AB000D3F818C06745E3D08C42E1D11946002AAB
:108AC000DFD01346E3E700BF982B002055AA00FF34
:108AD000669911EE002865D070B5374D2B68002BD4
:108AE00054D0AA68002A51D08342014661D86A68EE
:108AF000134498425DD2A0F120063046FFF794FF60
:108B0000002856D151F8183C012B52D151F8144C81
:108B100041F8180C51F8100C002C38D0A368002B29
:108B200035D151F81C2C63682032134420616360F6
:108B300000B1C46020220021304602F05AFB2069B7
:108B4000F0B18368E3B9264642687368134402694A
:108B5000203373603261D6E9051331B38B6103B101
:108B60005961416983697161B361E1B18E61B36932
:108B700003B15E6102B1D6602022002102F039FB10
:108B80002B699B0702D5FFF771FF90B970BD10B13B
:108B90008368002BD8D0EB6841F8083C03B15E61D4
:108BA000EE60EDE77047EE60E2E7002BD9D0EB60B6
:108BB000D6E7012002F060F9982B00202DE9F84F4C
:108BC0003E4D2B68EC68002B40D0AB68002B3DD0AD
:108BD00000283BD0002939D001FB00F6B6FBF0F0AD
:108BE000884233D1301D31D8B10733D026F003018C
:108BF000043114B92BE0A4694CB363688B42FAD3F7
:108C0000D4F808C0BCF1000F55D1A0695B1A232B22
:108C10008146676920D80123A360002F47D0B8613F
:108C2000A06900B1476100232A696361D207A3618B
:108C300003D5FFF71BFF00283DD120343246002129
:108C4000204602F0D6FA2046BDE8F88F00242046E0
:108C5000BDE8F88F3146CCE7D4F8108001F1200E42
:108C6000DFF85CB0DFF85CA004EB0E02203BC2E949
:108C7000013CC2E9034844F80EB0C2F81CA0B8F1A8
:108C8000000F01D0C8F80C20C2F81890576187B1C6
:108C9000BA61906900B14261002361602969226173
:108CA0000122C4E90533CB07A260C6D5C1E7E8605D
:108CB000B7E7EA60EEE7012002F0DEF8982B00202B
:108CC00055AA00FF669911EE38B50D461422002111
:108CD0000446114802F08DFA1049114800F0B6F927
:108CE000232D18D914F0030304D0043DC3F104026A
:108CF0001D4414442A460021204602F07AFA064B0D
:108D0000084A0948A5F12001C3E901541C60E0614B
:108D1000C4E90021DC6038BD982B0020D58A000012
:108D2000BD8B000055AA00FF669911EE80B58AB090
:108D300000AFF860B9601346FB7100237B6200232B
:108D40003B6107F1140300221A605A60BB683B6262
:108D50000023FB61FB79642B0CD1BB68002B09DA83
:108D60002D21F86802F00BFB7B6A01337B62BB6844
:108D70005B423B62396A1A4BA3FB0123DA081346B4
:108D80009B0013445B00CA1AD2B2FB69591CF961FB
:108D90003032D2B228333B4403F8182C3B6A104AD5
:108DA000A2FB0323DB083B623B6A002BE2D10EE00F
:108DB000FB69013BFB6107F11002FB6913441B785F
:108DC0001946F86802F0DBFA7B6A01337B62FB69C3
:108DD000002BEDD17B6A18462837BD4680BD00BF09
:108DE000CDCCCCCC80B58CB000AF7860396000239E
:108DF000FB620023BB607B68002B40F0FC804CF2E0
:108E0000DA230DE17B681B78252B40F0E7807B6837
:108E100001337B607B681B78252B00F0C680252BF7
:108E2000C0F2CD80782B00F3CA80582BC0F2C780E7
:108E3000583B202B00F2C38001A252F823F000BF60
:108E40001F8F0000BF8F0000BF8F0000BF8F00008A
:108E5000BF8F0000BF8F0000BF8F0000BF8F0000DA
:108E6000BF8F0000BF8F0000BF8F00008D8F0000FC
:108E7000C58E0000BF8F0000BF8F0000BF8F0000B5
:108E8000BF8F0000C58E0000BF8F0000BF8F0000A5
:108E9000BF8F0000BF8F0000BF8F0000BF8F00009A
:108EA0003D8F0000BF8F0000BF8F00006F8F00005C
:108EB000BF8F0000E38E0000BF8F0000BF8F000057
:108EC000018F00003B681A1D3A60196807F108031A
:108ED00064221846FFF72AFF0246FB6A1344FB622E
:108EE00078E03B681A1D3A60196807F1080375229B
:108EF0001846FFF71BFF0246FB6A1344FB6269E05A
:108F00003B681A1D3A60196807F10803464A18467B
:108F100002F071FA0246FB6A1344FB625AE03B68B6
:108F20001A1D3A60196807F10803404A184602F012
:108F300062FA0246FB6A1344FB624BE007F1080346
:108F40003B49184602F03BFA0246FB6A1344FB62B7
:108F50003B681A1D3A60196807F10803324A18463F
:108F600002F049FA0246FB6A1344FB6232E03B68B6
:108F70001A1D3A601A6807F108031146184602F0F4
:108F80001EFA0246FB6A1344FB6223E03B681A1D8B
:108F90003A601B68DAB207F108031146184602F07E
:108FA000EEF9FB6A0133FB6214E007F108032521A7
:108FB000184602F0E4F9FB6A0133FB620AE007F1AC
:108FC00008031C49184602F0FAF90246FB6A1344EA
:108FD000FB6210E07B6801337B600CE07B685A1C0D
:108FE0007A601A7807F108031146184602F0C7F9AB
:108FF000FB6A0133FB627B681B78002B7FF402AFB6
:10900000BB68002B0BD0BA6807F108030433114684
:10901000184602F046FA0246FB6A1344FB62FB6AFA
:1090200018463037BD4680BD38B5000048B5000051
:1090300058B500005CB5000000207047704700BFC5
:10904000014B1B68184700BF2022002010B40446C3
:10905000034A044B00201460196010BC704700BF25
:1090600024220020202200200246024B00201A6009
:10907000704700BF1C22002039B1044B0A4610B5CE
:1090800000211B680446984710BD70472822002025
:1090900010B5044628B121B1044B0A461B680021D3
:1090A00098472046BDE81040FFF7CABF282200209D
:1090B00038B50446406A10B1A16AFFF7E9FF002203
:1090C000237FC4E90922012B0FD0023B012B13D8C7
:1090D000236A012B0CBF15466FF096052C22002148
:1090E000204602F086F8284638BD236A002B0CBFC4
:1090F00000256FF09605F1E76FF09605EEE700BFEB
:10910000074B5A78022A02D06FF0880070471A780D
:10911000072AF9D10A460146181D00F097B800BF8A
:10912000AC2B002010B5134C2378590744BF03F033
:10913000FB0323709A0716D4637883B900230421B4
:109140000D486370FFF798FF2378DB0700D410BD4C
:1091500000F078F8237823F00103237010BD06484F
:1091600000F086F8EAE700F053F8237823F00203D2
:109170002370E1E7AC2B0020B02B002038B51E4C4B
:1091800062782378022A1AD0DD071CD5980725D5E6
:1091900062783AB15A075CBF43F00403237000259C
:1091A000284638BDD907F5D5144800F04DF80223FC
:1091B00005466370F0B1FFF7B5FF284638BD072BB1
:1091C000EDD0DD07E2D400F03BF82378054643F00C
:1091D000010323700028EED19807D9D400F010F8CD
:1091E0002378054643F0020323700028D0D0FFF710
:1091F00099FFE2E72378CDE7AC2B0020B02B0020CD
:109200000122024B002083F880257047B42B0020F8
:109210002DE9F041DFF8248001274446032608F5B4
:10922000B0652762267720462C34FFF741FFAC4219
:10923000F7D1002388F88035BDE8F081B42B0020F9
:1092400000207047704700BF0020704710B582B003
:10925000002001AB144600F05FF830B9019BA34237
:1092600018BF6FF0930002B010BD6FF09200FAE7E4
:109270000020704710B50C4C236813B10B4B1B68D2
:109280002BB900F093FC30B90122084B1A6001237E
:109290002360002010BD0138072801D9044810BD03
:1092A000044B53F8200010BD503100204C310020F9
:1092B000FE8FFFFF70B50000144B2DE9F04300282E
:1092C00014BF04461C46124F236883B0BB4219D01A
:1092D00016460D4620464FF4147104F1040900F0BF
:1092E00047F804F58E78484600F0CEF8404600F086
:1092F00019FA2B464A4640460649009600F034FBD0
:1093000008B92760002003B0BDE8F0835431002085
:10931000A5BCC95A0D95000070B50D4C1D4600281E
:1093200014BF064626460B4B306882B098420DD1DA
:1093300006F58E70002633460096144600F03EFB7C
:10934000002818BF34462C6002B070BD0248FBE70D
:1093500054310020A5BCC95AE88FFFFF38B131B1A4
:10936000002201440346013081421A70FAD170474D
:1093700038B131B1002201440346013088421A70ED
:10938000FAD170472DE9F043202B1D46064688464A
:1093900091468BB026D8DBB202AF8DF80480B04680
:1093A00058F8041B8DF8053021B9404601F026F924
:1093B000044640B9012302224046336001A901F06E
:1093C00031F9044638B138462021FFF7D1FF204655
:1093D0000BB0BDE8F0832A464946404601F022F929
:1093E0000446F0E702AF1946104600233A4601F062
:1093F0009FFA04460028E6D12023B9461D46CCE753
:109400002DE9F041D0F8F830A6B0002BD8BF02AE5D
:1094100031DD05460027D0F80C4102AEA4F1010869
:109420009022D5F8FC403146D0F8000101AB0197FD
:10943000B8FA88F8A0474FEA5818044620B9019BAB
:1094400053B9B8F1000F16D030469021FFF790FFC6
:10945000204626B0BDE8F081014632462846FFF797
:1094600091FF58B9D5F80431019A1344C5F8043175
:10947000B8F1000FE8D16FF03C04E5E70446204660
:1094800026B0BDE8F08100BF70B500250446142267
:1094900004F588762946C0F8F850FC3001F0A9FEA2
:1094A00008222946304601F0A4FE144B30461B68C2
:1094B0009847204640F8045B01F086F8104B304690
:1094C0001B689847C8B9D4F8F830AB420FDC03EBFF
:1094D000830204EB82022021C2F800010120C2E9CC
:1094E000421008490133C2F8FC10C4F8F830064BAA
:1094F0003046BDE870401B68184770BD4C22002004
:1095000048220020C5A40000442200202DE9F04795
:10951000202A88B07AD83F4B00F5887904461B682A
:1095200048461746884698470546F8B940F201165E
:10953000D4F8F830002B65D02046FFF761FF0546D0
:1095400038B9D4F8F830002B14DC013EF2D16FF0BA
:109550003B056E4620213046FFF70AFF2E4B48465A
:109560001B689847002818BF6FF01D05284608B0F3
:10957000BDE8F087D4E94132934203D3D4F80C21FB
:10958000012A02D0013ED7D1E1E71F2BFAD96E465E
:1095900001462022304604F1040A01F02AFE314639
:1095A000504601F069F805460028D3D1504601F035
:1095B0001FF8504601F008F82946504601F01EF801
:1095C00005460028C6D150462022314601F02AF82F
:1095D00005460028BED1034632462021304601F020
:1095E000A7F905460028B5D1D4F8F8303A46002B43
:1095F000C8BF002340463146C8BFC4F8043101F05B
:10960000B2FDA7E76FF03F056E46A3E76FF03B059D
:10961000ACE700BF482200204422002070B590B083
:1096200000287AD03E4C0D46402236210646204680
:1096300001F0DFFD40225C21A01801F0DAFD2B1DB6
:10964000A34203D904F144039D4252D32B682268FC
:10965000534023602B68226C534023646B6862681C
:10966000534063606B68626C53406364AB68A2688C
:109670005340A360AB68A26C5340A364EB68E268FC
:109680005340E360EB68E26C5340E3642B6922696A
:1096900053402361226D2B695340236562696B69D6
:1096A000534063616B69626D53406365AB69A26946
:1096B0005340A361AB69A26D5340A365EB69E269B6
:1096C0005340E361EB69E26D5340E36500213046AE
:1096D00000F094FF044628B940223046104900F0BB
:1096E000A1FF044640216846FFF742FE204610B025
:1096F00070BD631E04F13F01013D1F3415F8010FD9
:1097000013F8012F42401A7011F8012F2878A34254
:1097100082EA00020A70F1D1D8E76FF07304E5E73E
:10972000A433002010B54FF49A720021044601F0D2
:1097300060FD42F21072044BC4F8202104F59670CB
:109740001B68BDE8104018474C2200202DE9F04F5F
:1097500004468846914695B0002900F0A780002A6B
:109760000CBF0126022600238DF80C30002C00F0DF
:109770009F80DFF844A104AF0AF1400B002120468E
:1097800000F03CFF034648B1384620210193FFF723
:10979000EFFD019B184615B0BDE8F08F4022514601
:1097A000204600F03FFF03460028EDD104F1F40508
:1097B00020222946204600F035FF03460028E3D149
:1097C0000122204603A900F02DFF03460028DBD12B
:1097D000022E62D020460CA900F04EFF034600285E
:1097E000D2D10146204600F009FF03460028CBD124
:1097F00040225946204600F015FF03460028C3D1F9
:10980000202220460CA900F00DFF03460028BBD102
:109810003946204600F030FF03460028B4D13946CF
:109820002046FFF7FBFE03460028ADD12022294643
:10983000204600F0F7FE03460028A5D120460CA9DB
:1098400000F01AFF034600289ED10146204600F092
:10985000D5FE0346002897D140225946204600F005
:10986000E1FE034600288FD1202220460CA900F0FB
:10987000D9FE0346002887D12946204600F0FCFE89
:109880000346002880D19DF80C200132D2B2B242AA
:109890008DF80C20FFF472AF76E74A464146204629
:1098A00000F0C0FE0346002894D06DE701265AE779
:1098B0006FF0730304AF67E7A43300202DE9F04194
:1098C0000446884615461F46D0F81801E0B013B18B
:1098D00000EB40004008B5F5807F3ED82844B0F545
:1098E000C07F3AD84FF4C0720021684601F081FC75
:1098F0006946D4F82431D4F81821D4F828019847BF
:1099000070BBD4F8186157B1D4E9493072080DEB37
:109910000601984720BBD4F8183106EB5306B8F17E
:10992000000F00D08DB9324669462046FFF70EFF82
:10993000054610B90123C4F8143131466846FFF7D3
:1099400017FD284660B0BDE8F0810DEB06004146EA
:109950002A462E4401F007FCE5E76FF00405F0E726
:109960006FF00805EDE700BF2DE9F047044604F16C
:10997000F4050F4691461E46DDF8208000F024FED7
:1099800029462046FFF74AFE08B1BDE8F087284681
:109990002022012101F02DFCD4F81831C4F82471E3
:1099A000C4F8289113B92023C4F81831424631462F
:1099B0002046BDE8F0470123FFF780BFB2F5806F76
:1099C00000F295802DE9F04F89B09A46129BB3F5CD
:1099D000807F00F29080D0F82431164604460F466E
:1099E0004BB3D0F81C31012B05D0D0F81421D0F89E
:1099F00020319A421FDD514600232046129AFFF77C
:109A00005DFF014698B900231293002E5ED0DFF867
:109A1000EC9009F1400B0021204600F0EFFD202ED4
:109A20003546014628BF202504F1F40890B10846C8
:109A300009B0BDE8F08FBAF1000FE6D0129B002B01
:109A4000E1D051461A462046FFF780FE0146002825
:109A5000DBD0ECE749464022204600F0E3FD01461A
:109A60000028E4D141462022204600F0DBFD0146DB
:109A70000028DCD16946204600F0FEFD01460028A2
:109A8000D5D1204600F0BAFD01460028CFD1594675
:109A90004022204600F0C6FD01460028C7D1694695
:109AA0002022204600F0BEFD01460028BFD14146DD
:109AB000204600F0E1FD01460028B8D138462A468C
:109AC000414601F050FB761B2F44A4D1514620465D
:109AD000129AFFF73BFE01460028A8D10846D4F8A9
:109AE00014310133C4F8143109B0BDE8F08F6FF0C0
:109AF0000201084670476FF0040198E7A433002084
:109B0000002130B58DB0282202A8019101F071FB2F
:109B100002A800F035FF044610B120460DB030BD5C
:109B20001B4D4FF0FF31286800F032F960BB194B34
:109B3000D3F8340E10F0010017D100F059F9F8B93C
:109B4000154A02A901A800F0AFFC0446012000F06C
:109B50004FF988B9286800F023F90028DDD00F48B4
:109B600000F0ACF920460DB030BD2868052400F0A7
:109B700017F90028D1D0F2E7094800F09FF9E9E78A
:109B8000084800F09BF9DBE7074800F097F9CEE7BB
:109B9000302200200060845024340020E8B500000A
:109BA000C8B50000A8B5000090B5000030B583B07E
:109BB00000F036F878B900F055F890B9144BC3F8B6
:109BC0000C0AFFF79DFF0446F8B9124D2B6863B1EC
:109BD000204603B030BD032400F072F8204603B0E5
:109BE00030BD0424204603B030BD02460146FFF7D5
:109BF00063FB50B96822084901ABFFF78DFB20B920
:109C00002046064B2B6003B030BD0524E0E700BFC3
:109C10000050845044360020483600205AEA5A5AF0
:109C200000207047430504D54FF0FF32034BC3F8C3
:109C30000821024BC3F8080A704700BF0050845047
:109C4000014BC3F8040A70470050845008B100F07B
:109C500071B84FF47500704708B100F04FB84FF479
:109C60007500704710B5114800F07EF800B110BDC6
:109C70000F4800F079F80028F9D10E4C204600F08A
:109C800073F80028F3D10C4B0C481C6000F06CF802
:109C900001460028EBD100F02DF8044608B120461B
:109CA00010BD00F087F82046FAE700BF40220020F0
:109CB0003C220020382200203022002034220020C4
:109CC00008B5084800F05AF8074800F057F8074868
:109CD00000F054F8064800F051F8BDE8084000F0E4
:109CE0000BB800BF402200203C2200203822002078
:109CF0003422002000207047704700BF10B4024695
:109D00000B4C01E0134207D1D4F8003A13F48070F1
:109D1000F8D0012042F4807229B1054BD3F80441F8
:109D20000C60C3F80841024BC3F8082A10BC704706
:109D3000005084500246084901E01A4207D1D1F888
:109D4000003A13F48070F8D0012042F48072024B84
:109D5000C3F8082A704700BF0050845001F0E8B9EA
:109D60000A46002101F045BA08B5034B02681B689A
:109D700010689847002008BD6C22002008B5034BEE
:109D800002685B6810689847002008BD6C220020BC
:109D9000024B02689B681068184700BF6C220020C5
:109DA00008B5034B0268DB6810689847002008BDBF
:109DB0006C22002070B5094C094D2069AB689847AA
:109DC00018B1084B08485B6898470021074AEB68C0
:109DD00011602069BDE87040184700BF582200207C
:109DE0006C2200205022002000B60000B036002077
:109DF000F8B51A4D1A4E0446B26828699047E8B97A
:109E0000184F3B684CB1A3B1012B19D0013B3B600B
:109E10002869F36898470020F8BD43B90121124A28
:109E2000C2F800151149D1F81029002AFBD10133DD
:109E30003B60F368286998470020F8BD0C48F8BDDE
:109E40000A4AD2F81039002BFBD1074A6FF07E4046
:109E5000C2F80035FFF7F4FE3B68D7E75822002030
:109E60006C220020B0360020004084500050845006
:109E7000E98FFFFF014B1B68184700BF6C220020D1
:109E8000014B9B68184700BF6C220020014BDB6828
:109E9000184700BF6C220020BFF34F8F0549064BC7
:109EA000CA6802F4E0621343CB60BFF34F8F00BF78
:109EB000FDE700BF00ED00E00400FA0530B44FF00C
:109EC000FE3200250B4B0C4C0C494968C3F80024AA
:109ED000C3F80424C3F80824C3F80C24C3F81024DE
:109EE000C3F81424C3F81824C3F81C24C4F800557C
:109EF00030BC08470050845000408450502200205D
:109F000010B5044650B1636813F0685F05D0064A87
:109F1000934202D000236260236010BD034B0448CB
:109F20005B689847EFE700BF2C5F5CA950220020D8
:109F300020B60000C8B143680D4A934213D013F015
:109F4000685F0ED0012350E8002F194640E8001C3E
:109F50009CF0000FF7D1012AF5D0BFF35F8F0020EE
:109F6000704704487047044870476FF4E0407047FA
:109F70002C5F5CA9E98FFFFFEA8FFFFF034680B1EA
:109F8000426809498A420AD012F0685F05D0BFF3DF
:109F90005F8F002210461A607047044870470448DB
:109FA00070476FF4E04070472C5F5CA9E98FFFFFBA
:109FB000EA8FFFFF10B5044620B10023034A236057
:109FC000626010BD0248FFF779FFF6E73A00003AF9
:109FD00048B600002DE9F041002873D00C46002956
:109FE00070D01D46002B6DD007461AB10122002308
:109FF0002A6003602B68002B5FD02946204600F0C2
:10A0000079FD804600285AD12146286800F058FD85
:10A010008046002853D12868082867D0042867D0D4
:10A02000A0F10200B0FA80F040090121314EC6F8DB
:10A03000C411C6F84011C6F8C411636AC6F83031BD
:10A04000D6F830219342F6D10023C6F82C314FF0D8
:10A05000FF33C6F808316FF01B03C6F80031C6F8AD
:10A060000C01D6F8040A40F48060FFF7E9FD0A23EA
:10A07000C6F83831069B012B29D023691E4AA2FB62
:10A0800003231B09626A404602FB03F303EB43030D
:10A09000184ADB039B09C2F8D8310123C2F82C31DE
:10A0A0003B682A6823F07F4343EA02633B602A68E7
:10A0B00043EA02233B60BDE8F081DFF84080404680
:10A0C000BDE8F081DFF838804046BDE8F0814FF40C
:10A0D0007F03D3F80C2C013206D0D3F80C3C064A8F
:10A0E000A2FB03231B09CDE71623CBE703209CE744
:10A0F00002209AE700508450ABAAAAAA310CF100C2
:10A10000350CF10058B34B1EB3F5047F27D230B5A0
:10A110004FF0000ECD00744671464B0901F01F0C44
:10A1200050F82330BCF11F0F23FA0CF306D003F0D4
:10A13000010319B901211C468E46EEE79C4201F14C
:10A14000010106D01C464FF0010EA942E5D10020C6
:10A1500030BD0EF1010E9645F7D1024830BD0148E1
:10A16000704700BF360CF100C0B32DE9F0434C1E20
:10A17000B4F5047F1DD2E3B1DAB100252E46A8461E
:10A180002C46CF0003F1FF394FEA541C04F01F0E98
:10A1900050F82C10BEF11F0F21FA0EFC0CD00CF061
:10A1A000010C4CB90126E04634463546ECE79642B0
:10A1B00016D90C48BDE8F083AB420BD0C44508BFAC
:10A1C0000136A945F3D001350134BC42DCD1002071
:10A1D000BDE8F0830125E0462E46F5E701487047CB
:10A1E0001D46F1E7370CF1002DE9F04F8FB08246A4
:10A1F000DDE919460D46002E6ED1096904911C60F7
:10A20000002318990B60002A00F02881994B6A6A94
:10A21000D3F83811D3F830319A4269D10A2967D17D
:10A220009AF80330069304F1080305930423049A73
:10A230000393914B8F4CA3FB023B4FEA9B0B0BEB21
:10A240004B0BA2EB4B0B189B049E1E60002E00F0E4
:10A25000E580002700F05EFC0797BAF1000F00F0E0
:10A26000D0804FF00109DDF81480002D00F0C98086
:10A27000069B002B3ED0284606A900F03BFC002898
:10A280003AD07E4B984220D0069B082B00F0E0800D
:10A2900000225B000693294606AB50460092FFF76A
:10A2A00099FE774B984200F0CF8070B9DAF8002021
:10A2B000130A03F47F03134323F07F43CAF80030EB
:10A2C000039B013B0393BED10020039000F022FCCE
:10A2D00003980FB0BDE8F08F4FF47F01D1F80C0C5C
:10A2E00001300CBF4FF40471D1F80C1C049186E7C7
:10A2F0006448EAE76248C4E72946069800F0E0FBB4
:10A300000028BED1069B082B00F0A480042B00F08F
:10A31000A380A3F10203B3FA83F35B09C4F8C491E9
:10A32000C4F84091C4F8C4916A6AC4F83021D4F8E2
:10A3300030118A42F6D10022C4F82C214FF0FF32AE
:10A34000C4F808216FF01B02C4F80021C4F80C31D6
:10A35000D4F8040A40F48060FFF772FC0A23C4F8C2
:10A3600038312B69444AA2FB0313696A1B0901FBBC
:10A3700003F303EB4303DB039B09C4F8D831C4F8B0
:10A380002C910698DAF8003023F07F41030243EA6B
:10A3900000630B43CAF8003007A800F081FB079B5D
:10A3A000354A03F01A0303437FF46EAFA2FB063273
:10A3B000D4F81431B7EB920F0893D4F818310993FD
:10A3C000D4F81C310A93D4F820310B93D4F82431FB
:10A3D0000C93D4F828310D9302D1BBF1000F12D1A8
:10A3E0004046182208A9183EFFF7B8FC08F11808E3
:10A3F00001379EB100F08EFB00230793002D7FF400
:10A4000037AF21483DE740465A4608A9A6EB0B0660
:10A41000FFF7A4FCD8440137002EEBD1049F059E22
:10A420006A6939463046FFF76DFEAA6940B94FF4B4
:10A43000806339463046FFF797FE00283FF444AF6B
:10A440000023189A13601CE72B6A002B3FF43DAFE2
:10A450000E483AE7032361E702235FE7012229461A
:10A460005046009606ABFFF7B5FD00283FF4DBAE83
:10A470002BE700BF00508450ABAAAAAA020CF1003F
:10A48000310CF100300CF100350CF100320CF10010
:10A4900010B4DDE9013401940024DDF80CC0CDE9ED
:10A4A00002C410BCFFF7A0BE30B51546012487B02A
:10A4B00005AB00930022CDE9015404ABFFF794FEF5
:10A4C00007B030BDF0B587B0002967D01E46002B1D
:10A4D00064D01446002A61D0324F0D4638684FF0E0
:10A4E000FF31FFF755FC00283DD12F4BD3F8340E38
:10A4F00010F0010015D04FF0FF354FF408712B48D4
:10A50000FEF72CFF04212A48FEF728FF29482821BE
:10A51000FEF724FF3868FFF743FC40BB284607B02E
:10A52000F0BDFFF765FC002834D1224800F028FA7E
:10A5300070B91E4A0346029205AA019204AA03902A
:10A5400000921C4902461A48FFF7A2FF0346A0B139
:10A550004FF0FF350120FFF74BFC0028CDD0164807
:10A56000FFF7ACFCC9E71548FFF7A8FCBDE71448A6
:10A57000FFF7A4FC284607B0F0BD28461D46059B02
:10A5800022469C4228BF1A46049932600831FFF7E0
:10A59000E5FBDFE70B48FFF791FCC6E74FF0FF351F
:10A5A000BCE700BF3022002000608450F03600205D
:10A5B000C4360020C8360020C8B5000090B50000A1
:10A5C0006CB60000A8B5000010B5044628B12046BE
:10A5D000BDE81040F421FFF7C3BB0448FFF76EFC51
:10A5E0002046BDE81040F421FFF7BABB84B6000056
:10A5F00010B1F421FEF7B2BE704700BF08B521B11B
:10A60000012908D06FF0360008BD012100F058F88C
:10A610000028F7D108BD022100F052F80028F9D037
:10A62000F0E700BF30B505468818B0F5801F0B462F
:10A630001446A1B001D8802A0CD9B3F5801F17D9D0
:10A6400022461946284600F07DF8044684B9204683
:10A6500021B030BD6846FFF781FB22466946284697
:10A6600000F070F8802104466846FFF779FBEDE7BB
:10A670006FF03604EBE700BF70B5E8B10E46D9B114
:10A68000044600F031F80546B0B92368012B0BD021
:10A69000022B01D0284670BD1C22304604F108016F
:10A6A000FFF75CFB284670BD2022304604F108010C
:10A6B000FFF754FB284670BD6FF03605EAE700BF90
:10A6C00078B138B50D46F0210446FFF749FB402329
:10A6D00020462560E36500F061FA003818BF0120CC
:10A6E00038BD0120704700BFF0B5056EA5B0044627
:10A6F00004AEE5B90023012701933046676029467F
:10A7000002AA009300F018FA10B1012025B0F0BDA4
:10A710002A46204602A900F069FA0028F5D1204611
:10A7200000F06CFB0028F0D1206625B0F0BD802D34
:10A730002A46304628BF802204F16401FFF70EFB51
:10A74000256ED7E7002800F0AE802DE9F04F1446C3
:10A75000A5B0002A3DD00F46002949D0B2F5803F70
:10A760000546006E20D34FF6FF7805F1640AEB6DC5
:10A770001A1AB2FBF3F103FB1122002A65D18342BE
:10A78000B9464FF6FF7672D0B6FBF3FB03FB0BFB2B
:10A79000BBF1000F30D1002E45D1A4F57F44FF3C22
:10A7A000B4F5803F4744E2D2EA6D161AB6FBF2F3E5
:10A7B00002FB1366A64228BF2646002E75D18242B0
:10A7C00000F08D80B4FBF2F602FB06F62EB9002CE9
:10A7D00079D1002025B0BDE8F08F002331463846FE
:10A7E000CDE9003302AA00F0A7F9002800F0958017
:10A7F000012025B0BDE8F08F002359464846CDE939
:10A80000003302AA00F098F90028F1D15A462846F0
:10A8100002A900F0EBF90028EAD1A6EB0B06286E9E
:10A82000D944002EB9D019304946324605EB800094
:10A83000FFF794FAA4F57F44286EFF3C3044B4F54A
:10A84000803F4744286692D2AEE7424528BF424641
:10A85000164639465044FFF781FA286EEB6D3044B6
:10A86000834207EB06092866A8EB06068CD1802BED
:10A8700028BF802351461A4604A8FFF76FFA002329
:10A88000E96D02AACDE9003304A800F055F90028CB
:10A89000AED12846EA6D02A900F0A8F90028A7D198
:10A8A000EB6D286670E70120704705F164033946B7
:10A8B00032461844FFF752FA286EEA6D3044A41B62
:10A8C000374428667BE72B6E2246193305EB83005D
:10A8D0003946FFF743FA2B6E23442B6679E7802A2B
:10A8E00028BF802205F1640104A8FFF737FA00238E
:10A8F000E96D04A8CDE9003302AA00F01DF9002893
:10A900007FF476AF2846EA6D02A900F06FF90028BF
:10A910007FF46EAFEA6D286654E73246284602A9F6
:10A9200000F064F900287FF463AF3744A41B4EE7BE
:10A93000F8B51C460546114816460F46FFF744FE7B
:10A9400021460E48FFF75AFE044620B10B48FFF798
:10A950004FFE2046F8BD3A4629460848FFF762FEFA
:10A9600004460028F2D131460448FFF785FE04462C
:10A970000248FFF73DFE2046F8BD00BF1039002019
:10A980001C2370B582B001A90546019300F032F88E
:10A99000044638B9019B1C2B07D0144C1C212846B7
:10A9A000FFF7DEF9204602B070BDD5E90112131E93
:10A9B00018BF0123003918BF0121012628689B0018
:10A9C000EA6843EA4103002818BF43F00103EE613F
:10A9D0002AB9C5E90834002BE4D1054CDEE720464E
:10A9E00043F00803C5E9083402B070BD370CF0002D
:10A9F0000E0CF000034618B111B10A681C2A01D0F0
:10AA0000012070474FF47F02D2F8101C01310CBFB7
:10AA100040F2DC51D2F8101C4FF47F020160D2F8F2
:10AA2000141C01310CBF40F2DC51D2F8141C4FF45D
:10AA30007F024160D2F8181C01310CBF40F634018E
:10AA4000D2F8181C4FF47F028160D2F81C1C01312F
:10AA50000CBF40F63401D2F81C1C4FF47F02C160D9
:10AA6000D2F8001C01310CBF9021D2F8001C4FF429
:10AA70007F020161D2F8041C01310CBF5121D2F8D0
:10AA8000041C4FF47F024161D2F8081C0020013100
:10AA90000CBF40F23732D2F8082C9A61704700BFE1
:10AAA000014608B54FF48060FFF7D6F80022034B4B
:10AAB000C3F8C821C3F82C2108BD00BF0050845042
:10AAC0000138072805D8DFE800F0100E040A040456
:10AAD000040607487047CB6800204B6270478B68BC
:10AAE00000204B6270474B68F6E70B68F4E700BF45
:10AAF000310CF1000B6802E0082B0B6006D8026AEB
:10AB000013424FEA4303F7D00020704700487047D4
:10AB1000310CF100002310B5064C4FF48060C4F8EE
:10AB20002C31C4F8C431FFF77DF84FF0FF33C4F87F
:10AB3000083110BD005084502DE9F041002482B04E
:10AB400015461E4601220DF107030746DDF8248055
:10AB50008DF8074000F08CF9D0B99DF80730044615
:10AB60002F602B71B8F1000F0ED04EB1024608993C
:10AB700030460DF1070300F07BF948B99DF8073026
:10AB8000C8F8006088F80430204602B0BDE8F081C3
:10AB90004FF47504204602B0BDE8F081D8B108B585
:10ABA0000368012B04D0022B0FD043B10B4808BD22
:10ABB00020220B490830FFF7D1F8002008BD1422ED
:10ABC00008490830FFF7CAF8F7E72022064908309D
:10ABD000FFF7C4F8F1E74FF4730070470100F3008A
:10ABE00094B60000D4B60000B4B600002DE9F047DA
:10ABF000002900F0EB800446002800F0EB80036899
:10AC000088469146002B00F0B580013B012B00F2F5
:10AC1000C9804FF0FF3171484FF0020AFFF7B8F8D2
:10AC2000002840F0B1800020FFF7E2F80746002836
:10AC300040F0B4806A4DD5F81069002EFBD14FF07A
:10AC4000FF30FEF7EFFFD5F8040A20F40060FEF7AE
:10AC5000F7FF01230722C5F81838C5F82038C5F8D2
:10AC60000029C5F8C437C5F8A466A36CC5F8CC376D
:10AC7000E36CC5F8D037C5F8C0A723685BB1013BCA
:10AC8000012B18D8636AC5F85C36236AC5F85836B4
:10AC9000E369C5F85436A269514BC3F8502662697E
:10ACA000C3F84C262269C3F84826E268C3F8442654
:10ACB000A268C3F84026B9F1000F56D063684FF47C
:10ACC0000060012B04BF464AC2F8843698F804306D
:10ACD000D8F80010424A5B0003F00203C2F80C3BB4
:10ACE000C2F8281CC2F82C9CFEF7B0FF0746236868
:10ACF00063B1013B012B19D8394BD3F85C26626252
:10AD0000D3F858262262D3F85436E361344BD3F893
:10AD10005026A261D3F84C266261D3F848262261FE
:10AD2000D3F84426E260D3F84036A3600022012124
:10AD30002B4BD3F8CC07A064D3F8D007E064C3F85A
:10AD4000C417C3F88426C3F8C827C3F81828C3F863
:10AD50002028AFBB0120FFF74BF868BB1F48FFF767
:10AD60001FF818BB3846BDE8F08704221C4BC3F817
:10AD7000C827BCE74FF0FF3118484FF0010AFFF732
:10AD800007F800283FF44FAF1648FFF797F8002068
:10AD9000FFF72EF8074600283FF44CAF1248FFF7A4
:10ADA0008DF847E7114F3846BDE8F0871048FFF7A8
:10ADB00085F83846BDE8F0870E48FFF77FF8CDE705
:10ADC000102104F10800FEF7CBFFC3E70A4F384615
:10ADD000BDE8F0874FF47307C4E700BF40220020AE
:10ADE0000050845090B50000A8B500000100F300A9
:10ADF000E8B50000C8B500000300F300A0B30346A7
:10AE000070B4D0E90240D3E9041226BA05BA0CBAEC
:10AE100010BAC3E90440D3E90612986A09BAC3E933
:10AE2000026512BA996100BAD3E9084125BA0CBA91
:10AE3000C3E90725D3E90B12C3E9094009BAD86B66
:10AE400012BAD962D3E90D4125BAC3E90C250CBA6F
:10AE500000BAD3E9101209BA12BAC3E90E40196454
:10AE600000205A6470BC70474FF47300704700BFF5
:10AE700000201870704700BF08B5074B044613B197
:10AE80000021AFF30080054B1868836A03B198472F
:10AE9000204600F08DF800BF00000000E8B600007A
:10AEA00070B50D4D00260D4C641BA410A64209D1AF
:10AEB0000B4D00260B4C00F01FFB641BA410A64298
:10AEC00005D170BD55F8043B01369847EEE755F8BB
:10AED000043B01369847F2E7A8080000A8080000E4
:10AEE000A8080000AC080000431810B501D21F2AC2
:10AEF00001D9002010BD013902F014030144102BC8
:10AF000080EA01043CD009DC8BB1042BF1D11F2C69
:10AF100040E840F315D941E840F10EE0142BE8D1A8
:10AF20001F2C40E8C0F30CD941E8C0F105E01F2C0C
:10AF300040E800F305D941E800F11C460B468C427D
:10AF4000D7D122F01402013A0A2AD2D801A151F82D
:10AF500022F000BFA3AF00009DAF00008FAF000044
:10AF6000F3AE0000F3AE0000F3AE0000F3AE00005D
:10AF7000A9AF0000A3AF000097AF00008FAF0000A3
:10AF80001F2C40E880F3DCD941E880F1D5E713F4C9
:10AF9000001FAFD1ADE713F4801FFAE75B02A9D51C
:10AFA000A7E713F4002FF4E713F4802FF1E700BFB5
:10AFB000FEE700BF002383F30088704700BF80B521
:10AFC00000AFFCF713FB00BF80BDEFF30880EFF389
:10AFD00009812DE9F00F6B467246F6F761F808B06B
:10AFE000FFF7EDFFFEE700BF80B500AFFCF7FEFA0C
:10AFF00000BF80BDEFF30880EFF309812DE9F00F6A
:10B000006B467246F6F74CF808B0FFF7EDFFFEE727
:10B0100000BF80B500AFFCF7E9FA00BF80BDEFF3D9
:10B020000880EFF309812DE9F00F6B467246F6F7C1
:10B0300037F808B0FFF7EDFFFEE700BF80B500AFBF
:10B04000FCF7D4FA00BF80BDEFF30880EFF309816D
:10B050002DE9F00F6B467246F6F722F808B0FFF7BD
:10B06000EDFFFEE700BF80B500AFFCF7BFFA00BF01
:10B0700080BDEFF30880EFF309812DE9F00F6B46F7
:10B080007246F6F70DF808B0FFF7EDFFFEE700BFD8
:10B0900080B487B000AFF860B9607A60FA687B6806
:10B0A00013447B61BA687B6813443B610CE03B69E5
:10B0B000013B3B613A697B69013B7B617B691278AB
:10B0C0001A707B68013B7B607B68002B17D07B6923
:10B0D00003F00303002BEAD13B6903F00303002BC9
:10B0E000E5D10CE03B69043B3B613A697B69043B79
:10B0F0007B617B6912681A607B68043B7B607B68BC
:10B10000032BEFD809E03B69013B3B613A697B695E
:10B11000013B7B617B6912781A707B685A1E7A60EA
:10B12000002BF0D1FB6818461C37BD4680BC704729
:10B1300080B584B000AFF860B9607A60BA68FB6827
:10B140009A4206D37A68B968F86800F00CF80346AA
:10B1500005E07A68B968F868FFF79AFF0346184671
:10B160001037BD4680BD80B487B000AFF860B960CD
:10B170007A60FB687B61BB683B610AE03A69531CFB
:10B180003B617B69591C796112781A707B68013BBD
:10B190007B607B68002B15D07B6903F00303002BD9
:10B1A000ECD13B6903F00303002BE7D10AE03A69D5
:10B1B000131D3B617B69191D796112681A607B68F8
:10B1C000043B7B607B68032BF1D807E03A69531C92
:10B1D0003B617B69591C796112781A707B685A1E31
:10B1E0007A60002BF2D1FB6818461C37BD4680BC44
:10B1F000704780B487B000AFF860B9607A60FB68D0
:10B200003B61BB681A06BB681B041A43BB681B0280
:10B210001A43BB6813437B6108E03B695A1C3A61DF
:10B22000BA68D2B21A707B68013B7B607B68002BE6
:10B230000DD03B6903F00303002BEED107E03B691F
:10B240001A1D3A617A691A607B68043B7B607B68EF
:10B25000032BF4D805E03B695A1C3A61BA68D2B2B4
:10B260001A707B685A1E7A60002BF4D1FB6818466E
:10B270001C37BD4680BC704780B582B000AFEFF38D
:10B2800005837B607B683B603B88C3F308039BB20C
:10B29000002B01D0FCF7AAF9FCF70CFC034618467A
:10B2A0000837BD4680BD80B584B000AF7860EFF34D
:10B2B0000583FB60FB68BB603B89C3F308039BB25B
:10B2C000002B01D0FCF792F97868FCF7FBFB0346F2
:10B2D00018461037BD4680BD80B586B000AFF86017
:10B2E000B9607A603B60EFF305837B617B693B610A
:10B2F0003B8AC3F308039BB2002B01D0FCF776F91D
:10B300003B687A68B968F868FAF79CFF0346184604
:10B310001837BD4680BD80B586B000AFF860B96013
:10B320007A603B60EFF305837B617B693B613B8A1D
:10B33000C3F308039BB2002B01D0FCF757F93B681D
:10B340007A68B968F868FAF7EDFF00BF1837BD46AC
:10B3500080BD80B582B000AFEFF305837B607B6872
:10B360003B603B88C3F308039BB2002B01D0FCF782
:10B370003DF9FCF758FB00BF0837BD4680BD80B5DE
:10B3800082B000AF78600B46FB707B681B68591C6D
:10B390007A6811607A681344FA781A717B681B68BE
:10B3A0001F2B08D97B6800221A607B680433202198
:10B3B000184600F076F800BF0837BD4680BD80B55E
:10B3C00084B000AF786039600023FB600AE03B681E
:10B3D0005A1C3A601B7819467868FFF7D0FFFB6863
:10B3E0000133FB603B681B78002BF0D1FB681846EB
:10B3F0001037BD4680BD80B58AB000AFF860B96037
:10B400007A6000237B6200237B6107F1180300222E
:10B410001A605A6000233B62BB6803F00F037A682E
:10B420001A443B6A591C3962127828333B4403F8AA
:10B43000142CBB681B09BB60BB68002BECD10EE071
:10B440003B6A013B3B6207F114023B6A13441B78E1
:10B450001946F868FFF793FF7B6A01337B623B6A0A
:10B46000002BEDD17B6A18462837BD4680BD0FB44E
:10B4700080B582B000AF00237B6007F114033B600E
:10B4800039683869FDF7AEFC78607B681846083784
:10B49000BD46BDE8804004B0704702DF704700BF82
:10B4A000184680B582B000AF786039603968786836
:10B4B000FFF7F3FF034618460837BD4680BD2DE968
:10B4C000E04F2746A046A146A246A346A446A2B006
:10B4D0002DEC000A84F3008825462646A447EFF3A6
:10B4E000148515F0080F18BFB0EE400A3DEC000AB5
:10B4F00022B0BDE8E08F0000F8B500BFF8BC08BC82
:10B500009E467047F8B500BFF8BC08BC9E46704721
:10B510007AFFFFFF54464D5F43525950544F00008D
:10B5200054464D5F504C4154464F524D5F53455227
:10B530005649434500000000303132333435363748
:10B540003839616263646566303132333435363799
:10B550003839414243444546307800005B556E73AC
:10B560007570706F72746564205461675D000000CF
:10B57000FF8FFFFFFF8FFFFFFE8FFFFFFE8FFFFF9D
:10B58000FD8FFFFFFC8FFFFFFC8FFFFFFB8FFFFF97
:10B590004661696C20746F20616371756972652002
:10B5A0006D757465780A00004661696C20746F20BF
:10B5B000696E63726561736520504D20636F756EAF
:10B5C0007465720A000000004661696C20746F2087
:10B5D000646563726561736520504D20636F756E9D
:10B5E0007465720A000000004661696C20746F2067
:10B5F00072656C65617365206D757465780A00000D
:10B60000436F756C64206E6F74206C6F636B207079
:10B610006F7765722073617665206D75746578004B
:10B620006D757465785F667265652063616C6C65C5
:10B63000642077697468204E554C4C2070617261AB
:10B640006D6574657200000043616E277420696E39
:10B65000697469616C697A65206D757465782C20F0
:10B66000776173204E554C4C0D0A00004661696CA1
:10B6700020746F20756E6C6F636B206D75746578C8
:10B680000A0000000A637478206973204E554C4C00
:10B690000A00000067E6096A85AE67BB72F36E3C7C
:10B6A0003AF54FA57F520E518C68059BABD9831F8D
:10B6B00019CDE05BD89E05C107D57C3617DD70300B
:10B6C00039590EF7310BC0FF11155868A78FF9646F
:10B6D000A44FFABE0123456789ABCDEFFEDCBA98D3
:10B6E00076543210F0E1D2C39C220020000000000A
:10B6F000000000000000000000000000000000004A
:10BC00007FE97FE9FCF77EBE7FE97FE9FCF78EBE26
:10BC10007FE97FE9FCF7C6BE7FE97FE9FCF7B2BEAA
:10BC20007FE97FE9FCF796BE0000000000000000FD
:10BC30000000000000000000000000000000000004
:10BC40000090D00300900050000000001882000017
:10BC500004000000000000000000000000000000E0
:10BC6000000000000000000000000000540100007F
:10BC700028020000FC2200205C2300205C2300201E
:10BC80007423002090ED00E0003000500090005040
:10BC90006F950050001008507F1608506FB40000D8
:10BCA0003D90000039900000F3B1000000300050DA
:10BCB0003822002068220020602200205C22002020
:10BCC000582200208D9E0000819E0000759E00007D
:10BCD00000000000999E0000942200208C22002089
:10BCE00084220020000000007C220020B59F00007C
:10BCF000019F0000359F00007D9F0000B4360020AA
:10BD00003A00003AB83600203A00003ABC3600202B
:10BD10003A00003AC03600203A00003A0000000025
:10BD20000000000000000000000000000000000013
:10BD30000000000000000000000000000000000003
:10BD400000000000000000000000000000000000F3
:10BD500000000000000000000000000000000000E3
:10BD600000000000000000000000000000000000D3
:0CBD7000000000000000000000000000C7
:020000040001F9
:10000000B0D200205161010057B602003D610100ED
:100010003D6101003D6101003D6101003D61010064
:10002000000000000000000000000000CD620100A0
:100030003D61010000000000696201003D610100B6
:10004000C5640100C5640100C5640100C564010008
:10005000C5640100C5640100C5640100C5640100F8
:10006000C5640100C5640100C5640100C5640100E8
:10007000C5640100C5640100C5640100C5640100D8
:10008000C5640100C5640100C5640100C5640100C8
:10009000C5640100C5640100C5640100C5640100B8
:1000A000C5640100C5640100C5640100C5640100A8
:1000B000C5640100C5640100C5640100C564010098
:1000C000C5640100C5640100C5640100C564010088
:1000D000C5640100C5640100C5640100C564010078
:1000E000C5640100C5640100C5640100C564010068
:1000F000C5640100C5640100C5640100C564010058
:10010000C5640100C5640100C5640100C564010047
:10011000C5640100C5640100C5640100C564010037
:10012000C5640100C5640100C5640100C564010027
:10013000C5640100C5640100C5640100C564010017
:10014000C5640100C5640100C5640100C564010007
:04015000C564010081
:1001580081F0004102E000BF83F0004330B54FEA70
:1001680041044FEA430594EA050F08BF90EA020FDD
:100178001FBF54EA000C55EA020C7FEA645C7FEA70
:10018800655C00F0E2804FEA5454D4EB5555B8BF93
:100198006D420CDD2C4480EA020281EA030382EA04
:1001A800000083EA010180EA020281EA0303362D96
:1001B80088BF30BD11F0004F4FEA01314FF4801C69
:1001C8004CEA113102D0404261EB410113F0004F7B
:1001D8004FEA03334CEA133302D0524263EB430332
:1001E80094EA050F00F0A780A4F10104D5F1200ED0
:1001F8000DDB02FA0EFC22FA05F2801841F100012B
:1002080003FA0EF2801843FA05F359410EE0A5F1FE
:1002180020050EF1200E012A03FA0EFC28BF4CF02F
:10022800020C43FA05F3C01851EBE37101F00045E5
:1002380007D54FF0000EDCF1000C7EEB00006EEBF2
:100248000101B1F5801F1BD3B1F5001F0CD349087C
:100258005FEA30004FEA3C0C04F101044FEA4452D3
:1002680012F5800F80F09A80BCF1004F08BF5FEA5A
:10027800500C50F1000041EB045141EA050130BD3A
:100288005FEA4C0C404141EB0101013C28BFB1F54C
:10029800801FE9D291F0000F04BF01460020B1FA97
:1002A80081F308BF2033A3F10B03B3F120020CDA6A
:1002B8000C3208DD02F1140CC2F10C0201FA0CF048
:1002C80021FA02F10CE002F11402D8BFC2F1200CAD
:1002D80001FA02F120FA0CFCDCBF41EA0C01904063
:1002E800E41AA2BF01EB0451294330BD6FEA0404AC
:1002F8001F3C1CDA0C340EDC04F11404C4F1200297
:1003080020FA04F001FA02F340EA030021FA04F3A8
:1003180045EA030130BDC4F10C04C4F1200220FAFF
:1003280002F001FA04F340EA0300294630BD21FA3D
:1003380004F0294630BD94F0000F83F4801306BF03
:1003480081F480110134013D4EE77FEA645C18BFF7
:100358007FEA655C29D094EA050F08BF90EA020F8E
:1003680005D054EA000C04BF1946104630BD91EA86
:10037800030F1EBF0021002030BD5FEA545C05D189
:100388004000494128BF41F0004130BD14F58004C8
:100398003CBF01F5801130BD01F0004545F0FE413C
:1003A80041F470014FF0000030BD7FEA645C1ABF71
:1003B800194610467FEA655C1CBF0B46024650EAA8
:1003C800013406BF52EA033591EA030F41F40021D4
:1003D80030BD00BF90F0000F04BF0021704730B55A
:1003E8004FF4806404F132044FF000054FF000012F
:1003F80050E700BF90F0000F04BF0021704730B5F0
:100408004FF4806404F1320410F0004548BF4042C4
:100418004FF000013EE700BF42004FEAE2014FEA19
:1004280031014FEA02701FBF12F07F4393F07F4FF4
:1004380081F06051704732F07F4208BF704793F0F7
:100448007F4F04BF41F40021704730B54FF460740A
:1004580001F0004521F000411CE700BF50EA01020D
:1004680008BF704730B54FF000050AE050EA0102B6
:1004780008BF704730B511F0004502D5404261EB26
:1004880041014FF4806404F132045FEA915C3FF467
:10049800D8AE4FF003025FEADC0C18BF03325FEA04
:1004A800DC0C18BF033202EBDC02C2F1200300FAB5
:1004B80003FC20FA02F001FA03FE40EA0E0021FADA
:1004C80002F11444BDE600BF70B54FF0FF0C4CF4C8
:1004D800E06C1CEA11541DBF1CEA135594EA0C0F7A
:1004E80095EA0C0F00F0DEF82C4481EA030621EAB5
:1004F8004C5123EA4C5350EA013518BF52EA0335F0
:1005080041F4801143F4801338D0A0FB02CE4FF0A1
:100518000005E1FB02E506F00042E0FB03E54FF0D1
:100528000006E1FB03569CF0000F18BF4EF0010EC9
:10053800A4F1FF04B6F5007F64F5407404D25FEAC5
:100548004E0E6D4146EB060642EAC62141EA555178
:100558004FEAC52040EA5E504FEACE2EB4F1FD0CBA
:1005680088BFBCF5E06F1ED8BEF1004F08BF5FEA38
:10057800500E50F1000041EB045170BD06F00046EA
:1005880046EA010140EA020081EA0301B4EB5C0497
:10059800C2BFD4EB0C0541EA045170BD41F480118F
:1005A8004FF0000E013C00F3AB8014F1360FDEBFB4
:1005B800002001F0004170BDC4F10004203C35DA90
:1005C8000C341BDC04F11404C4F1200500FA05F313
:1005D80020FA04F001FA05F240EA020001F00042B4
:1005E80021F0004110EBD37021FA04F642EB06012A
:1005F8005EEA430E08BF20EAD37070BDC4F10C0454
:10060800C4F1200500FA04F320FA05F001FA04F217
:1006180040EA020001F0004110EBD37041F1000103
:100628005EEA430E08BF20EAD37070BDC4F120050E
:1006380000FA05F24EEA020E20FA04F301FA05F276
:1006480043EA020321FA04F001F0004121FA04F21E
:1006580020EA020000EBD3705EEA430E08BF20EAEE
:10066800D37070BD94F0000F0FD101F00046400028
:1006780041EB010111F4801F08BF013CF7D041EAAA
:10068800060195F0000F18BF704703F000465200AE
:1006980043EB030313F4801F08BF013DF7D043EA7F
:1006A8000603704794EA0C0F0CEA135518BF95EA35
:1006B8000C0F0CD050EA410618BF52EA4306D1D1BC
:1006C80081EA030101F000414FF0000070BD50EADB
:1006D800410606BF1046194652EA430619D094EA65
:1006E8000C0F02D150EA013613D195EA0C0F05D14F
:1006F80052EA03361CBF104619460AD181EA0301A3
:1007080001F0004141F0FE4141F470014FF000005A
:1007180070BD41F0FE4141F4780170BD70B54FF0F5
:10072800FF0C4CF4E06C1CEA11541DBF1CEA135575
:1007380094EA0C0F95EA0C0F00F0A7F8A4EB050457
:1007480081EA030E52EA03354FEA013100F088804E
:100758004FEA03334FF0805545EA131343EA126317
:100768004FEA022245EA111545EA10654FEA0026CC
:100778000EF000419D4208BF964244F1FD0404F585
:10078800407402D25B084FEA3202B61A65EB0305E1
:100798005B084FEA32024FF480104FF4002CB6EB9E
:1007A800020E75EB030E22BFB61A754640EA0C001E
:1007B8005B084FEA3202B6EB020E75EB030E22BF5E
:1007C800B61A754640EA5C005B084FEA3202B6EB9F
:1007D800020E75EB030E22BFB61A754640EA9C005E
:1007E8005B084FEA3202B6EB020E75EB030E22BF2E
:1007F800B61A754640EADC0055EA060E18D04FEAEC
:10080800051545EA16754FEA06164FEAC30343EA8B
:1008180052734FEAC2025FEA1C1CC0D111F4801F58
:100828000BD141EA00014FF000004FF0004CB6E751
:1008380011F4801F04BF01430020B4F1FD0C88BFF0
:10084800BCF5E06F3FF6AFAEB5EB030C04BFB6EBFB
:10085800020C5FEA500C50F1000041EB045170BDEE
:100868000EF0004E4EEA113114EB5C04C2BFD4EB1B
:100878000C0541EA045170BD41F480114FF0000E9F
:10088800013C90E645EA060E8DE60CEA135594EA1B
:100898000C0F08BF95EA0C0F3FF43BAF94EA0C0F1E
:1008A8000AD150EA01347FF434AF95EA0C0F7FF493
:1008B80025AF104619462CE795EA0C0F06D152EAE7
:1008C80003353FF4FDAE1046194622E750EA4106CB
:1008D80018BF52EA43067FF4C5AE50EA41047FF4DC
:1008E8000DAF52EA43057FF4EBAE12E74FF0FF3C41
:1008F80006E000BF4FF0010C02E000BF4FF0010C12
:100908004DF804CD4FEA410C7FEA6C5C4FEA430C8A
:1009180018BF7FEA6C5C1BD001B050EA410C0CBFD9
:1009280052EA430C91EA030F02BF90EA020F00203B
:10093800704710F1000F91EA030F58BF994208BFA2
:1009480090422CBFD8176FEAE37040F0010070475F
:100958004FEA410C7FEA6C5C02D150EA013C07D1B6
:100968004FEA430C7FEA6C5CD6D152EA033CD3D001
:100978005DF8040B704700BF8446104662468C46FB
:100988001946634600E000BF01B5FFF7B7FF00282E
:1009980048BF10F1000F01BD4DF808EDFFF7F4FF57
:1009A8000CBF012000205DF808FB00BF4DF808EDE2
:1009B800FFF7EAFF34BF012000205DF808FB00BF05
:1009C8004DF808EDFFF7E0FF94BF012000205DF827
:1009D80008FB00BF4DF808EDFFF7CEFF94BF0120DC
:1009E80000205DF808FB00BF4DF808EDFFF7C4FFD5
:1009F80034BF012000205DF808FB00BF4FEA410C1E
:100A08007FEA6C5C02D150EA013C0AD14FEA430C00
:100A18007FEA6C5C02D152EA033C02D14FF000003D
:100A280070474FF00100704753B94AB9002908BF11
:100A380000281CBF4FF0FF314FF0FF3000F00CB81A
:100A4800ADF1080C6DE904CE00F01AF8DDF804E009
:100A5800DDE9022304B07047704700BF10F8012B8E
:100A680011F8013B012A28BF9A42F7D0D01A7047E3
:100A7800034613F8012B002AFBD1181A01387047D6
:100A88002DE9F04786468C460846089E154674466A
:100A98001946002B40F0C1808542B2FA82F245D94E
:100AA8004AB1C2F1200300FA02FC954094402EFAA4
:100AB80003F343EA0C0C4FEA154EA8B2230CBCFB17
:100AC800FEF80EFB18CC08FB00F943EA0C439945E5
:100AD80028D9EB1808F1FF3704D2994502D9A8F1B3
:100AE80002072B44A3EB0903A4B2B3FBFEFC0EFBE5
:100AF8001C330CFB00F044EA0344A04214D92C191F
:100B08000CF1FF3304D2A04202D9ACF102032C4409
:100B1800241A43EA07401EB1D440002334607360AE
:100B2800BDE8F0874746DDE76346F1E792BB431B24
:100B380001214FEA154EAFB2200CB3FBFEFC0EFBB1
:100B48001C330CFB07F840EA0343984561D9EB18BE
:100B58000CF1FF3004D2984502D9ACF102002B44C5
:100B6800A3EB0803A4B2B3FBFEFC0EFB1C330CFB87
:100B780007F744EA0344A7424DD92C190CF1FF3377
:100B880004D2A74202D9ACF102032C44E41B43EA85
:100B98000040C0E7C2F120039540944020FA03F1D9
:100BA8002EFA03F34FEA154E9040AFB20343B1FB60
:100BB800FEFC0EFB1C10190C0CFB07F841EA004167
:100BC800884522D969180CF1FF3004D2884502D92A
:100BD800ACF102002944A1EB08019BB2B1FBFEFC79
:100BE8000EFB1C110CFB07F743EA01439F420ED989
:100BF800EB180CF1FF3104D29F4202D9ACF102018B
:100C08002B44DB1B41EA004193E76046E3E761467A
:100C1800F7E76046A4E76346B8E7834206D916B902
:100C2800002108467CE7C6E900E0F9E7B3FA83F754
:100C38008FB9834201D3724508D8BEEB020460EB3A
:100C4800030301209C461EB9002169E73846FAE7EC
:100C5800C6E9004CF8E7C7F1200CBB400EFA07F5CF
:100C680022FA0CF42EFA0CF1BA401C4320FA0CF3C9
:100C7800B8404FEA144901431FFA84FEB3FBF9F860
:100C880009FB18300B0C08FB0EFA43EA00439A459F
:100C980040D9E31808F1FF3004D29A4502D9A8F1E7
:100CA80002002344A3EB0A0389B2B3FBF9F809FB5A
:100CB800183308FB0EFE41EA03418E452CD9611812
:100CC80008F1FF3304D28E4502D9A8F1020321446A
:100CD80043EA0040A1EB0E01A0FB02984145CE4635
:100CE800434602D306D14D4504D20138B9EB020E72
:100CF80068EB0403002EA7D0B5EB0E0261EB0301ED
:100D080001FA0CFC22FA07F3F9404CEA0303C6E99E
:100D1800003199E74046C5E74346D9E7000000009F
:100D28002DE9F04F91B006460F46CDE90023DDE9E5
:100D3800003525F0004858EA030200F0A18021F0B0
:100D48000044834A894682469442029416D810D1B8
:100D5800D8B9A04519D81ED1BBB97E4B9C4240F2E8
:100D68009280002D80F2B3840020002111B0BDE8EC
:100D7800F08F904502D80ED1002B7AD004F1404470
:100D880004F5801454EA0A047AD0734811B0BDE817
:100D9800F04F18F00DBFB9F1000F08DA6F4A90450F
:100DA8000BD9002B00F09E804FF0020B23E0002BA4
:100DB80000F087804FF0000B1DE0664A904506D88A
:100DC800002BF7D1B5F1804F68D09B4613E04FEA6E
:100DD8002852A2F2FF32142A36DDC2F1340223FA75
:100DE80002F101FA02F29A42EAD101F00101C1F1DD
:100DF800020B002B4FD03046394620F064FBBAF185
:100E0800000F7CD129F04042554B9A4201D0002C6A
:100E180075D1002D05DA02460B4600205049FFF730
:100E28007DFCB9F1000FA1DA04F1404404F5801407
:100E380054EA0B045BD102460B4610461946FFF7ED
:100E48008BF902460B4639E0002BB3D1C2F11402EC
:100E580048FA02F101FA02F24245414A25D1904589
:100E680025D0B5F1804F19D001F00101C1F1020B75
:100E7800C1E704F1404303F5801303437FF46DAFEA
:100E88000020374972E7002DBFF66EAFDDE9000399
:100E980003F100416AE7B5F1804FACD132463B46D9
:100EA80010461946FFF710FB60E790458AD1002DE0
:100EB80080F2118432463B4600202949FFF72EFC78
:100EC80054E7274A9045F2D0B5F1804FE6D0254A3D
:100ED80095427FF47AAF3046394611B0BDE8F04FFD
:100EE80018F0AEBDB5F1804F7FF45EAFD6E7BBF129
:100EF800010F7FF43BAF01F10043194636E74FEA93
:100F0800D973013B0C935BEA030302D132463B469B
:100F180093E7154B984540F2F98003F1047398451F
:100F28000C4B08D99C420BD8002DBFF61DAF06A369
:100F3800D3E90023B4E79C42F6D3094B9C4215D968
:100F4800002DF4DC10E700BF9C7500883CE4377E78
:100F58000000F07FFFFFEF3FDD800300FFFF3F430E
:100F68000000F03F0000E03F0000E0410022624B3B
:100F7800FFF7F2F804460D4655A3D3E90023FFF71F
:100F8800A3FA06460F462046294653A3D3E9002371
:100F9800FFF79AFA0022594BCDE90201204629466B
:100FA800FFF792FA02460B464DA1D1E90001FFF77F
:100FB800D3F822462B46FFF787FA02460B46002055
:100FC8004F49FFF7C9F88046894622462B462046F6
:100FD80029460024FFF778FA02460B464046494660
:100FE800FFF772FA40A3D3E90023FFF76DFA024630
:100FF8000B46DDE90201FFF7AFF802460B468046D3
:10100800894630463946FFF7A9F832463B4620461E
:101018000D46FFF7A1F802460B4640464946FFF742
:101028009BF80BF1FF330C9A06460F4613434FF01B
:10103800000214BF304B334BCDE90223DDE9002316
:10104800DDE90001CDE9042300230493DDE904ABC5
:101058005B465246FFF780F822462B46FFF734FAE4
:101068008046894630463946DDE90023FFF72CFAE9
:1010780002460B4640464946FFF770F806460F46BB
:101088005B46524620462946FFF71EFA0B460246A3
:101098008046894630463946FFF760F81A4B0446C1
:1010A8000D4699428B4640F3088201F13F4303F510
:1010B800E003034300F0E6810DA3D3E90023DDE953
:1010C8000201FFF701FA0AA3D3E90023EAE600BF09
:1010D800000000604715F73F44DF5DF80BAE543E53
:1010E800555555555555D53FFE822B654715F73F44
:1010F8009C7500883CE4377E0000F03F0000D03F3C
:101108000000E03F0000F0BFFFFF8F40CE4B002201
:1011180009EA03032BB9CD4BFFF7D6F96FF0340278
:101128000291029B1B15A3F2FF3313440993029B00
:10113800C3F3130AC64B4AF07F559A4545F4401548
:1011480008DDC44B9A4540F39A81099BA5F58015A3
:10115800013309934FF0000A4FEACA0329466D107C
:101168000D93BD4B45F0005503EBCA0305F500256B
:10117800D3E90034CDE90A011A46CDE906342346FD
:10118800FEF7EAFF06460F46DDE90A23DDE9060118
:10119800FEF7E4FF02460B460020B049FFF7BEFA0F
:1011A80002460B46CDE90E0130463946FFF78CF969
:1011B8000022CDE90401DDE90434CDE9023400233D
:1011C8001446029305EB8A43DDE902891D46404631
:1011D8004946FFF779F902460B4630463946FEF78D
:1011E800BBFF06460F4620462946DDE90623FEF7E3
:1011F800B3FF02460B46DDE90A01FEF7ADFF4246A2
:101208004B46FFF761F902460B4630463946FEF772
:10121800A3FFDDE90E23FFF757F9DDE90423CDE944
:10122800060110461946FFF74FF904460D4674A308
:10123800D3E90023FFF748F973A3D3E90023FEF7A6
:101248008DFF22462B46FFF73FF971A3D3E9002310
:10125800FEF784FF22462B46FFF736F96EA3D3E943
:101268000023FEF77BFF22462B46FFF72DF96CA3E0
:10127800D3E90023FEF772FF22462B46FFF724F935
:1012880069A3D3E90023FEF769FF06460F46224605
:101298002B4620462946FFF717F902460B463046EB
:1012A8003946FFF711F9424604460D464B46DDE93B
:1012B8000401FEF753FFDDE90623FFF705F922468F
:1012C8002B460024FEF74AFF42464B46CDE90A0169
:1012D80040464946FFF7F8F80022614B06460F469C
:1012E800FEF73CFFDDE90A23FEF738FF0D462246EC
:1012F8000B4640464946FFF7E7F8002280468946F4
:10130800574B20462946FEF727FF32463B46FEF755
:1013180023FF02460B46DDE90A01FEF71DFFDDE962
:101328000423FFF7D1F806460F4622462B46002431
:10133800DDE90601FFF7C8F802460B463046394694
:10134800FEF70CFF06460F4602460B464046494646
:10135800FEF704FF0D46204635A3D3E90023FFF727
:10136800B3F842464B46CDE9040120462946FEF72C
:10137800F3FE02460B4630463946FEF7EDFE2EA335
:10138800D3E90023FFF7A0F806460F462046294672
:1013980000242BA3D3E90023FFF796F802460B4657
:1013A80030463946FEF7DAFE0D9A2E4B1344D3E940
:1013B8000023FEF7D3FECDE906010998FFF71AF8D6
:1013C8000D9A294B06460F461344D3E90089DDE9F7
:1013D8000401DDE90623FEF7C1FE42464B46FEF74F
:1013E800BDFE32463B46FEF7B9FE32463B46204636
:1013F8000D46FEF7B1FE42464B46FEF7ADFE35E020
:10140800EF4E454A287ECA3F65DBC9934A86CD3FE1
:1014180001411DA96074D13F4D268F515555D53FC7
:10142800FFAB6FDBB66DDB3F033333333333E33F5F
:10143800000000E009C7EE3FFD033ADC09C7EE3FB4
:10144800F5015B14E02F3EBE0000F07F0000404332
:101458008E98030079B60B00D81C03000000F03FFB
:1014680000000840B81C0300C81C0300DDE9042381
:10147800FEF772FE02460B46DDE90601CFE54FF0A6
:10148800010A69E696A3D3E9002330463946FEF7F8
:1014980065FE42464B46CDE9000120462946FEF747
:1014A8005BFE02460B46DDE90001FFF79DFA0028C6
:1014B8007FF402AE40F2094323E021F000439C4C44
:1014C800A34219D99B4B0B4403430AD086A3D3E903
:1014D8000023DDE90201FEF7F7FF83A3D3E9002328
:1014E800E0E442464B46FEF737FE32463B46FFF7FE
:1014F80071FA0028DED0E9E78F4A934240F2E28091
:101508001B15A3F2FE334FF4801A8C48BBF1000F71
:101518004AFA03FA4FF00002DA44CAF30A51A1F278
:10152800FF3140FA01F0C1F1140100EA0A03CAF3DD
:10153800130A40464AF4801A4AFA01FA4946B8BFE3
:10154800CAF1000AFEF708FE8046894600243246A2
:101558003B4640464946FEF701FE0D46204664A339
:10156800D3E90023FEF7B0FF42464B46CDE9000120
:1015780020462946FEF7F0FD02460B46304639461E
:10158800FEF7EAFD5CA3D3E90023FEF79DFF804642
:101598008946204629465AA3D3E90023FEF794FF3B
:1015A80002460B4640464946FEF7D8FD04460D461E
:1015B80002460B46DDE90001FEF7D0FD804689466C
:1015C800DDE90023FEF7C8FD02460B462046294602
:1015D800FEF7C2FD424606460F464B464046494680
:1015E800FEF772FF04460D4647A3D3E90023FEF732
:1015F8006BFF47A3D3E90023FEF7AEFD22462B4637
:10160800FEF762FF44A3D3E90023FEF7A7FD2246B5
:101618002B46FEF759FF42A3D3E90023FEF79CFDB2
:1016280022462B46FEF750FF3FA3D3E90023FEF7DF
:1016380095FD22462B46FEF747FF02460B464046DD
:101648004946FEF789FD04460D4602460B464046CC
:101658004946FEF739FF00224FF08043CDE90001EB
:1016680020462946FEF778FD02460B46DDE90001D3
:10167800FFF754F8324604460D463B464046494675
:10168800FEF722FF32463B46FEF768FD02460B4650
:1016980020462946FEF760FD42464B46FEF75CFDB4
:1016A80002460B4600202649FEF756FD01EB0A5478
:1016B800B4F5801F09DA524600F046F8DDE9022346
:1016C800FFF7F0BBDDF810A040E72146F6E7DDE9BB
:1016D8000001FFF74BBB30463946FFF747BB00BF59
:1016E800FE822B654715973C59F3F8C21F6EA5017A
:1016F80000000000432EE63FEF39FAFE422EE63F97
:10170800396CA80C615C20BED0A4BE726937663EF5
:10171800F16BD2C541BDBB3E2CDE25AF6A56113FE9
:1017280093BDBE166CC1663F3E5555555555C53FD0
:10173800FFCB904000346F3F0000E03F0000F0FF17
:101748000000F03F000000002DE9F0481646C1F304
:101758000A5283468C460B4682B921F00043034364
:1017680035D02D4B0022FEF7AFFE2C4B83468C461E
:101778009E420DDA24A3D3E900231CE040F2FF7750
:10178800BA4209D10246FEF7E9FC83468C461EE0C0
:10179800C1F30A520B46363A324440F2FE718A428D
:1017A8000CDD4FEADC711E4819A3D3E900231C465F
:1017B80061F3DF742146FEF787FEE6E7002A0ADDBB
:1017C80023F0FF4323F4E00343EA0255AC465846AE
:1017D8006146BDE8F08812F1350F09DA0CF00043D4
:1017E800104843F0D27141F4B73141F01F01C1E70D
:1017F80023F0FF433632584623F4E00343EA025508
:101808000022094B2946D6E759F3F8C21F6EA501F5
:101818009C7500883CE4377E00005043B03CFFFFD5
:101828009C75008859F3F8C20000903C10B590B040
:10183800354A0321354819F019FE354818F0A3FD3B
:1018480000F07EF840B1334A0121304819F00EFE0D
:101858004FF0FF3010B010BD1E224FF496712E4885
:1018680000F0DAF82D4A0321284819F0FFFD03E0BB
:101878002120002116F0F6FB294818F084FD29489C
:1018880000F088F80028F3D1264AD478240224B23C
:1018980093781C43137912782146234818F073FD76
:1018A80021461D4800F0CEF8002828D01A4C2146C1
:1018B80004A818F010FA1D4818F065FDDDE90823A2
:1018C800CDE90223DDE90623CDE90023DDE9042380
:1018D800174818F058FDDDE90E23CDE90223DDE9AC
:1018E8000C23CDE90023DDE90A23124818F04BFD4B
:1018F800204618F017FA104818F045FDBCE70F48C5
:1019080018F041FDB8E700BFF81C0300A41A030053
:10191800041D0300181D0300908C00202C1D0300DB
:10192800481D0300589C00205C1D0300A41D0300F3
:10193800C01D0300DC1D0300F81D0300841D030007
:1019480010B50E480E4B18601FF0ACF968B10D4B7E
:1019580040F201129A8000241C60DC800A4A0321AC
:101968000A4819F083FD204610BD094A012107489D
:1019780019F07CFD6FF01200F6E700BF4C1703006A
:10198800749C0020609C00202C1E0300941B030004
:10199800141E030030B587B0044604AB0293052338
:1019A800039302AB009301230193154818F0EBFC55
:1019B800144B186883681D686B4600221249A847B3
:1019C8000546124818F0DFFC002D12DB9DF8103098
:1019D80023709DF8113063709DF81230A3709DF844
:1019E8001330E3709DF8143023710025284607B0A2
:1019F80030BD2B46064A0121064819F041FDF5E79E
:101A0800581E0300749C0020609C0020701E030078
:101A1800841E0300941B030070B505460E46144649
:101A2800B02200211FF016FD2E606C60013C06FB01
:101A380004F4034BA3FB0434E408AC60EE6070BD0F
:101A4800ABAAAAAA2DE9D04382B00446D0E90689F8
:101A58000846FEF7CFFC06460F4602460B464046B0
:101A68004946FEF77BFBC4E90601216A0131216280
:101A7800A3680093D4F8A43094F8A020284818F05C
:101A880082FCE368ABBB236901332361032B42D992
:101A980000232361D4E90689206AFEF79BFC0246ED
:101AA8000B4640464946FEF739FE02460B4630468D
:101AB8003946FEF751FB02460B4694F8A010F1B9DF
:101AC80004F1280000F02EF8D4F8A4300133C4F84B
:101AD800A430A268934220D394F8A0300133DBB23B
:101AE80084F8A0300022C4F8A420022B0FD80020CC
:101AF80002E0013BE360002002B0BDE8D083012989
:101B080002D004F17800DDE704F15000DAE70120A3
:101B180084F8A800F0E70020EEE70020ECE700BF1B
:101B2800A41E03002DE9F04F89B00446104619465B
:101B3800256805F1010AC4F800A0D4E902894246E3
:101B48004B46FEF709FB06460F465046FEF742FC99
:101B5800CDE9020102460B4630463946FEF7DEFD66
:101B680002460B46CDE90023FEF7AEFC82468B46C3
:101B7800DDE9002330463946FEF7A6FC06460F4647
:101B88002846FEF727FC02460B4630463946FEF744
:101B98009BFC06460F46DDE9002340464946FEF712
:101BA800DDFAC4E90201D4E90812CDE90612CDE94B
:101BB800046732463B4650465946FEF785FC804648
:101BC8008946DDE902562A46334628463146FEF75D
:101BD8007BFC06460F460022404BDDE90201FEF77A
:101BE80073FC02460B4630463946FEF7B5FA00222A
:101BF8003A4BFEF7B3FA02460B4640464946FEF713
:101C080063FC06460F460022354B50465946FEF700
:101C18005BFCD4E904AB52465B46FEF755FC024632
:101C28000B4630463946FEF799FA06460F4600221B
:101C38002C4BDDE90001FEF747FCD4E90689424652
:101C48004B46FEF741FC02460B4630463946FEF746
:101C580083FA02460B46DDE90601FEF77FFAC4E97E
:101C68000801DDE90423DDE90001FEF72DFC064645
:101C78000F4600224FF08043DDE90201FEF76CFABF
:101C880002460B4630463946FEF71EFC06460F460E
:101C98000022124BDDE90001FEF716FC02460B4656
:101CA80050465946FEF710FC02460B463046394668
:101CB800FEF752FA02460B4640464946FEF74EFAF0
:101CC800C4E90601DDE9042350465946FEF746FA01
:101CD800C4E9040109B0BDE8F08F00BF0000084066
:101CE80000001840000010402DE9D0430446006869
:101CF800022803D800201749BDE8D083FEF76AFB05
:101D080006460F4602460B46D4E90401FEF706FDD7
:101D18008046894632463B46D4E90601FEF7FEFC7A
:101D280006460F4600220C4B4046494617F0DAFD9E
:101D38008046894600220023FEF72EFE30B942462F
:101D48004B4630463946FEF7E9FCD5E70020014905
:101D5800D2E700BF0000F87F0000F83F2DE9F84304
:101D680004460068032828D9FEF734FB06460F46C8
:101D780002460B46D4E90401FEF7D0FC80468946AA
:101D880032463B46D4E90801FEF7C8FC06460F4632
:101D980042464B4640464946FEF796FB04460D46EA
:101DA80000220023FEF7F8FD50B922462B463046A4
:101DB8003946FEF7B3FCBDE8F88300200249FAE78C
:101DC80000200149F7E700BF0000F87F002947D04D
:101DD80070B50D460668304618F0F5F8044606EB6F
:101DE800C003B268B2F5004F17D35B6813F0010F58
:101DF80015D004EB5303B2F5004F1FD356F8332028
:101E08009B1A9C421DD100222146304617F0B5FF8F
:101E18002146304618F034F970BD5B88E6E7114C6E
:101E2800AF2322461049114818F015FD29461048DD
:101E380018F011FDAF21204618F004FD36F83320C4
:101E4800DEE7084CB72322460A49084818F003FD84
:101E58002946094818F0FFFCB721204618F0F2FC83
:101E6800704700BFDC1E0300001F0300141F03009F
:101E7800341F03006C1F0300941F0300F8B5B2F56C
:101E8800802F01D2042A2BD9B2F5802F38D308230A
:101E9800D21ACC1D24F007040A4422F00702121BB0
:101EA800D108172A2ED90460A1600023E360B2F597
:101EB800802F37D308200830A1EBD0030133B3FAC1
:101EC80083F3C3F1200CC3F124039B0003F1070E35
:101ED8004FEADE0606EBD000884225D8002338E01A
:101EE800414C4FF4077322464049414818F0B3FC6F
:101EF800404818F0B0FC4FF40771204618F0A2FCD7
:101F08000423C5E7384C40F2252322463A4938488D
:101F180018F0A1FC374818F09EFC40F22521204615
:101F280018F090FC0420C6E72F4C40F23A232246D2
:101F380032492F4818F08FFC2E4818F08CFC40F2DC
:101F48003A21204618F07EFC181D002544F8205040
:101F580001336345F8DB7300B2F5802F31D363603A
:101F6800B2F5802F2FD300232360B2F5802F2DD315
:101F7800636843F001036360881B47002EF0070382
:101F8800E518B2F5802F26D36F60A568B5F5004F28
:101F980023D3E65022F007032244A568B5F5004F85
:101FA8001DD300255560A268B2F5004F1AD3E05042
:101FB8000122204617F0E1FE3146204618F037F896
:101FC800F8BD6380CCE700232380CEE7638843F025
:101FD80001036380D0E76F80D7E7E652DAE7002590
:101FE8005580E0E7E052E3E7DC1E0300D01F030062
:101FF800141F0300F41F0300102003003C200300FB
:10200800F8B540B1064603784578847804EB830434
:102018000444002711E00B4CC62322460A490B480A
:1020280018F019FCC621204618F00CFC0134204693
:10203800FEF71EFD013004440137AF42F6D3A01B62
:10204800F8BD00BF6820030098200300141F030098
:102058002DE9F04F97B000AF39617A617862B0B17D
:102068009B46D7F88030C3F3C003FB613B69DBB103
:102078007B6A93F80280C7F80C80B8F1000F18D07B
:10208800D7F8803013F0010F1FD1002312E0A74CBE
:1020980040F299332246A649A64818F0DCFB40F2E4
:1020A8009931204618F0CEFB786AFFF7A9FF38610E
:1020B800DEE700237A6AD2783A6242B1D7F8802004
:1020C80012F0020F22D1002202E00123F2E70022DF
:1020D80002B9EBB1796A0D78AA00BA600A46496874
:1020E800B96102EB85057A69FAB1002B40F00581E8
:1020F800FB68002B00F01081D7F8803013F0040F34
:1021080040F00E81002082468046FAE00122DFE797
:102118007B691BB15A463969786A9847D7F8109095
:1021280048465C37BD46BDE8F08FD7F81090E3B954
:10213800FB681D444FF0000B22E081440135013457
:1021480044451CD22A7800235AF822201946786977
:1021580018F093F8002EF0D0D7F888309B45ECD2D1
:1021680026F81B000BF1010BE7E70024A346D7F87C
:102178000C803E61D7F824A0D7F88460E0E73E6978
:10218800D7F8803003F00503FB604FF0000AC7F86A
:1021980010B0B3469CE00025FB697BB9002D79D0CF
:1021A800D7F8803013F0010F79D1FB68002B6FD17D
:1021B8000223A9EB030988E00125EDE74146B86948
:1021C80018F0A1F80028E9D06D46002387F82C30D4
:1021D800022387F82D308AB0694611F1100237D0F2
:1021E80012261AB1042E01DD534B4B61002387F8E8
:1021F8002830022387F829306ABB112E45DD1223C7
:1022080062B1042087F82C00002087F82D0087F899
:102218002E00012087F82F00F86A08616FF3000B81
:102228006FF3410B6FF3820B6FF3C50B022161F360
:10223800881BC3F30A0363F3532B6FF31F5B00235D
:1022480059463E4802F030FFAD46A9F102093CE08C
:102258006FF00046C5E73346082E01DDB86988618E
:102268000C2B01DDC1F81C8001F12003002009E0DE
:1022780000F1300C07F1280EF4441CF830CC03F8B8
:1022880001CB01300128F3D9B7E76FF01B03B7E79B
:1022980001238EE7D7F8803013F0020F15D0002302
:1022A80032461946786917F0E8FFD7F8843053B1F9
:1022B8003B69D7F88820934205D2D7F8842022F8C2
:1022C800130001333B61013881440AF1010A2546B4
:1022D8003B6A9A45BFF424AF2C4614F8028B6B78FE
:1022E8007A6A52F82360164B9E42FFF454AF154B9E
:1022F8009E42FFF461AF00254EE707F144004FF01E
:10230800000A18B1FA6829461FF07DF8FB681D44D9
:102318000026C7F804B032E0002082468046F0E785
:10232800C24607F134004FF00008EAE768200300CE
:10233800B0200300141F0300CC2003001C1B030063
:10234800EC140300E08003000025FB696BBB002D43
:1023580061D0D7F8803013F0010F3AD0B8F10F0FE1
:102368002AD808F1010308F1300207F1280102EB2D
:10237800010808F8149C5FFA83F8013625463B6A81
:102388009E4280F08E802C4614F802BB95F801908E
:102398007B6A53F829308A4A9342D5D3894A9342B3
:1023A80001D30025D1E70125CFE75946B86917F0D1
:1023B800AAFF0028CBD0E0E7834C40F243432246F3
:1023C8008249834818F047FA40F24341204618F002
:1023D80039FAD7F8803013F0040FCED0BAF10F0FC6
:1023E8000CD80AF101030AF1300207F1280102EBC7
:1023F800010A0AF8249C5FFA83FABEE7724C40F29D
:10240800464322467349724818F025FA40F246417D
:10241800204618F017FAD7F8803013F0020F1CD0B6
:10242800B8F10F0F0CD808F1010308F1300207F1D9
:10243800280102EB010808F8149C5FFA83F89CE76E
:10244800614C40F24D4322466049614818F003FA56
:1024580040F24D41204618F0F5F9BAF10F0F13D8A4
:102468000AF101030AF1300207F128010A4402F8CF
:1024780024BC0AF1020A5FFA8AFA07F1580252FAF2
:1024880083F303F8249C78E74F4C4FF48A63224681
:1024980050494F4818F0DFF94FF48A61204618F088
:1024A800D1F9D7F804B07A6A137887F8543053789A
:1024B800434487F85530D7F8803013F0020F0DD118
:1024C800CAF3470387F85730D7F8803013F0010F65
:1024D80006D113F0040F31D1002302E00023F1E705
:1024E800002387F856307C6A20683863786D20604E
:1024F8005A46B96820467E69B047B0F10009FFF630
:102508000FAE386B20605A46514607F13400B04789
:1025180000284EDB09EB0004FA68BB681A443B6AE2
:1025280002EB43015A463B69591A2846B047B0F1B5
:102538000009FFF6F5AD4C44002518E05346D0E7F6
:102548004FF0000901E04FF000095A46012107F158
:102558002C00B04700282EDB04444B46524659460F
:10256800304617F08AFE002827DB0444013545452C
:1025780018D205F1300307F12802134413F8143C6C
:1025880087F82C307A6A52F823A0D7F88430002BC9
:10259800D6D0D7F888309D42D5D2D7F8843033F8D2
:1025A8001590D2E75A46002108467B699847A1460C
:1025B800B6E58146B4E58146B2E58146B0E500BF9F
:1025C800EC140300E080030068200300702103007E
:1025D800141F03009021030008B5024B1B6898479D
:1025E80008BD00BF38860020014B1860704700BF47
:1025F8003886002000B583B002460B4600210091C2
:10260800024800F0E9FA03B05DF804FBE125010097
:1026180010B586B0044603900491002105910091FD
:1026280003A9064800F0D8FA059B049A934201DAF8
:102638000022E254059806B010BD00BF61A3020055
:1026480084460268002006E000EB8000013203EBBC
:102658004003A3F1300013780349C95C11F0040F5B
:10266800F2D1CCF800207047DD7F0300844608468D
:10267800012226E09CF8003043F004038CF8003077
:10268800F2B101301CE09CF8003043F008038CF8EC
:102698000030F5E79CF8003043F010038CF8003068
:1026A800EEE79CF8003043F020038CF80030E7E7B1
:1026B8009CF8003043F040038CF80030E0E700223B
:1026C80042B30378203B102BF9D801A151F823F02D
:1026D8009D260100C7260100C7260100AB26010080
:1026E800C7260100C7260100C7260100C72601002A
:1026F800C7260100C7260100C72601008F26010052
:10270800C72601007D260100C7260100C726010053
:10271800B92601009CF8003003F04403442B00D094
:1027280070479CF800306FF386138CF80030F7E799
:102738002DE9F84F05460C46934699460A9ED078EF
:10274800254B13F800A00AF0030A18F02FF80746E3
:1027580014E0BAF1010F20D0D2B25732D2B232709F
:102768003A46434628462146FEF75EF9BD4274F1D3
:10277800000416D34E4514D905460C464FF0000800
:102788003A46434628462146FEF74EF9013E092AB5
:10279800DFD8D2B23032D2B2E1E7D2B23732D2B2D7
:1027A800DDE79BF8003013F0200F03D0082F04D08A
:1027B800102F09D03046BDE8F88F9BF8023043F05F
:1027C80008038BF80230F5E79BF8023043F010035A
:1027D8008BF80230EEE700BFDD7F03002DE9F04FF4
:1027E80087B017461E46DDF8449002460B1E07DBED
:1027F800397811F0080F14D02B211098017002E0DD
:102808002D211098017097F80380C3F30A54C3F37D
:102818001303049205935CB952EA030126D10021FF
:1028280007E011F0100FEED0202110980170EAE7B0
:10283800002140F2FF7084421AD0B8F1460F5BD0F5
:10284800DB0243EA5253D20204920593104623F066
:1028580000430593224343EAE4752A435ED00029E6
:1028680056D000185B41049005934DE00121E0E744
:10287800134324D19F4B13F8083003F00303012BB3
:1028880011D0692389F800306E2389F80130662356
:1028980089F8023009F103023B786FF386133B7025
:1028A800129B1A6081E1492389F800304E2389F888
:1028B8000130462389F8023009F10302ECE78D4B19
:1028C80013F8083003F00303012B0AD06E2389F8AC
:1028D8000030612289F8012089F8023009F10302E9
:1028E800DAE74E2389F80030412289F8012089F877
:1028F800023009F10302CFE74FF06608A0E7013C78
:10290800DB18524104930592049B059A002AF6DAD3
:10291800A4F2FE34059B43F000430593002517E01D
:10292800059B049A520842EAC3725B080492059315
:1029380021460134B3F1333FF2D29C0044EA927449
:102948009000801843EB0403049005938C1C013D10
:1029580014F1020FE4DB14E0049B0233059A42F100
:1029680000020493059204A817F0DAFE013C013531
:102978000499059B49185B4104910593013C002B80
:10298800F6DA002CE8DCC4F10401059A1C34A1F144
:102998002000049BCB4002FA04F4234322FA00F0FF
:1029A8000343CA4004930592B8F1670F13D0B8F1F6
:1029B800470F10D04FF0000BB8F1660F29D0741CE8
:1029C800102303939C4200DD1C4600224FF0006355
:1029D800CDE9002327E015F1030F01DBB54211DD36
:1029E800A8F102085FFA88F8002E00DD013E3B7866
:1029F800C3F3401B13F0200F08D1002EDCDD4FF08D
:102A0800010BD9E7761B4FF06608F0E74FF0000B93
:102A1800D2E7AC19D4D5102303930024D5E7684630
:102A280017F09AFE544604F1FF3A002CF7D1049BA4
:102A3800009A9B18059A019942EB010204930592AA
:102A48004FF0FF3199426FF07043934106D3B8F1CC
:102A5800660F38D1002D31DDCA460BE004A817F007
:102A68007BFE0135F3E703A904A817F081FE0AF8F5
:102A7800010B013D002D02DD039B002BF3DC7D6083
:102A880025463B7813F0200F01D1002E02DD2E23BE
:102A98000AF8013B002D36DA002E34DD6B427B60EC
:102AA8009E4200DA7E607B68F61A002BD4BF0023B2
:102AB8000123BA7863F34512BA7024E0CA4630237A
:102AC8000AF8013BDDE703A904A817F051FECA463E
:102AD8000AF8010B302800D0013D3B7813F0200F95
:102AE80001D1002E0FDD2E2389F8013009F1020AE9
:102AF80009E000BFDD7F030003A904A817F038FE32
:102B08000AF8010B013E002E02DD039B002BF3DCCB
:102B1800BE60BBF1000F09D00023BB6053469A4644
:102B280013F8012D302AFAD02E2A42D0B8F1650FB9
:102B380002D0B8F1450F2AD18AF80080002D3ADB7F
:102B48002B238AF801300AF1020A632D0CDD204A92
:102B580082FB0532EB17C3EB621303F130020AF86C
:102B6800012B642202FB13551A4A82FB0532EB172C
:102B7800C3EBA20303F130028AF8002003EB8303BE
:102B8800A5EB430330338AF801300AF1020A7B6867
:102B9800002B17DD0124BB7864F38613BB70129BEE
:102BA800C3F800A000238AF80030484607B0BDE803
:102BB800F08F9A46BAE76D422D238AF801300AF160
:102BC800020AC2E7BB68002BE5DD0124E3E700BF8A
:102BD8001F85EB51676666662DE9F04F97B006468C
:102BE8000D4690460593002498F80000002800F050
:102BF8004883252808D02946B0470028C0F24283D8
:102C0800013408F10108EFE70023089309930A93B8
:102C18000B930C930D930DF1550207928DF81B3011
:102C280041460AA817F05AFD81469DF8293013F04D
:102C3800010F00F09E80059B1A1D05921F68002F4A
:102C4800C0F28F809DF8293013F0040F00F0A380A4
:102C5800059B1A1D0592D3F800A0BAF1000FC0F227
:102C6800918000230B930C939DF82A3003F00703FF
:102C7800042B00F099809DF82A3003F007039DF893
:102C88002910C1F3C301012B00F09E80022B00F034
:102C9800E380042B00F03481032B00F04B819DF876
:102CA800282012F0030F40F04B819DF82B30253B74
:102CB800532B00F2FD81DFE813F04F01FB01FB010C
:102CC800FB01FB01FB01FB01FB01FB01FB01FB011C
:102CD800FB01FB01FB01FB01FB01FB01FB01FB010C
:102CE800FB01FB01FB01FB01FB01FB01FB01FB01FC
:102CF800FB01FD01FB01FB01FB01FD01FD01FD01E4
:102D0800FB01FB01FB01FB01FB01FB01FB01FB01DB
:102D1800FB01FB01FB01FB01FB01FB01FB01FB01CB
:102D2800CA01FB01FB01FB01FB01FB01FB01FB01EC
:102D3800FB01FD01FB01B501BE01FD01FD01FD0126
:102D4800FB01BE01FB01FB01FB01FB01F601CA010E
:102D58009C01FB01FB015701FB01CA01FB01FB01BF
:102D6800CA019DF8283043F004038DF828307F42CB
:102D780068E79DF92830002B02DB4FF0FF3761E749
:102D88000B9F5FE79DF829306FF341038DF82930D9
:102D98004FF0FF3A65E713F0020F02D0DDF830A0DC
:102DA8005FE74FF0FF3A5CE79DF8293013F0020F18
:102DB8007FF461AF9DF92930002B02DB4FF0060A42
:102DC80059E74FF00D0A56E7CB1E042B04D8DFE86D
:102DD80003F00B1D29353500059B1A1D05921B684C
:102DE800DA170893099206E0059B1A1D05921B68DD
:102DF800DA1708930992012928D002297FF44FAFE6
:102E0800BDF92030DA170893099248E7059B073384
:102E180023F0070303F108020592D3E90023CDE963
:102E28000823E8E7059B073323F0070303F10802AB
:102E38000592D3E90023CDE90823DCE7059B1A1D99
:102E480005921B68DA1708930992D4E79DF9203098
:102E5800DA170893099222E7CB1E042B04D8DFE87F
:102E680003F00B1F35414100059B1A1D05921B6895
:102E78000893002309931EE09DF82B30632B07D09D
:102E8800059B1A1D05921B6808930023099312E0FD
:102E9800059B1A1D05921B680893002309930AE0F5
:102EA800059B073323F0070303F108020592D3E9D2
:102EB8000023CDE9082301291CD002297FF4EFAEB5
:102EC800BDF82030089300230993E8E6059B0733F3
:102ED80023F0070303F108020592D3E90023CDE9A3
:102EE8000823E8E7059B1A1D05921B680893002331
:102EF8000993E0E79DF82030089300230993CEE674
:102F080008290BD0059B073323F0070303F10802B8
:102F18000592D3E90023CDE90823C0E6059B0733D2
:102F280023F0070303F108020592D3E90023CDE952
:102F38000823B4E6059B1A1D05921B680893AEE6A4
:102F48004B4642462946304617F064FC0028C0F23A
:102F580099810444C84647E629462520B0470028F9
:102F6800C0F290810134A3E0DDF82080BAF1000FAF
:102F78003ADA4046FDF77CFD40440790B8F1000F6F
:102F880000F09680079BA3EB08039DF81B0000B197
:102F980001339DF82A1011F0100F00F09A800233C7
:102FA8000B9A134411F0400F01D00C9A1344002FD0
:102FB80040F3A780FF1A9DF8283013F0040F40F063
:102FC800A08013F0400F00F09580002800F0958055
:102FD8002946B0470028C0F25581013400238DF8F6
:102FE8001B304FF0300A8AE0514640461EF05FFA27
:102FF800C2E7089820B9A54B0793A3F10508C1E7D4
:10300800079B00930FAB0AAA0021FFF791FB8046AC
:103018009DF82A3043F010038DF82A3078238DF874
:103028002B301DE0089B8DF83C300DF13D030793D4
:103038000DF13C08A6E712F0080F24D02B238DF8D9
:103048001B30089A099B002B24DB08920993079BE5
:1030580000930FAB0AAADDE90801FFF769FB804678
:10306800BAF1000F8ADB079BA3EB08039DF8282021
:103078006FF386128DF828209A457FF67FAFAAEB6A
:1030880003030B937AE712F0100FDAD020238DF8A0
:103098001B30D6E72D218DF81B10524263EB4303FA
:1030A80008920993D3E7224608990AA817F093FBD8
:1030B800C84699E507AB02930FAB01930DF11B03CB
:1030C800009353460AAADDE90801FFF787FB80460B
:1030D80054E711F0080F3FF463AF013360E70134A0
:1030E8003B465F1E002B0CDD29465046B0470028A2
:1030F800F5DAC7E04FF0200A01E04FF0300A3B460E
:10310800EFE79DF81B0028B12946B0470028C0F218
:10311800B98001349DF82A3013F0400F74D09DF91E
:103128002930002B0FDB98F80000594B1B5C13F07B
:10313800040F15D02946B0470028C0F2A3800134F7
:1031480008F10108EFE798F80000702845D02946F3
:10315800B0470028C0F29680013408F10108F2E770
:10316800DDF82CA09DF82A3013F0200F12D098F823
:1031780000002E281DD098F80000454B1B5C13F06A
:10318800040F2AD02946B04700287BDB013408F118
:103198000108F0E70AF1FF3BBAF1000F07DD294605
:1031A8003020B04700286DDB0134DA46F2E7DA4612
:1031B800DDE72946B047002864DB013408F101083F
:1031C8000AF1FF3BBAF1000FD5DD29463020B047A0
:1031D800002857DB0134DA46F2E70C9B03F1FF3A8B
:1031E800002B07DD29463020B04700284ADB013490
:1031F8005346F3E7079B42462946304617F00AFB39
:1032080000283FDB044432E09DF82A30C3F3001263
:10321800C3F3C0031A4305D029463020B04700281D
:1032280030DB01349DF82A3013F0100F06D0294600
:103238009DF82B00B047002824DB01340B9B03F1D9
:10324800FF3A002B07DD29463020B047002819DB5C
:1032580001345346F3E7079B42462946304617F0A8
:10326800D9FA00280EDB044401E00134013F002FA5
:1032780005DD29462020B0470028F6DA02E0C846D6
:10328800B2E4204617B0BDE8F08F00BFC9210300A3
:10329800DD7F030038B504460D46202200211EF0CC
:1032A800D9F8EB68E361AB68A3612B6823626B68AC
:1032B80063620022A2622A6922612BB1591E0B4265
:1032C80002D142F00102226104F12C000122002106
:1032D8001DF0EDFD00B938BD054C2F2322460549E8
:1032E800054817F0B8FA2F21204617F0ABFA00BFAF
:1032F800CC210300F4210300141F03002DE9F04F33
:1033080089B09A46002307930593436A8B42C0F01D
:10331800F38083468946002302930127039390464E
:1033280062E0784D88232A467749784817F093FA5F
:103338002146774817F08FFA8821284617F082FA35
:103348000299584617F0BDFB0023059361E0DBF8AE
:103358002030DBF8002003EB8201039113F82210E0
:103368006FF3000103F82210C9B26FF3410103F8AB
:103378002210DBF800304B44DBF8102012F0010F6C
:1033880005D1DBF824108B4205D35B1A03E0DBF888
:10339800241001390B40CBF80030DBF80C109942AF
:1033A80001D0002709E042F00802CBF810200027DE
:1033B80003E0584617F0BBFA2F46019D204615F04A
:1033C8002FFA002800F0878085F31188BFF36F8FEC
:1033D800079931B1DBF818300BB1584698470023EC
:1033E8000793002F00F08A800BF11404EFF3118685
:1033F800202383F31288BFF36F8F204615F000FA5D
:1034080000288ED0204615F025FA0196059A002A44
:1034180096D106A9584617F02CFA0546069949454B
:1034280095D20028C5D15AEA08030CD1002FC4D080
:10343800DBF80030029305AB07AA0699584617F047
:10344800A9FA0746B9E71DF01EFE0028EED1002EA6
:10345800ECD1204615F0E4F9E8B186F31188BFF302
:103468006F8F0BF12C004246534612F00FFC0746B3
:10347800EFF31185202383F31288BFF36F8F204663
:1034880015F0BEF9C0B1204615F0E4F90195B7FA78
:1034980087F77F0991E71B4D40F231132A461D49F2
:1034A8001A4817F0D8F921461B4817F0D4F940F20A
:1034B8003111284617F0C6F9124D88232A461249B9
:1034C800124817F0C8F92146114817F0C4F98821A5
:1034D800284617F0B7F90B4D40F231132A460D492B
:1034E8000A4817F0B8F921460B4817F0B4F940F22A
:1034F8003111284617F0A6F900230393039809B061
:10350800BDE8F08F0022030030220300141F0300DF
:103518004822030060220300782203002DE9F041CD
:1035280004460D46C36908469847074604F1140641
:10353800EFF31188202383F31288BFF36F8F30468F
:1035480015F05EF988B1304615F084F92B7843F010
:1035580001032B7063681F44236913F0010F13D113
:10356800636A9F4213D3FF1A11E0184C882322463E
:103578001749184817F06FF93146174817F06BF9D3
:103588008821204617F05EF9636A013B1F40676097
:10359800204617F0A6F9304615F042F928B188F30D
:1035A8001188BFF36F8FBDE8F081084C40F23113EA
:1035B80022460A49074817F04EF93146084817F0DD
:1035C8004AF940F23111204617F03CF90022030075
:1035D80030220300141F0300482203006022030066
:1035E800782203002DE9F04182B0044642E04A4CBB
:1035F8008823224649494A4817F02DF9294649485F
:1036080017F029F98821204617F01CF953F82200F1
:1036180080085DD153E0626A013A1340A3602046F6
:1036280017F072F91BE013F8221041F0020103F8B9
:103638002210A668E369404698473044236913F08E
:10364800010F04D1636A984204D3C01A02E0636A86
:10365800013B1840A060002601E00026B04628463D
:1036680015F0DEF8002842D087F31188BFF36F8F7A
:10367800002E4DD004F11405EFF31187202383F3B6
:103688001288BFF36F8F284615F0BAF8064600284F
:10369800ADD0284615F0DEF801A9204617F0FDF850
:1036A800236AA26803EB820801990029D5D013F890
:1036B800221011F0030117D00229A7D0002013F817
:1036C800221011F0010FAED110B9E36940469847B6
:1036D800A36801460344226912F0010F9BD1626A74
:1036E80093429BD39B1A99E70026B046B7E70A4C4A
:1036F80040F2311322460C49094817F0ACF8294624
:103708000A4817F0A8F840F23111204617F09AF845
:10371800404602B0BDE8F0810022030030220300D9
:10372800141F0300482203006022030078220300CC
:103738002DE9F04104460D46C369084698470646F8
:1037480004F11407EFF31188202383F31288BFF3E1
:103758006F8F384615F054F8A8B1384615F07AF846
:103768002B786FF300032B70236913F0020F19D025
:10377800236AE26803EB8203AB4213D02B6866F33B
:103788009F032B601AE0244C8823224623492448AF
:1037980017F061F83946234817F05DF8882120466C
:1037A80017F050F82B786FF341032B70E268A36889
:1037B8009A4211D03146204617F0A6F8384615F03F
:1037C8002FF8C0B188F31188BFF36F8F04F12C0074
:1037D80012F0BAF9BDE8F0813344226912F0010F02
:1037E80004D1626A934204D39B1A02E0626A013AE6
:1037F8001340A360DEE7084C40F2311322460A4921
:10380800074817F028F83946084817F024F840F216
:103818003111204617F016F8002203003022030069
:10382800141F0300482203006022030078220300CB
:1038380070B582B0044600F11405EFF31186202319
:1038480083F31288BFF36F8F284614F0D9FFA0B115
:10385800284614F0FFFF01A9204617F01EF8284655
:1038680014F0DEFFC0B186F31188BFF36F8F0198A3
:10387800003818BF012002B070BD104C88232246C2
:103888000F49104816F0E7FF29460F4816F0E3FFE6
:103898008821204616F0D6FF084C40F23113224604
:1038A8000A49084816F0D7FF2946094816F0D3FFF9
:1038B80040F23111204616F0C5FF00BF0022030078
:1038C80030220300141F0300482203006022030073
:1038D8007822030010B504468C46838B002A12DB3D
:1038E80003F007035A1F012A19D9042B50D10021CC
:1038F80017F018F9204617F03FF978B1A38B43F079
:103908002003A3830AE0D0E900018CE80300002328
:10391800236063600121204617F004F910BDD0E947
:1039280000018CE80300002222606260062B0FD0A1
:10393800052B20D10021204617F0F4F8204617F077
:103948001BF90028EAD0A38B43F02003A383E5E703
:10395800DCF8003053B1E28B0132E2831A461B686F
:10396800002BF7D0002AF5D11346F3E702212046B1
:1039780017F0D8F8E2E70D4C40F2091322460C493B
:103988000C4816F068FF40F20911204616F05AFF5D
:10399800064C40F21B1322460749064816F05BFF07
:1039A80040F21B11204616F04DFF00BF9022030085
:1039B800B8220300141F0300085F03002DE9F04735
:1039C80082B0838BE1B10446154603F0070603F085
:1039D8000802084692B301291FD0022921D143F0D9
:1039E8002003A3831434204614F01AFF002800F0A3
:1039F8009D8185F31188BFF36F8F02B0BDE8F08712
:103A0800B94C40F233132246B849B94816F023FF9F
:103A180040F23311204616F015FF43F01003A3833C
:103A2800E0E7B14C4FF49E732246B249B04816F015
:103A380012FF4FF49E71204616F004FF00230093F6
:103A4800019357E0204617F097F855E0D4F81890FE
:103A58004A4669462046FFF73DFF0027A38B03F03F
:103A68000708B04500F00781A268002A00F003812A
:103A7800012643F00803A38304F1140A504614F006
:103A8800CFFE002800F0008185F31188BFF36F8F07
:103A9800002E40F00A81009B2BB14B4642466946F6
:103AA800204617F0AAF817B193492046B847EFF314
:103AB8001185202383F31288BFF36F8F504614F0CB
:103AC8009FFE002800F0F780504614F0C3FEA38B39
:103AD80023F00803A383A38B13F0100F00F0FA80E0
:103AE80023F01003A3830120A68B06F00706002805
:103AF8003FF478AF0228A5D000283FF473AF01380F
:103B0800042800F2AB8001A353F820F0553A0100D5
:103B1800653C0100293B0100913B0100FB3B010092
:103B28005EB92368B3B123691F6807B3062120462D
:103B380016F0F8FF4FF0000990E76B4C4FF4AB73A9
:103B480022466E496A4816F086FE4FF4AB7120464D
:103B580016F078FE644C40F25713224668496448D0
:103B680016F079FE40F25711204616F06BFE5E4CB7
:103B78004FF4AD73224663495D4816F06CFE4FF46E
:103B8800AD71204616F05EFE022E0BD1E38BB3B961
:103B980023695F6807B30421204616F0C3FF4FF07E
:103BA80000095BE7504C40F25D13224656495048E5
:103BB80016F051FE40F25D11204616F043FE4A4CC5
:103BC8004FF4AF7322465149494816F044FE4FF46A
:103BD800AF71204616F036FE434C40F26113224680
:103BE8004849434816F037FE40F26111204616F066
:103BF80029FE012E0BD12368B3B123699F6807B34F
:103C08000521204616F08EFF4FF0000926E7364CB6
:103C18004FF4B27322463E49354816F01CFE4FF465
:103C2800B271204616F00EFE2F4C40F26513224664
:103C380033492F4816F00FFE40F26511204616F062
:103C480001FE294C4FF4B47322462E49284816F039
:103C580002FE4FF4B471204616F0F4FD224C40F2F7
:103C68006B1322462B49224816F0F5FD40F26B11E2
:103C7800204616F0E7FD009A0AB10026F9E6002F63
:103C88003FF429AF0026F4E6234C40F231132246D4
:103C98002249174816F0DFFD5146214816F0DBFD92
:103CA80040F23111204616F0CDFD4A4641462046E5
:103CB80016F040FFEFE6184C8823224619490C48B5
:103CC80016F0C9FD5146184816F0C5FD8821204652
:103CD80016F0B8FD13F0200F04D023F02003A383BF
:103CE800022001E70020FFE690220300E022030003
:103CF800141F0300F0220300693D010004230300A0
:103D080010230300342303004C230300642303001F
:103D180074230300085F03000022030060220300ED
:103D2800782203003022030048220300084D40F2A5
:103D380031132A460749084816F08DFD21460748E1
:103D480016F089FD40F23111284616F07BFD00BFC0
:103D58000022030060220300141F030078220300DE
:103D6800F8B504460D4600F11406EFF31187202339
:103D780083F31288BFF36F8F304614F041FD48B1CA
:103D8800304614F067FDA5613A4601212046FFF749
:103D980015FEF8BD074C882322460749074816F048
:103DA8005AFD3146064816F056FD8821204616F081
:103DB80049FD00BF0022030030220300141F030046
:103DC800482203002DE9F0470446884616F0EDFE28
:103DD800061E46DB04F11407EFF3118A202383F350
:103DE8001288BFF36F8F384614F00AFD8146A8B1D8
:103DF800384614F02FFDA58B05F00705E38B4FF629
:103E0800FF7293424BD02E46022D16D0062D39D87C
:103E1800DFE805F0314C3838312A31003B4C882333
:103E280022463B493B4816F016FD39463A4816F0FB
:103E380012FD8821204616F005FD0133E383002397
:103E48001A4642B10022C8F800206268AAB3C2F834
:103E58000080C4F80480ABB3524602212046FFF725
:103E6800ADFD3046BDE8F0876FF085064FF00009DC
:103E78004B464A46E5E7B5FA85F35B094A464FF0F3
:103E88000009DEE7254C4FF4E47322462449214813
:103E980016F0E1FC4FF4E471204616F0D3FC6FF005
:103EA8000A064FF000094B464A46CAE76FF0040677
:103EB8004FF000094B464A46C3E7C4F80480C4F8EB
:103EC8000080C8E7384614F0ABFC68B18AF3118863
:103ED800BFF36F8FB9F1000FC3D000232A464146C4
:103EE800204616F077FEBCE7084C40F23113224614
:103EF8000C49084816F0AFFC39460B4816F0ABFCE5
:103F080040F23111204616F09DFC00BF002203004C
:103F180030220300141F03004822030090220300EC
:103F2800742303006022030078220300F8B50446D6
:103F380000F11405EFF31186202383F31288BFF3F1
:103F48006F8F284614F05CFC68B1284614F082FC98
:103F5800A38B03F007031F46022B16D0012B11D0A9
:103F68006FF0850717E0234C88232246224923480F
:103F780016F071FC2946224816F06DFC882120466F
:103F880016F060FC6FF0040705E0E38B6BB1013BB2
:103F98009BB2E383B3B1284614F042FCC0B186F368
:103FA8001188BFF36F8F3846F8BD164C40F2EF13F7
:103FB80022461549114816F04EFC40F2EF112046F2
:103FC80016F040FC324602212046FFF7F7FCEAE7EC
:103FD800084C40F2311322460C49084816F03BFCC5
:103FE80029460B4816F037FC40F23111204616F0EE
:103FF80029FC00BF0022030030220300141F030025
:1040080048220300902203008C230300602203004F
:104018007822030010B50346426802F0030281606B
:10402800022A11D0032A0CD0012A10D00C4C4523A7
:1040380022460C490C4816F00EFC4521204616F085
:1040480001FC0468002004E00068002401E000246A
:10405800204600225A6008B115F056F9204610BDD6
:104068009C230300085F0300141F030008B528B150
:1040780083685BB11B688BB1984708BD084A01216A
:10408800084817F0F3F96FF01500F6E7064A012122
:10409800044817F0EBF96FF00400EEE70020ECE7B6
:1040A800C4230300441B0300D823030008B528B128
:1040B80083685BB15B688BB1984708BD084A0121EA
:1040C800084817F0D3F96FF01500F6E7064A012102
:1040D800044817F0CBF96FF00400EEE70020ECE796
:1040E800C4230300441B0300D823030010B560B1A8
:1040F800034651B14AB1806878B1C4686CB141F8DF
:10410800043BC4681846A04710BD084A0121084866
:1041180017F0ACF96FF01500F6E7064A01210448DC
:1041280017F0A4F96FF00400EEE700BFF8230300CE
:10413800441B0300D823030010B558B10446006897
:1041480080B18368B3B11B69A3B16168984700B9AE
:10415800206010BD0B4A01210B4817F087F96FF05A
:104168001500F6E7094A0121074817F07FF96FF0B3
:104178000100EEE7064A0121034817F077F96FF0CE
:104188000400E6E724240300441B0300382403004A
:10419800D823030010B560B113468446006880B187
:1041A8008268B2B19468A4B10A46DCF80410A0474A
:1041B80010BD0C4A01210C4817F058F96FF0150092
:1041C800F6E70A4A0121084817F050F96FF0010094
:1041D800EEE7074A0121044817F048F96FF0040098
:1041E800E6E700BF24240300441B0300382403002F
:1041F800D823030050B100B583B00B460092826A01
:10420800416A0FF013FF03B05DF804FB00487047E4
:104218002DF8FFFF006900F56B73D3E8AF3F022B61
:1042280011D110B50C4689B10A4900F5307012F069
:104238009FF920461CF088FA7822002120461DF0BC
:1042480009F9002010BD6FF00F0070476FF00100F2
:10425800F8E700BF789C00200023002B01DD002038
:104268007047054A12680AB10133F6E7024A5268F4
:1042780000211160F8E700BF3C86002008B502491C
:1042880016F0F4FD08BD00BFE07E030030B585B030
:1042980004460D460B490291D0F8D41101910093C0
:1042A8004FF0FF3300F1F00128460FF0E1FE38B976
:1042B800012385F86C30D4F8D0310BB128469847E3
:1042C80005B030BD6DAE020060B100B583B00B46DD
:1042D800012101910092826A416A0FF081FE03B0C8
:1042E8005DF804FB004870472DF8FFFF08B58446C9
:1042F800084611461A46DCF8103003F56B73D3E80C
:10430800AF3F022B07D14AB158B1FFF7DDFF084B89
:10431800984209D008BD6FF00F00FBE76FF04C0022
:10432800F8E76FF00100F5E76FF00B00F2E700BF68
:104338002EF8FFFF10B5044600220449FFF7C4FF1A
:10434800236F1B680BB1606F984710BDE07E0300B8
:10435800F0B58DB04468056900230A930B93036890
:104368000A93E369012B29D0276A05F5347630468C
:1043780012F0A4F9606A0AAB00933B464FF48062DE
:10438800134901EB8021304612F0B2F9636A114AF1
:10439800202102A816F005F802A9304612F00AFDFD
:1043A8000D4905F5307012F005F82A460B4904F15D
:1043B800140016F075FC20B10DB0F0BD276A103F4F
:1043C800D3E70122A169606916F083FCF4E700BF16
:1043D800B0A5002060240300E9B10200D9B10200B1
:1043E8002DE9F04385B004464668056905F56B7903
:1043F8000123D9E8EF2F002A03D1C9E8E13F0029BA
:10440800F7D152D105F5F8783146404616F0AEFEA0
:10441800074650B10023D9E8EF2FC9E8E13F00294A
:10442800F9D1384605B0BDE8F083214BC5F8B8325C
:10443800C5F8B4623168404600F01AF9074600280A
:10444800E8D12046FFF784FF07460028E2D1194B40
:10445800C5F8D031184BC5F8D431B26AD5F83C321A
:10446800D5F8A81315480390D5F840020290019397
:10447800CDF8008005F51173284600F081F807464D
:104488000028C7D105F1F0000FF08AFEC5F8B00387
:10449800002807DB0223D9E8EF2FC9E8E13F00290C
:1044A800BFD0F8E76FF01507B4E76FF07707B8E704
:1044B80031AD02003D43010051B0020045AF02009A
:1044C8002DE9F04385B007460E469146D0F8C480E2
:1044D800002400E00134012C28D8A8F5E271C4EBCF
:1044E800041501EBC505C4EB0413DB00483319447C
:1044F8003046FCF7B3FA0028ECD10E4B0293D8F8FB
:1045080010300193CDF800904FF0FF333246394612
:1045180028460FF0ADFD48B9012185F86C10D8F890
:104528000C30002BD6D028469847D3E705B0BDE815
:10453800F08300BF07B20200C8B110B584B01446BA
:104548000346BAB1F030012902D0002004B010BDF2
:104558000A4A0292D3F8D43101934FF0FF33009303
:1045680004F14802014620460FF082FDEEE76FF0A5
:10457800150070476FF01500E8E700BF07B20200AA
:104588002DE9F04186B01E460D9B0F9C48B30546A9
:1045980053B3D4B1D9B903AF0391049105910392F0
:1045A800049205F5E2780E9A194640461CF023FB62
:1045B8000197CDF80080334622460C9905F1F000AA
:1045C8000FF0B0FF06B0BDE8F081094CE2E7002328
:1045D8000093334622460C9905F1F00010F0F2F8EA
:1045E800F0E76FF01500EDE76FF01500EAE700BFA0
:1045F800C944010038B504460D46806C16F03DFEEE
:10460800C4F8BC0060B3A06C16F037FEC4F8C00054
:1046180048B304F15401C4F8A010236CC4F89030D6
:10462800B4F84820A4F898200423C4F89430D4F8A7
:10463800BCC0C4F88CC0C4F8B810616CC4F8A81029
:10464800A4F8B020C4F8AC30C4F8A400A5610223D3
:10465800E362064B236204F18C032363002038BD18
:104668006FF00B00FBE76FF00B00F8E7A0240300E6
:1046780030B587B003460D46114A92E8030006AAF2
:1046880002E90300CBB11C4604A80FF075FB08B182
:1046980007B030BDE16C224642F8381F0290019005
:1046A8004FF0FF330093236D04F154001BF004FC1A
:1046B80029462046FFF79EFFEAE76FF01500E7E777
:1046C800101C030010B143685879704710B5064CA8
:1046D80040F2351322460549054816F0BCF840F269
:1046E8003511204616F0AEF8CC240300042503004B
:1046F800141F030010B143681971704710B5054CB9
:10470800E12322460449054816F0A5F8E121204690
:1047180016F098F8CC24030004250300141F0300A6
:1047280010B540B104460368DB6803B19847636875
:1047380001229A7110BD054C8C2322460449054874
:1047480016F089F88C21204616F07CF8CC2403005A
:1047580004250300141F030010B520B10268126974
:1047680062B1904710BD064CA02322460549064871
:1047780016F071F8A021204616F064F80020F1E741
:10478800CC24030004250300141F030010B518B13E
:1047980002689268904710BD054CD223224605490D
:1047A800054816F058F8D221204616F04BF800BFFD
:1047B800CC24030004250300141F030010B520B106
:1047C8000268526802B1904710BD054CC4232246C6
:1047D8000449054816F03FF8C421204616F032F87F
:1047E800CC24030004250300141F030010B520B1D6
:1047F80071B102681268904710BD0B4CB423224671
:104808000A490B4816F027F8B421204616F01AF882
:10481800054CB52322460749054816F01CF8B52172
:10482800204616F00FF800BFCC240300042503002F
:10483800141F03001C25030038B50546144C00E07E
:104848001034144B9C4212D8124B9C421FD2204663
:10485800FFF738FF0028F3D02946204616F065FDFB
:104868000028EDD029462046FFF7C0FFE8E70A4CAC
:1048780040F2022322460949094815F0ECFF09488D
:1048880015F0E9FF40F20221204615F0DBFF38BDA4
:10489800B41B0300C41B030030250300602503007C
:1048A800141F03008425030010B530B103460068C7
:1048B80084690CB11846A04710BD064C4FF4B2737A
:1048C80022460549054815F0C6FF4FF4B271204647
:1048D80015F0B8FFCC24030004250300141F0300BF
:1048E80070B506460D460F4C05E02A46314620466F
:1048F800FFF7DAFF10340C4B9C4203D80A4B9C425A
:10490800F3D370BD094C40F29F3322460849094849
:1049180015F0A1FF084815F09EFF40F29F31204690
:1049280015F090FFB41B0300C41B030030250300DF
:1049380060250300141F0300842503002DE9F041BE
:1049480007460546EDB195FAA5F6B6FA86F60E4C79
:1049580004EB06140123B3406FEA030825EA0305B4
:10496800237B002BEED02046FFF7F6FE0028E9D186
:1049780007EA0807636804221968204616F010FD44
:10498800E0E73846BDE8F081B41B03002DE9F041AB
:104998002F4B304A9B1A8F2B0ED880460F462E4B32
:1049A800D3E8EF6F721CC3E8E12F0029F8D1002E7D
:1049B8004AD1284C002514E0284C4FF4A77322460E
:1049C8002749284815F047FF4FF4A771204615F0EE
:1049D80039FF636804221968204616F0E1FC0135A6
:1049E80010341B4B9C4211D8194B9C421ED2237B7E
:1049F800002BF4D02046FFF793FE2046FFF7ACFECD
:104A08000028E6D00123AB401E43E8E7134C4FF4DF
:104A1800AD7322461449134815F01DFF134815F0CD
:104A28001AFF4FF4AD71204615F00CFFB8F1000FD6
:104A38000BD056B13046FFF781FF0646002FF8D05D
:104A48000A2016F078FCF4E700263046BDE8F0812D
:104A5800C41B0300B41B0300B89C002030250300CE
:104A6800A4250300141F0300602503008425030008
:104A780008B5064B186018B1054B1B68092B00DCFC
:104A880008BD044811F060F8FAE700BFAC9C0020AC
:104A9800B49C0020A48A002008B5024811F054F8FC
:104AA80008BD00BFA48A002030B589B000220F4994
:104AB8000F481CF035FC0F4D00220023CDE90623DA
:104AC800002404940E2303930294019400940A4B47
:104AD8004FF400620949284612F046FA0849284668
:104AE80012F068F9204609B030BD00BFA14A0100A4
:104AF800B8950020F8900020714F0100B0A900205F
:104B0800D4250300014B53F8200070470C260300FE
:104B180048B108B5054A1060054B1960084600F011
:104B2800CDFD002008BD6FF0150070476886002095
:104B3800A89C002008B5054B1B781BB1034B01222C
:104B48001A7008BD024810F0FFFFF7E7A2A5002081
:104B5800A48A002008B50C4BD3E8EF1F0131C3E845
:104B6800E21F002AF8D130B908481CF0E5FB0848D4
:104B780010F0EAFF08BD074BD3E8EF1F0139C3E87F
:104B8800E21F002AF0D0F7E7B09C0020B89500207B
:104B9800A48A0020B49C0020044B00200146D3E8DE
:104BA800EF0FC3E8E21F002AF9D17047B09C00203C
:104BB80038B5FFF7F1FF0546114C00E01034114BF2
:104BC8009C420CD80F4B9C4219D22046FFF77AFD25
:104BD8000028F3D029462046FFF7F0FDEEE70A4CFF
:104BE80040F20E2322460949094815F034FE0948C7
:104BF80015F031FE40F20E21204615F023FE38BD97
:104C0800B41B0300C41B0300302503006025030008
:104C1800141F030084250300034B18680028D4BF21
:104C280000200120704700BFB09C002010B5044C44
:104C380004492046FEF72EFB034B1C6010BD00BF45
:104C4800D0890020F8250300A09C002010B500237F
:104C5800174A1370174A1360174A13604FF400413C
:104C68001648FFF755FFFFF7E1FF154C08E0144918
:104C7800611A09110131C9B22046FFF73BFD103412
:104C8800104B9C4203D80F4B9C42F0D310BD0E4CE6
:104C980040F2291322460D490D4815F0DCFD0D4858
:104CA80015F0D9FD40F22911204615F0CBFD00BFC3
:104CB800A3A50020B09C0020B49C002037B30200BC
:104CC800B41B0300C41B0300302503006025030048
:104CD800141F03008425030008B50146014816F097
:104CE80040FB08BDD089002008B50248FEF77AFCD1
:104CF80008BD00BFD089002008B50146024B1868DE
:104D080016F035FB08BD00BFA09C002008B502487E
:104D180016F031FB08BD00BFD089002010B582B065
:104D280000220023CDE90023264B187808B902B0E9
:104D380010BD684616F028FB044660B1FFF77CFDFD
:104D48002046FFF7D9FF204BD3E8EF1F0139C3E80E
:104D5800E21F002AF8D1FFF75FFF58B91B4A136812
:104D6800516813F57A7341F1000113605160FFF740
:104D7800CDFFDCE71CF065FA4A0142EAD062430144
:104D88001B1A62EB0102920042EA93729B001B1805
:104D980042EB0102D20042EA5372C3F3103343EAF2
:104DA8004243D20B0948016840685B1A62EB000273
:104DB80040F2E9318B4272F10002CFD3FFF7F8FEDF
:104DC800CCE700BFA2A50020B49C0020B09500202D
:104DD800194B1B7803B1704710B500210120FFF76C
:104DE800D5FD164C00E01034154B9C420BD8144BE3
:104DF8009C4218D22046FFF765FC0028F3D02046D5
:104E0800FFF7C4FCEFE70F4C40F2C71322460E49E8
:104E18000E4815F020FD0E4815F01DFD40F2C71193
:104E2800204615F00FFDFFF779FF0028FBD1024B54
:104E380001221A7010BD00BFA3A50020B41B0300F7
:104E4800C41B03003025030060250300141F030062
:104E58008425030030B583B02F4BD3E8EF2F511CC6
:104E6800C3E8E01F0028F8D12C4B1B786BB92C4BFA
:104E78001B681BB3002A43D0092A1FD129481CF0FC
:104E88005BFA294810F060FE18E0EFF31184202344
:104E980083F31288BFF36F8F244813F0B1FC78B105
:104EA800224D284613F0D6FCFFF738FF284613F0AA
:104EB800B7FCA0B184F31188BFF36F8F03B030BD86
:104EC8001B4C882322461B491B4815F0C4FC174974
:104ED8001A4815F0C0FC8821204615F0B3FC144C84
:104EE80040F2311322461649134815F0B4FC2946FE
:104EF800144815F0B0FC40F23111204615F0A2FC20
:104F080000220023CDE900234FF400420023054886
:104F180014F0D6F8D2E700BFB49C0020A3A5002067
:104F2800AC9C0020B8950020A48A0020A49C0020F6
:104F38000022030030220300141F0300482203004C
:104F4800602203007822030010B50446044B1B6856
:104F58009847A0602146034816F01AFA10BD00BF12
:104F680068860020D08900202DE9F041224B234A91
:104F78009B1A1B090ED000210846FFF707FD804643
:104F8800A8B140F26766002713F022F9FFF770FD19
:104F9800002525E01A4C40F2AB33224619491A483D
:104FA80015F059FC40F2AB31204615F04BFC4FF0A0
:104FB800FF364FF0FF37E7E74046FFF7BFFC804674
:104FC80088B94FF0FF364FF0FF370CE00021084654
:104FD800FFF786FC32463B460C4810F057FE254644
:104FE800B8F1000FE8D1FFF799FE04460028F6D182
:104FF800002DEBD12C46EDE7C41B0300B41B0300C6
:1050080030250300DC250300141F0300A48A0020B8
:1050180028B142681160436801225A71704710B57F
:10502800064C4FF48D7322460549064815F013FCCB
:105038004FF48D71204615F005FC00BFCC24030009
:1050480004250300141F03000248034BC01AC008BC
:10505800704700BFB41B0300A41A030010B50C4628
:10506800FFF7F2FFA04203D9024B53F8340010BDFA
:105078000020FCE7A41A030000B589B00592069346
:105088000023079362B1074A0C9B02930B9B019381
:105098000A9B009305ABFCF7DBFF09B05DF804FB46
:1050A8000022F1E7B9B302002DE9F04F8BB004AF4D
:1050B80005461E468846C1F34A24002C00F0978016
:1050C80091460022FA603A617A6104230293FB1840
:1050D80001930A23009307F10C0321464846FCF785
:1050E800B7FFB0F5006F58D3D9F804106D46002308
:1050F8003B7302237B738AB004AC14F1100217D0FF
:1051080012201AB1042801DD424B636100233B7071
:1051180002237B70CAB10346082800DDA1610C2B6D
:1051280002DD40F2FF73E36104F1200300210AE08D
:105138006FF00040E5E701F118063E4416F8186CD8
:1051480003F8016B01310129F5D9112822DD122359
:1051580042B10421397300217973B9730121F973BC
:10516800F868206100216FF300016FF341016FF3CC
:1051780082016FF3C501022060F38811C3F30A03AB
:1051880063F353210023C1F31301234816F090F968
:10519800AD463BE06FF01B03DAE760F35328C0F33A
:1051A8000A0A0AEB1850173020F007008008FFF7AA
:1051B80093FD834620B304230293FB1801930A232B
:1051C8000093534600F1100221464846FFF754FF6A
:1051D800002815DA114C4FF4A373224610491148E0
:1051E80015F039FB4FF4A371204615F02BFB04EBA7
:1051F8001154173424F00704A008FFF76DFD834607
:10520800334642462946584616F0E8F81C37BD464C
:10521800BDE8F08F782603004C1B0300B826030076
:10522800E4260300141F0300406820B1034BC01A92
:1052380040F3CF0070474FF0FF307047A41A0300C7
:1052480038B505460C464B681A68CB689A4210D0A8
:105258006368D3E8EF2F511CC3E8E01F0028F8D19A
:10526800A3689D5463681A68E3689A4205D80020C9
:1052780038BD084616F020F9EAE7054C72232246A5
:105288000449054815F0E7FA7221204615F0DAFAC4
:10529800F026030020270300141F03000EB400B5F6
:1052A80084B0014605AB53F8042B0393002000900B
:1052B8000348FDF791FC04B05DF804EB03B07047B8
:1052C8004952010010B584B011F0440F05D01A4BB3
:1052D8001B6833B9002004B010BD1849FFF7DEFF82
:1052E800F9E717490968B2FBF1F2B2FBF3FC03FBDB
:1052F8001C224FF47A7E0EFB02F2B2FBF3F403FB9E
:1053080014210EFB01F1B1FBF3F10E4AA2FB0C32A2
:10531800D20A4FF4616303FB12CC0B4BA3FB0CE3E3
:105328005B0902910194C3EB0311ACEB810100917D
:105338000649FFF7B3FFCEE7C09C002050270300C3
:10534800BC9C0020C5B3A291898888885C2703008B
:1053580061B108B52AB1064A52F8232012B9054AA4
:1053680000E0044A0449FFF799FF08BD704700BFF1
:105378001428030078270300983903002DE9F04129
:1053880005461746069EDDF81C8081B900242EB11B
:10539800324611492846FFF781FF0444B8F1000F4F
:1053A80014D06FB1099B042B13D00C4909E00C4BA6
:1053B800099A53F822200B49FFF770FF0446E6E7E5
:1053C800064942462846FFF769FF04442046BDE8DF
:1053D800F0810549F5E700BF9427030084270300FF
:1053E800282803008C270300802703002DE9F04FAD
:1053F80087B0049205939DF84C60042E30D805467A
:105408000C4601F0020B01F0010AC1F3C00801F4D7
:10541800807915F0C3FF024678B31C492846FFF788
:105428003DFF0746BBF1000F29D1324651462846B9
:1054380016F070F8B9F1000F01D00023119303960C
:10544800129B0293119B0193109B00930023049AD3
:1054580041462846FFF792FF384407B0BDE8F08F71
:105468000B4C40F2462322460A490B4815F0F3F943
:1054780040F24621204615F0E5F90027D2E7059AC3
:1054880021462846FFF71EFF0744CEE7A42703005E
:10549800F026030098270300141F030011F0100FD3
:1054A8000BD108B511F0200F03D00449FFF7F6FE21
:1054B80008BD0349FFF7F2FEFAE770470032030020
:1054C800A82703002DE9F04105460F4616469846E1
:1054D8000699FFF7E3FF0024444505DA24492846E6
:1054E800FFF7DCFE0134F7E7002409E020492846ED
:1054F800FFF7D4FE0BE01F492846FFF7CFFE013423
:105508000F2C0CDC002C02DD14F0070FEED0B44297
:10551800F1D23A5D18492846FFF7C0FEEFE7174970
:105528002846FFF7BBFE002409E011492846FFF78B
:10553800B5FE0BE012492846FFF7B0FE01340F2CE8
:1055480013DC002C02DD14F0070FEED0B44207D2B2
:105558003A5D0C4B9B5C13F0970FEBD12E22E9E7D9
:1055680003492846FFF79AFEE8E7BDE8F08100BF47
:1055780090270300B4270300AC270300B8270300D3
:10558800BC270300DD7F03002DE9F04184B0044609
:105598009DF82C500C9F0E9EA5B9012B20D02048B9
:1055A8004FF0000837B13B4622461E4914F07BFEF7
:1055B800002819DB2EBB6DBB204615F07DFF04B01B
:1055C800BDE8F08103950A980290019300920B467A
:1055D80000220F992046FFF709FF80461248E1E7AD
:1055E80011484FF00008DDE7104C4FF428732246AD
:1055F8000F49104815F02FF94FF42871204615F07F
:1056080021F90F9B0093434632460D99204615F029
:1056180099FFD0E72A460F99204615F087FFCBE778
:10562800EFB402000DB5020049520100F026030054
:10563800C0270300141F03002DE9F04383B006467A
:10564800056842F20F738B4228BF0B46184A0521A2
:10565800684614F0A6FE04467368D3F804900B2736
:10566800DFF8508005E04A4639464046A8473F1AC9
:105678008044002FF7D17368D3F804806F4605E0A3
:10568800424621463846A847241A0744002CF7D139
:1056980073685F681B24084E05E03A462146304689
:1056A800A847241A0644002CF7D103B0BDE8F083BC
:1056B80080530300E8270300CC270300074B01228F
:1056C8001A6004E04008054A13685B001360044B45
:1056D8009842F7D8034B1860704700BFBC9C002065
:1056E80040420F00C09C0020034B01221A70034B5C
:1056F800034A1A60704700BFA4A50020EC9C002054
:10570800F09C002008B5034B01221A70024815F0DE
:1057180067FF08BDA5A5002068280300014B196094
:1057280000207047D89C002008B518B9074B002204
:105738001A7008BD064B1B7823B141F288301BF064
:10574800ABFAF6E7052015F062FFF2E7A4A5002002
:10575800A5A5002038B504460A4B01221A700A4B49
:105768001B782BB938BD651E2046FFF7DDFF2C4698
:1057780000200FF0F3F80028F4D0024B1B78002B20
:10578800F1D1EFE7A4A50020A5A500202DE9F0415F
:1057980007460E464FF004080DE032463946002011
:1057A8000FF074F8044616E04046FFF7D3FFF4B94B
:1057B800134B1B78DBB1134B1B78002BEDD11BF07F
:1057C8005EFA05463246394600200FF05FF8044677
:1057D80028461BF05CFA002CE6D1094B1B78002BFD
:1057E800E5D008F1FF384046FFF79EFFDFE714B920
:1057F800034B1B7803B934462046BDE8F08100BF4F
:10580800A4A50020A5A5002008B50248FFF714FFAD
:1058180008BD00BF6828030010B50C46044B186883
:10582800FFF770F903460F2221460248984710BD3A
:10583800D89C002068280300014B036000207047B3
:105848007828030008B5034814F09DFD024814F0B9
:105858009AFD08BD80280300B828030008B5044B4A
:105868009B681BB1481E18BF0120984708BD00BFA0
:10587800089D002010B51C46034B1B6813B1114648
:1058880022469847204610BD089D00202DE9F0418A
:1058980082B000AF0446D0F800E0D0F804C08568B4
:1058A8006E468AB06B4613F1100200F0888014210E
:1058B8008AB10846042903DDDFF81C81C3F8148087
:1058C800082801DDC3F818E00C2801DDC3F81CC066
:1058D800102800DD1D62132974DD14253AB1052155
:1058E800397100217971B971F971786818610021ED
:1058F8006FF300016FF341016FF382016FF3C5018C
:10590800012363F38811C5F30A0565F353216FF387
:105918001F5100233148FFF7C7FBB546D4F80CC028
:1059280026696569E8468AB06B4613F110024CD0C7
:10593800142182B10846042903DDDFF8A4E0C3F886
:1059480014E0082801DDC3F818C00C2800DDDE616A
:10595800102800DD1D6213293ADD14253AB105210E
:10596800397100217971B971F9717868186100216C
:105978006FF300016FF341016FF382016FF3C5010B
:10598800012666F38811C5F30A0565F353216FF301
:105998001F51124D00232846FFF786FBC546E369D1
:1059A800104A3146284615F06BFDA3690E4A314668
:1059B800284615F065FD0837BD46BDE8F0816FF053
:1059C800004175E76FF01B0588E76FF00041B0E70D
:1059D8006FF01B05C2E700BFDC2903007C1B030036
:1059E8000C2A03003C2A03004C2A030038B504465D
:1059F8000D4611B10846FFF749FF012C04D029468E
:105A080020460FF027F838BDEFF30583103B034A13
:105A18000121034815F034FDF1E700BF7C2A03009B
:105A28007C1B030030BFFFF7FDBF00BF054B5A6961
:105A38009B689A4204D0044A536843F080535360E9
:105A4800704700BF30A5002000ED00E081690D4BD4
:105A58005A6942F480725A61BFF34F8FBFF36F8F58
:105A680031F8021C5A6922F480725A61BFF34F8FD1
:105A7800BFF36F8F4DF60273994201D00020704733
:105A88000120704700ED00E0F8B51D4600232B709B
:105A980002F07F43B3F17F4F22D106460F461446EA
:105AA80012F0010F1ED112F0400F07D1002003465B
:105AB800BBB914F0080F0FD0384612E00A4A01218A
:105AC8000A4815F0D3FC14F0040F02D0384601231D
:105AD800EEE730460123EBE7304601232B7000E068
:105AE8000020F8BD0020FCE7902A03007C1B03007F
:105AF80008B5314A0121314815F0B8FC304B9B6A92
:105B080013F0007F26D11D202D4B9B6A13F0807F58
:105B180027D12B4B9B6A13F4801F29D1284B9B6AF2
:105B280013F4002F2BD1264B9B6A13F4802F2DD111
:105B3800234B9B6A13F4003F2FD1214B9B6A13F42C
:105B4800803F31D11E4A936A6FEA03436FEA1343D9
:105B5800936208BD1B4A0121184815F087FC1E20D6
:105B6800D2E7194A0121154815F080FC1F20D0E71B
:105B7800164A0121114815F079FC0220CEE7144A93
:105B880001210E4815F072FC2120CCE7114A0121B1
:105B98000A4815F06BFC2220CAE70F4A0121074882
:105BA80015F064FC2320C8E70C4A0121034815F0CE
:105BB8005DFC2420C6E700BFB42A03007C1B030059
:105BC80000ED00E0CC2A0300E02A0300FC2A0300D1
:105BD800282B0300482B0300702B03008C2B030099
:105BE80008B500230B70034A0121034815F03EFC59
:105BF80008BD00BFB82B03007C1B030090B583B021
:105C080000AF0F2923DC2F4C103900233B710223EE
:105C18007B718AB0EC461CF110021AD0122022B116
:105C2800042802DD284BCCF8143000233B700223F3
:105C38007B70E2B10346082801DDCCF818400C2B34
:105C480001DDCCF81C100CF1200300210DE01F4CE5
:105C5800DAE76FF00040E2E701F1080404EB070E11
:105C68001EF808EC03F801EB01310129F4D91128D9
:105C780024DD12234AB10421397100217971B971E7
:105C88000121F9717868CCF8100000216FF3000148
:105C98006FF341016FF382016FF3C501012060F3D7
:105CA8008811C3F30A0363F353216FF31F510023D1
:105CB8000748FFF7F9F90C37BD4690BD6FF01B0395
:105CC800D8E700BFDC2B0300102C0300F42B0300E3
:105CD8007C1B0300F8B505460F461446454A0121CA
:105CE800454815F0C3FB454B9B6A13F0100F39D19B
:105CF8001026424B9B6A13F0080F3AD13F4B9B6A20
:105D080013F0020F3CD13D4B9B6A13F0010F53D1A6
:105D18003A4B9B6A13F0200F55D1384B9B6A13F00E
:105D2800100F04D1354B9B6A13F0020F04D0334B8C
:105D38009B6A13F0100F4DD1304B9B6A13F0200F64
:105D480004D02E4A536A23F4005353622B4A936AB1
:105D580043F0FF0393620121284615F07EFC207072
:105D68003046F8BD264A0121234815F07FFB11264D
:105D7800BFE7244A0121204815F078FB1226BDE729
:105D8800214A01211C4815F071FB1C4A536B926A89
:105D980012F0800F01D11326B5E71C4A01211648DD
:105DA80015F06EFB37B1154A936A23F080039362AE
:105DB8001326A8E71326A6E7154A01210E4815F071
:105DC80055FB1426A4E7134A01210B4815F04EFB96
:105DD8001526A2E7104C4FF4957322460F49104838
:105DE80014F039FD0F4814F036FD4FF49571204634
:105DF80014F028FD242C03007C1B030000ED00E0B8
:105E08003C2C0300702C0300842C03009C2C030002
:105E1800B42C0300D42C0300042D0300382D0300F8
:105E2800141F0300842D0300F8B505460F461446D9
:105E3800374A0121374815F019FB374B9B6A13F491
:105E4800805F25D11626344B9B6A13F4006F26D148
:105E5800314B9B6A13F4007F28D12F4B9B6A13F4B4
:105E6800806F3FD12C4B9B6A13F4807F41D12A4B22
:105E78009B6A13F4005F43D1274A936A43F47F4334
:105E880093620121284615F0E8FB20703046F8BDE2
:105E9800224A01211F4815F0E9FA1726D3E7204ABC
:105EA80001211C4815F0E2FA1826D1E71D4A012104
:105EB800184815F0DBFA184A936B926A12F4004FEF
:105EC80001D11926C9E7184A0121124815F0D8FA54
:105ED80037B1114A936A23F4004393621926BCE749
:105EE8001926BAE7114A01210A4815F0BFFA1A26FD
:105EF800B8E70F4A0121074815F0B8FA1B26BBE797
:105F08000C4A0121034815F0B1FA1C26B4E700BF7A
:105F1800E82D03007C1B030000ED00E0002E0300C9
:105F2800702C0300142E0300302E0300482E0300AB
:105F3800642E0300D42C030070B506460D463B4A78
:105F480001213B4815F092FA00232B70394BDC6A8B
:105F580014F0020425D1374BDB6A002B29DB354BC3
:105F6800DB6A13F0804F50D0334A0121304815F0D6
:105F78007DFA3046FFF76AFD08BB2E4B9B6A13F08B
:105F8800FF0F24D12B4B9B6A13F47F4F26D1294B4B
:105F98009B6AB3F5803F28D33046FFF7A9FD044636
:105FA80005E0264A0121224815F060FA002420461F
:105FB80070BD234A01211E4815F058FAF7E73368E7
:105FC800204A01211A4815F05BFA3468EFE72A469F
:105FD80001213046FFF77EFE0446E8E72A46012104
:105FE8003046FFF721FF0446E1E7174C40F2EA2369
:105FF80022461649164814F02EFC164814F02BFCBD
:1060080040F2EA21204614F01DFC0F4C40F2ED232B
:1060180022460E490E4814F01EFC0F4814F01BFCD3
:1060280040F2ED21204614F00DFC00BF7C2E030049
:106038007C1B030000ED00E0C82E0300942E030033
:10604800B82E0300E82E0300042D0300085F0300A8
:10605800141F0300042F0300282F030030B58BB052
:10606800274B5D68C5F30805002383F31188BFF348
:106078006F8F0DF12603FFF707FD58B104460DF1A8
:106088002702294615F0EBFA05469DF827308BB113
:106098000BB030BD1B4C40F2114322461A491B4835
:1060A80014F0D9FB1A4814F0D6FB40F211412046EF
:1060B80014F0C8FB0DF1040C20686168A268E3685D
:1060C800ACE80F0020696169A269E369ACE80F00D8
:1060D8009DF826304BB1089BC3F308025AB96FEA02
:1060E80053236FEA4323089305E0089B23F4FF73C7
:1060F80023F00103089301A92846FFF777FCC7E7B7
:1061080000ED00E0042D0300582F0300141F0300C6
:106118006C2F0300064B5A6942F010025A615A6903
:1061280042F480625A615A6922F008025A61704743
:1061380000ED00E0EFF30880EFF3098101B5724646
:10614800FFF78CFF01BD00BF002080F31488BFF368
:106158006F8F002080F30A8880F30B88104880F343
:10616800088800200F49087019F060F800200E49CF
:106178000860BFF34F8F00F02FF8202080F31188BC
:106188000A484FF40061401880F30988EFF314803F
:106198000221084380F31488BFF36F8F00F018F9C9
:1061A800B0D20020ADA5002094ED00E070B9002029
:1061B800084BD3F89000C0F30720002306E0054AF7
:1061C800C2F898300021C2F8A01001338342F6DBF0
:1061D800704700BF00ED00E010B572B6002484F3EC
:1061E8001388FFF7E5FF234608E003F120010E4A74
:1061F8004FF0FF3042F821000133DBB20F2BF4D906
:10620800002308E003F16001074A4FF0FF3042F82D
:1062180021000133DBB20F2BF4D962B6BFF34F8FE5
:10622800BFF36F8F10BD00BF00E100E008B50A4B57
:106238009B68834202D011F0D1FF08BDEFF30583BC
:10624800002BF8D0054B5A6842F080525A605A6ABF
:1062580022F400425A62EEE730A5002000ED00E08B
:1062680016498A6882F8B5E04FF030001044EFF321
:10627800098C80E8F01F202080F31288BFF36F8F0D
:106288000F4F4FF000664A698A603E6092F9B5E0A8
:10629800D2F8AC000023C2F8AC3080F3118802F1C8
:1062A800300090E8F01F8CF3098802F1000004B573
:1062B80015F00CFABDE804407047000030A5002036
:1062C80004ED00E01EF0040F0CBFEFF30880EFF3BD
:1062D8000980816911F8021C0229FFD001B57246B4
:1062E80015F0AFF901BD00BF002807DB00F01F0261
:1062F800400901239340024A42F82030704700BF0A
:1063080000E100E000280CDB00F01F024009012337
:1063180093402030034A42F82030BFF34F8FBFF339
:106328006F8F704700E100E0002808DB4901C9B21F
:1063380000F1604000F5614080F80013704700F0FC
:106348000F004901C9B2014B1954704714ED00E020
:106358004209054B53F8222000F01F00012303FADD
:1063680000F01040704700BF00E100E070B505463E
:106378000C460131072903D840B2FFF7D5FF70BD9D
:10638800084E6B2332460849084814F064FA07237C
:106398002A462146064814F05EFA6B21304614F06E
:1063A80051FA00BFAC2F0300E42F0300141F0300B1
:1063B80000300300044B23F07F03044A9360BFF3CB
:1063C8004F8FBFF36F8F70470000010000ED00E0B2
:1063D80008B5FFF7EFFF074AD2F8883023F47003B7
:1063E800C2F888300EF028FD12F096FA00F04CF84A
:1063F8000EF07EFD00ED00E010B4A2F1200410497B
:1064080042F8081C21F0010142F8081C42F8203C1F
:10641800019B42F81C3C029B42F8183C039B42F843
:10642800143C4FF0807342F8043C04650023C0F824
:10643800AC30C0F8B430BC2380F8B53010BC70471D
:10644800C7A3020000B50E461546094B9860D0F860
:106458009C3083F30B882C4686F309880020054B73
:1064680098472046002100220023034C204700BF04
:1064780030A50020DFB60200C7A30200014B10229E
:106488001A61704700ED00E0002207E003F1604365
:1064980003F56143202183F800130132442A09DC03
:1064A80053B2002BF2DA03F00F03034919442023F7
:1064B8000B76F2E7704700BFFCEC00E008B5EFF39D
:1064C8000583103B044A02EBC301496852F83300C4
:1064D8008847FFF7ABFA08BD6C17030010B584B006
:1064E8000A4C23460A4A01210A4800F01FFA0023F1
:1064F800019302930393084B0193E41A0294012138
:1065080001A800F035FA04B010BD00BF0000072054
:106518000080002040300300908C0020024B034A8A
:10652800C3F8C020704700BF00ED00E0AAFF440098
:10653800034BC3F89800C3F89C10C3F8A020704719
:1065480000ED00E00E4BC3F89800C3F89800D3F8AC
:106558009C000A7A60F304020A72D3F8A020C2F3FE
:106568004202087A62F347100872D3F89C2022F09E
:106578001F020A60D3F8A03023F01F03CB607047D6
:1065880000ED00E070B505460E46002400E0013439
:10659800A6421EDD04EB44039A0005EB8303596809
:1065A8000029F4D0A85815F002F904EB84030B4A2B
:1065B80042F8230010F1160F0CD0094B1B789842B3
:1065C80009DA04EB840302EB83010431FFF7BAFF15
:1065D800DDE7002070BD6FF01500FBE7149D00207B
:1065E800A6A5002010B504460A4BD3F89030C3F393
:1065F8000723013B984203D815F0B3F8204610BD95
:106608000346054A0121054814F03AFF6FF01500CA
:10661800F5E700BF00ED00E050300300641B030005
:106628002DE9F04F87B0814600910193144600266A
:1066380048E03346614A0121614814F021FF6FF0B8
:10664800150407E03B465F4A01215D4814F018FF36
:106658006FF01504204607B0BDE8F08FD84564D127
:106668002946C0B215F0B4F82BE0574AC2F8987022
:10667800D2F89C3003F01F0321F01F010B43C2F82E
:106688009C302946E0B215F0A3F8044610F1160F25
:10669800E0D0013415E0013B4B49C1F89870D1F8BE
:1066A800A02002F01F0223F01F031343C1F8A030FB
:1066B8002946E0B215F08CF8044610F1160FC9D03F
:1066C80001340136009B9E42C4DA06EB46054FEAC8
:1066D800850A09EB85056F68002FF2D0019B23B16D
:1066E800284615F052F80028A3D0394659F80A0070
:1066F80015F05DF8074610F1160FA3D08442A1DD0E
:10670800314BC3F89800D3F89C2022F01F02C3F83D
:106718009800D3F8A03043F01F0859F80A30696888
:10672800194401F1FF3B934298D093429DD0D8453C
:10673800B1D0013B2449C1F89870D1F8A02002F0EB
:106748001F0223F01F031343C1F8A0302946E0B20B
:1067580015F03EF8044610F1160F3FF47BAF0130F8
:10676800194BC3F89870D3F89C109DF8102061F36A
:1067780004028DF81020D3F8A030C3F34203D2B23C
:1067880063F347128DF8102059F80A306A681344E9
:10679800029323F01F03A8EB0B084344013B23F0AB
:1067A8001F03059302A9C0B2FFF71CFF044610F1AE
:1067B800160F3FF44FAF013483E700BF7830030072
:1067C800641B03009C30030000ED00E010B5034C8F
:1067D80001232278FFF724FF207010BDA6A5002012
:1067E800F0B587B0054605A8FFF726F80646002449
:1067F8004CE05768095827F01F0390680344013B91
:1068080023F01F03019702919DF80C10012060F3FB
:1068180004018DF80C10C9B2022060F347118DF8FD
:106828000C100493D36813F0010F25D0304C7B2350
:1068380022463049304814F00EF8304814F00BF86E
:106848007B21204613F0FEFF5768095827F01F03E5
:1068580092681344013B23F01F03019702919DF8AE
:106868000C20022161F304028DF80C20D2B26FF3E0
:1068780047128DF80C20049301A92878FFF7B2FE7F
:1068880000282EDB2B7801332B700134B4422BD235
:106898002001059901EB0412D3681B0D1B05B3F504
:1068A800001FA6D0B3F5800FCED0B3F5801FECD172
:1068B8005768095827F01F0392681344013B23F0D7
:1068C8001F03019702919DF80C20012161F3040236
:1068D8008DF80C20D2B261F347128DF80C20049386
:1068E800CAE76FF0150000E0002007B0F0BD00BF58
:1068F800C0300300F0300300141F030018310300F8
:10690800044B0522C3F89420BFF34F8FBFF36F8F5A
:10691800704700BF00ED00E0BFF35F8F024B00221D
:10692800C3F89420704700BF00ED00E038B50C466E
:10693800FFF74CFF10F1160F00D038BD084D4FF48B
:10694800BB732A460749084813F085FF21460748C4
:1069580013F081FF4FF4BB71284613F073FF00BF9B
:10696800C0300300085F0300141F03004831030010
:1069780038B50C46FFF706FE10F1160F00D038BDEB
:10698800084D4FF4C3732A460749084813F063FFBC
:106998002146074813F05FFF4FF4C371284613F0F0
:1069A80051FF00BFC0300300085F0300141F03003D
:1069B8007431030038B52D4B1D682D4BD3F890303A
:1069C800C3F307239D4205D8FFF7A6FFFFF7A6FDEF
:1069D80000241DE0274C40F2AD13224626492748E3
:1069E80013F039FF224BD3F89020C2F3072229462F
:1069F800234813F030FF40F2AD11204613F022FF78
:106A08001A4B596801EB0411204614F0AAFE013410
:106A1800A542F5D81B480570FFF7E2FE10F1160FE6
:106A280002D0184B1A7816E0124C40F2D7132246BF
:106A38001149124813F00FFF134813F00CFF40F2EE
:106A4800D711204613F0FEFE094BC3F89820002109
:106A5800C3F8A0100132064BD3F89030C3F30723D4
:106A68009A42F1DBFFF74CFF002038BD04320300E7
:106A780000ED00E0C0300300085F0300141F0300AE
:106A8800A4310300A6A50020D83103000C4BC3F1A4
:106A9800005303F5E023B3F5006F01D300207047DE
:106AA80010B5084C922322460749084813F0D3FE34
:106AB800074813F0D0FE9221204613F0C3FE00BF12
:106AC800A00901203C3203006C320300141F0300AC
:106AD800B8320300014B1860704700BFA086002041
:106AE800F8B505460F46002404E0094B1B683078CA
:106AF80098470134BC4208DA2E192B5D0A2BF4D1D1
:106B0800034B1B680D209847EFE73846F8BD00BFD8
:106B1800A086002008B505220249012014F07AFE5B
:106B2800FEE700BF40330300034BC01A8010034B3D
:106B380003FB00F0704700BFF08A0020C54EECC48C
:106B48003422024B02FB0030704700BFF08A00205D
:106B580010B5437A33B943687BB90023038243698C
:106B6800C36010BD0A4C5A2322460A490A4813F04A
:106B780072FE5A21204613F065FE054C5B2322461F
:106B88000649054813F067FE5B21204613F05AFEBC
:106B98004833030070330300141F030084330300D9
:106BA8002DE9F04784B00546039114469A46684695
:106BB8001AF04BFBDDE900892DB305F11C06EFF354
:106BC8001187202383F31288BFF36F8F304611F0AB
:106BD80017FE18B3304611F03DFE698C002976D0B7
:106BE8002B8C99423AD20022002328460EF0FCFE54
:106BF800044698B3304611F013FEF0B187F31188BC
:106C0800BFF36F8F3AE0564CEE232246554956485B
:106C180013F021FEEE21204613F014FE534C882376
:106C280022465349504813F016FE3146514813F096
:106C380012FE8821204613F005FE4C4C40F2311319
:106C480022464D49484813F006FE31464B4813F09A
:106C580002FE40F23111204613F0F4FD6C8C631EE5
:106C68006B84304611F0DCFD00B387F31188BFF365
:106C78006F8F2146284614F0D7FD0446039D002D4A
:106C880047D100236361012323720021617261608F
:106C9800039B6382E27A04F118001AF0DBFB2046BA
:106CA800FFF756FF204604B0BDE8F0872F4C40F2AE
:106CB8003113224630492C4813F0CDFD31462F4878
:106CC80013F0C9FD40F23111204613F0BBFD3046E8
:106CD80011F0A6FD60B187F31188BFF36F8F2246CC
:106CE800534628460EF080FE04460028C6D1D9E750
:106CF8001E4C40F2311322461F491B4813F0ABFDCE
:106D080031461E4813F0A7FD40F23111204613F01A
:106D180099FD42464B4668461AF0CDFADDE9002354
:106D280003A9204614F095FD0646606190B1039BC7
:106D38009D42A8D90A4C40F24513224610490A48F8
:106D480013F089FD0F4813F086FD40F245112046E7
:106D580013F078FD204614F090FD3446A2E700BFFA
:106D680048330300A0330300141F0300002203006C
:106D78003022030048220300602203007822030027
:106D8800A8330300BC33030038B5044680B9124C5D
:106D980040F2AB1322461149114813F05CFD40F252
:106DA800AB11204613F04EFD204614F066FD2C462C
:106DB80084B16568237A013BDBB2237253B9E3607F
:106DC8006360A07AFFF7BCFE836A002BECD02046F4
:106DD8009847ECE738BD00BF48330300E8330300A9
:106DE800141F030018B1027A01320272704710B5FD
:106DF800064C40F2D51322460549064813F02BFDF0
:106E080040F2D511204613F01DFD00BF48330300A2
:106E1800E8330300141F0300034620B118465B68DB
:106E2800002BFBD1704710B5064C4FF4087322466F
:106E38000549064813F00FFD4FF40871204613F07A
:106E480001FD00BF48330300E8330300141F0300AB
:106E580038B558B10C460546A9B1436823B1084670
:106E6800FFF7DAFF6B6843606C6038BD0C4C40F28A
:106E78002B2322460B490C4813F0EDFC40F22B2142
:106E8800204613F0DFFC064C4FF40B7322460749EB
:106E9800054813F0E0FC4FF40B71204613F0D2FCC8
:106EA80048330300C8330300141F0300D033030022
:106EB80038B549B104460D4698B1FFF7ADFF2946EC
:106EC800FFF7C6FF204638BD084C40F2372322465C
:106ED8000749084813F0BFFC40F23721204613F059
:106EE800B1FC0846FFF77EFFEDE700BF483303001B
:106EF800D0330300141F030010B528B1828872B97B
:106F080082680A44026010BD0A4C2B2322460A49B3
:106F18000A4813F0A0FC2B21204613F093FC054CE3
:106F28002C2322460649054813F095FC2C212046BF
:106F380013F088FCEC330300E8330300141F03004C
:106F48001834030082888A4206D30346521A828084
:106F5800006808441860704710B5064C40F2C31327
:106F680022460549054813F076FC40F2C311204635
:106F780013F068FCEC33030028340300141F0300EB
:106F8800034600689A888A4204D3521A9A800144B8
:106F98001960704710B5064C40F2CF1322460549D8
:106FA800054813F058FC40F2CF11204613F04AFC74
:106FB800EC33030028340300141F030038B50446DB
:106FC8000D4614F0A9FCA84206D32068401B206097
:106FD800A3882B44A38038BD064C40F255132246A3
:106FE8000549064813F037FC40F25511204613F0C6
:106FF80029FC00BFEC33030038340300141F0300DE
:10700800F8B504460D46036886889F1914F08FFC6E
:10701800A84203D32E44A6803846F8BD054C3E232B
:1070280022460549054813F016FC3E21204613F078
:1070380009FC00BFEC3303005C340300141F030099
:1070480068B108B5064A074B1B680749A1FB03133B
:107058009B0C00FB03F042F00103984708BD704702
:10706800B01C0300F888002083DE1B4338B5194B99
:107078001B780133184AA2FB031202F4FE7101EBDC
:1070880092029C1AE5B218F043F8144B1B782BB106
:10709800134A52F82530C01A072818D9114BD3F8CB
:1070A80014315BB10F4B0022C3F81421D3F814310B
:1070B800084B1D7015B9094B01221A70054B1C7835
:1070C80018F026F8064B43F82400012038BD0020AC
:1070D800FCE700BFA8A50020CDCCCCCCA7A50020FC
:1070E800289D00200050004000B583B00DF1070036
:1070F8000AF0A8FA114B98421CD1114B4FF4806248
:10710800C3F8B8254FF40062C3F83C250D499DF833
:1071180007000AF07FFA0C499DF807000AF062FAA6
:107128009DF80730012098400AF056FA002003B075
:107138005DF804FB6FF00B00F9E700BF0000AD0B32
:1071480000A002402CA0024028A1024010B54FF038
:1071580040230222C3F8D0260122C3F80427C3F82B
:107168000429C3F8002B00F08FF800B910BD064CB5
:107178004FF40C7322460549054813F06CFB4FF495
:107188000C71204613F05EFB90340300F4210300D9
:10719800141F030010B514F0E5FB00B910BD064C30
:1071A80040F23A2322460549054813F054FB40F2C1
:1071B8003A21204613F046FB90340300F4210300E3
:1071C800141F0300094BD3F83021D3F83431072AB0
:1071D80001D000207047042B03D8022B03D30020D2
:1071E8007047012070470120704700BF00F007205A
:1071F80038B50546002405E02946044B185D00F023
:1072080085F80134032CF7D938BD00BF4C3503008D
:1072180038B505460C46054B0122C3F81426002054
:10722800FFF7E6FF00212846A04738BD0050004080
:1072380038B505460C460120FFF7DAFF0021034860
:1072480014F09CFB00212846A04738BD00500040A0
:1072580030B10022026042608260012242607047C1
:1072680010B5064C4FF4857322460549054813F0BE
:10727800F2FA4FF48571204613F0E4FAC0340300A3
:10728800F0340300141F030008B50249024813F044
:10729800CBFC08BD503503003C9D002010B584B0E0
:1072A800C8B101A8FFF7D4FF69461448FCF78AFD66
:1072B800002805DB029B13F0030F13D1039B0FE09B
:1072C8000F4C5A2322460F490F4813F0C4FA5A218B
:1072D800204613F0B7FA0948FCF728FE002801DB1E
:1072E80004B010BD064C622322460649064813F036
:1072F800B2FA6221204613F0A5FA00BF3C9D002097
:107308000835030040350300141F030030B583B06F
:1073180001AA17F073FF18B9019B8BB903B030BDF0
:1073280004460F4D16232A460E490F4813F093FAC8
:1073380021460E4813F08FFA1621284613F082FAD8
:10734800074C172322460A49074813F084FA019983
:10735800084813F080FA1721204613F073FA00BF8B
:107368005C35030090350300141F0300B03503009B
:10737800CC350300D835030008B5044819F092FC51
:1073880008B1002008BD6FF01200FBE74C1603009F
:10739800F0B58BB004460D4616460378032B38D853
:1073A800DFE803F002212B311D4B93E8030007901F
:1073B800ADF82010090C8DF8221063792279E17854
:1073C800A07867780DF11C0CCDF814C004970390D1
:1073D800029101920093A379124A3146284612F08D
:1073E800E0FF0BB0F0BD104B93E803000790ADF839
:1073F8002010090C8DF82210DFE70C4A07AB07CAEA
:1074080003C31A80D9E70A4A07AB07CA03C31A801D
:10741800D3E7084A0A2107A812F0C3FFCDE700BF47
:1074280014360300243603001C36030048360300D4
:1074380054360300044A030010B5034C1E222146AB
:10744800FFF7A6FF204610BD5C9D002070B584B0F4
:1074580002AE002402940394084B0293084D284678
:107468000FF02CF900960A234FF4E16205492846EB
:107478000FF03EF9204604B070BD00BF603603002F
:10748800F0950020B0B1002008B5014601480FF082
:1074980079FA08BDF095002010B586468C46037829
:1074A800012B18D0022B32D003B110BD224C0FCCC7
:1074B800CCF80000CCF80410CCF80820CCF80C303C
:1074C80023788CF81030BEF802308CF80D301B0A87
:1074D8008CF80E30E9E7184C0FCCCCF80000CCF84B
:1074E8000410CCF80820CCF80C3023788CF8103035
:1074F800DEF804308CF80D30C3F307228CF80E2028
:107508001A0C8CF80F201B0E8CF81030CDE7006891
:10751800DEF80410DEF80820DEF80C30CCF80000A5
:10752800CCF80410CCF80820CCF80C309EF81030B9
:107538008CF81030B9E700BF6C36030010B504466C
:1075480010F050FB034B1B680BB12046984710F016
:1075580095FB10BD7C9D0020431E1F2B15D8DFE82E
:1075680003F02112142014141420141414141414E5
:1075780014101414141414141414141414141414C7
:107588001410052070470420704710B5064C52238C
:1075980022460649064813F05EF95221204613F0A8
:1075A80051F90220704700BF80360300085F0300CE
:1075B800141F030038B50446022820D0082801D03B
:1075C80020280ED1104814F090F905463DB1204608
:1075D800FFF7C2FF014605F10C0014F0BCF928467C
:1075E80038BD0A4C7023224609490A4813F033F97A
:1075F800094813F030F97021204613F023F90748A1
:1076080014F073F90546E1E7F08A0020B436030068
:10761800E4360300141F03002C370300C08B00203E
:1076280010B50F280ED80E280ED291B10B4814F0C1
:107638005CF9044624B1042104F10C0014F08BF920
:10764800204610BD1328F0D1054814F04EF9044621
:10765800F0E70220FFF7AEFF0446F1E78C8B00202D
:107668005C8C002038B50B6893B105460C464A6817
:10767800DA600B684A895A820868FFF785FB00239D
:1076880023606360A360E360284614F030FA38BDD5
:10769800054CFA2322460549054813F0DCF8FA217F
:1076A800204613F0CFF800BFB43603004C37030070
:1076B800141F03002DE9F0417AB305460C461E4617
:1076C8009046002834D001F10C07384614F024F90C
:1076D800002838D0204614F029FA00283ED105F1B8
:1076E8000C01384614F007F9384614F015F91FFA5A
:1076F80088F3184468822B8201236B72414638460E
:10770800FFF720FCE36873600023E360628A7281FC
:10771800638234602846BDE8F081164CD6232246A1
:107728001549164813F097F8D621204613F08AF821
:10773800104CD72322461249104813F08CF8D72151
:10774800204613F07FF80B4CDB2322460D490B48EB
:1077580013F081F8DB21204613F074F8054CDD2383
:1077680022460949054813F076F8DD21204613F032
:1077780069F800BFB436030058340300141F03002F
:107788005C3703006437030084370300C26851780C
:10779800084B83F870105188A3F87210117983F898
:1077A8007110B2F80710A3F87410B2F80520A3F806
:1077B80076207047C0840020C268034BD2F80100CD
:1077C800D2F8051003C370479885002030B5C46807
:1077D80004F1010C094D4134AE46DCF80000DCF838
:1077E8000410DCF80820DCF80C30AEE80F000CF1CF
:1077F800100C7546A445EFD130BD00BF4085002070
:10780800C268034BD2F80100D2F8051003C37047D1
:107818003885002008B5C068013014F0A2F9024B81
:10782800C3E9380108BD00BFC0840020032801D97E
:1078380002487047024B53F820007047F0370300A6
:107848005C3E0300022807D1052901D90348704787
:10785800034B53F82100704700487047F037030086
:10786800443E0300032801D902487047024B53F8ED
:1078780020007047F0370300343E0300054BD3E87F
:10788800AF2F02F00B02D3E8EF1FC3E8E02F002868
:10789800F9D170479485002008B5C268084BB3F841
:1078A800043103B108BDB2F801300548A0F804312D
:1078B80091880A4600F5847019F0F9FAF2E700BFDA
:1078C800C084002010B582B0C468B4F801309AB200
:1078D80062B1E27852B10A4AA2F80431E378032B84
:1078E80006D1E1780A46074819F0E1FA02B010BD5E
:1078F80003220092044A0221044813F0CCFDF0E769
:10790800C0840020C8850020F8370300DC1A030073
:1079180000B970472DE9F04182B00E46154607467A
:10792800474B0022D3E8EF4FC3E8E12F0029F9D1F4
:10793800A046002C3ED0204613F0B7FF00EB4000D5
:10794800404B03EB80035B88BB423AD1AC4208D082
:107958002046FFF7FDF82A8AE96804F10C0013F0C5
:10796800EFFF204613F0A1FF00EB4000354B03EB7F
:1079780080035B680BB1002E52D0204613F095FFB0
:1079880000EB40002F4B03EB80039B6893B320462A
:1079980013F08BFF2B4D00EB400005F820602046CC
:1079A80013F083FF00EB400005EB8005A8680EF09C
:1079B800CBF81FE03B46244A0121244813F060FD20
:1079C80018E0204613F071FF00EB40001D4B03EB5D
:1079D80080035B8800933B461D4A01211B4813F036
:1079E8005AFD174AD2E8EF3FC2E8E14F0029F9D122
:1079F800984643B9B8F1000F02D04046FFF7C4F9E2
:107A080002B0BDE8F081134C40F6C4132246124977
:107A1800124812F020FF40F6C411204612F012FF5F
:107A2800204613F042FF00EB4000064B03EB8003B7
:107A38005B681A7A5968186814F0C6F89DE700BFA1
:107A480008860020809D002040380300DC1A0300CF
:107A5800683803009C380300D0380300141F030063
:107A680010B50C460A604B609DF808300B7213F095
:107A78001CFF00EB4000024B03EB80035C6010BD71
:107A8800809D002070B502460B46124813F02DFF6A
:107A98000446E8B104210C30FFF72EFA204613F013
:107AA80004FF0D4D00EB400005EB800000264680EA
:107AB800204613F0FAFE00EB400005EB80008660DC
:107AC800204613F0F2FE00EB400005EB80056E60E7
:107AD800204670BD288C0020809D002010B590B0F5
:107AE8008646EC460C4C0FCCACE80F000FCCACE84B
:107AF8000F000FCCACE80F0094E80F008CE80F00E3
:107B0800BEF10F0F02D9054810B010BD10AB03EB42
:107B18008E0E5EF8400CF7E7181C0300F0370300E0
:107B28002DE9F04182B000AF6E4600233B7102237D
:107B38007B7188B06D4615F1100212D00E201AB173
:107B4800042801DDA84B6B6100233B7002237B7086
:107B5800A2B1082801DDA54BAB6105F11C0300218A
:107B68000AE06FF00040EAE701F1080CBC441CF899
:107B780008CC03F801CB01310129F5D90D2857DDCF
:107B88000E2342B10321397100217971B9710121A4
:107B9800F9717868286100216FF300016FF34101E2
:107BA8006FF382016FF3C501032060F38811C3F3FB
:107BB8000A0363F353216FF31F5100238C48FDF729
:107BC80073FAB5468B4BDB79012B34D9DFF8288261
:107BD8008848FFF731FC6D4600233B7102237B7117
:107BE8000123BB710323FB718AB06E4616F11002A4
:107BF80024D04FF0140C22B1BCF1040F01DD7F4BEF
:107C0800736100233B7002237B7022B1BCF1080F23
:107C180001DDC6F818800123BB700323FB70D2B1C5
:107C2800BCF10C0F00DDF06106F12003002110E02B
:107C38006FF01B03A5E7DFF8C881C9E76FF0004CB8
:107C4800D9E701F10800384410F8080C03F8010BD3
:107C580001310329F5D9BCF1130F23DD142342B1F7
:107C68000421397100217971B9710221F97178689B
:107C7800306100216FF300016FF341016FF382015E
:107C88006FF3C501032060F38811C3F30A0363F39C
:107C980053216FF31F5100235548FDF705FAAD46F0
:107CA800012531E06FF01B03D9E76FF0004C41E08C
:107CB80001233B7003237B70002A49D1BCF1110FCB
:107CC80059DD122342B10420387100207871B8714F
:107CD8000120F871786808616FF300046FF34104BC
:107CE8006FF382046FF3C504032161F38814C3F3AF
:107CF8000A0363F353246FF31F54002321463C48BF
:107D0800FDF7D2F9B54601353A4BDB79AB4235DDA3
:107D1800C5EBC500374B1844FFF78EFB6E460123B1
:107D28003B7103237B718AB0694611F11002BCD004
:107D38004FF0120C002ABBD06346BCF1040F03DDE0
:107D4800DFF8C0E0C1F814E0082BB1DD8D61AFE7C2
:107D5800BCF10C0F00DDC86101F12003002007E031
:107D680000F1080EBE441EF808EC03F801EB0130E0
:107D78000128F5D9A2E76FF01B03A3E71D4C94F87F
:107D880070804046FFF7AAFEB4F87210B4F876C0C7
:107D98006D4600233B7102237B718CB06C4614F155
:107DA80010021DD01A261AB1042E01DD164B63618C
:107DB80000233B7002237B7092B33346082E00DD0C
:107DC800A0610C2B01DDC4F81C80102B00DD2162A2
:107DD800142B01DDC4F824C004F1280300211DE0A0
:107DE8006FF00046DFE700BF7439030088390300ED
:107DF800DC1A0300C0840020703903008C390300AA
:107E0800E07E03009C390300B039030001F108004B
:107E1800384410F8080C03F8010B01310129F5D991
:107E2800192E4BDD1A2342B10621397100217971CF
:107E3800B9710121F9717868206100216FF300019F
:107E48006FF341016FF382016FF3C501032060F303
:107E58008811C3F30A0363F353216FF31F510023FF
:107E68003348FDF721F9AD46324C94F8716030463D
:107E7800FFF734FEB4F8741000233B7102237B71C2
:107E88008AB06C4614F110021BD016251AB1042DC5
:107E980001DD294B636100233B7002237B70EAB14B
:107EA8002B46082D00DDA0610C2B00DDE661102BB0
:107EB80000DD216204F1240300210DE06FF01B03B3
:107EC800B1E76FF00045E1E701F10800384410F828
:107ED800080C03F8010B01310129F5D9152D24DD12
:107EE800162342B10521397100217971B971012137
:107EF800F9717868206100216FF300016FF3410187
:107F08006FF382016FF3C501032060F38811C3F397
:107F18000A0363F353216FF31F5100230448FDF74D
:107F2800C3F80837BD46BDE8F0816FF01B03D8E7FA
:107F3800DC1A0300C0840020F039030008B50146AC
:107F4800034BD3F8700182689268904708BD00BF60
:107F5800C084002008B5064BD3E8EF1F41F00401A8
:107F6800C3E8E21F002AF7D1FFF7DAFD08BD00BF1A
:107F78009485002000487047183A030008B5024865
:107F88000EF0EEFA08BD00BFA486002070B50446C6
:107F98000D46E1B1284613F088FC00EB4000204B69
:107FA80003EB80035C8005F10C06304613F0B4FC4B
:107FB800032818D840F635439C4221D02946194851
:107FC80018F058FFFFF7DAFF0024204670BD4FF085
:107FD800FF304FF0FF31FFF755FD05460028D9D196
:107FE8006FF06804F1E703213046FEF7E7FF0480ED
:107FF8002B8A033B83700121304613F091FCD9E7AB
:108008002846FFF79BFF04460028DED00346064AB1
:108018000121064813F034FA2846FEF7B5FED4E7E6
:10802800809D0020148600202C3A0300DC1A0300EF
:1080380070B5458B047E13F0AFFD244B93F88A305E
:1080480013F0200F00D170BD204602F095F90646C6
:1080580028B3837A073BDBB2012B27D801F0EEFC6B
:108068004FF0FF304FF0FF31FFF70CFD044630B3FF
:1080780000F10C0601213046FEF7C2FF0123037010
:1080880004213046FEF7BCFF0580012383700023DE
:10809800C370214640F63540FFF778FFD3E7234603
:1080A8000B4A02210B4813F0EBF9CCE70A4A0221EC
:1080B800084813F0DBF9304601F0C0FCC3E7074A73
:1080C8000121044813F0D2F9BDE700BFC0840020A5
:1080D800943A0300DC1A0300C03A0300EC3A0300A8
:1080E80038B50022002326480DF07EFC0446E0B196
:1080F800244BD3F8483163B1234A0121234813F0B4
:10810800B5F9204DD5F84801FEF73EFE0023C5F825
:1081180048312046FEF766FE1A4BC3F84801204650
:10812800FFF70CFF034680B938BD40F61B43184AD9
:108138001849194812F08FFB002383F31188BFF305
:108148006F8F0323184602DFD2E7144A01210F4834
:1081580013F096F912480DF0F7FC204613F0A5FB32
:1081680000EB40000F4B03EB800322461F21588889
:10817800FFF7CEFB2046FEF707FEFFF7FFFED3E72B
:1081880014860020C0840020103B0300DC1A030082
:108198009C380300E8330300141F03002C3A030043
:1081A800F0850020809D002008B50B460849D1F8CD
:1081B800541151B1024607480DF068FD08B100207E
:1081C80004E0FFF78DFF012000E0002008BD00BF9C
:1081D800C0840020F08500202DE9F04389B000AF6D
:1081E80006469046002963D00C46887AFEF7A8FC1C
:1081F800884B834268D107F10805012200212846EF
:1082080018F055FE204613F050FB00EB4000824B5F
:1082180003EB80039D602046FEF7E4FD01463046EF
:10822800FFF7B4FE814600285BD10FF0D1FF7B4BEE
:10823800834273D04FF4A022002307F108000DF009
:1082480025FD0546002875D1204613F02EFB00EBCE
:108258004000714B13F82050002D00F0CE80E84606
:1082680002233B7104237B718AB0EC461CF1100297
:1082780075D016206AB10346042802DD6849CCF897
:108288001410082B01DDCCF818600C2B01DDCCF89C
:108298001C5002233B7004237B70002A6CD01028EA
:1082A80002DD604BCCF820300CF12403002161E0A2
:1082B8004FF0FF304FF0FF31FFF7E4FB0446002892
:1082C80099D16FF068090FE0574C40F2C513224668
:1082D8005649574812F0BFFA40F2C511204612F02D
:1082E800B1FA2046FEF750FD48462437BD46BDE8A2
:1082F800F0834FF4F9734C4A4E494D4812F0ABFAEB
:1083080031464D4812F0A7FA002383F31188BFF3D2
:108318006F8F0323184602DFA5428BD0474818F019
:10832800C0FD05464FF4A0200021FFF73DFF0028BF
:10833800F2D1DEE74FF4FC733B4A41493C4812F066
:108348008AFA2A4631463F4812F085FA002383F319
:108358001188BFF36F8F0323184602DF74E76FF0AD
:10836800004087E701F120063E4416F8206C03F828
:10837800016B01310129F5D915282FDD16234AB1E2
:108388000521397100217971B9710121F971786874
:10839800CCF8100000216FF300016FF341016FF377
:1083A80082016FF3C501022060F38811C3F30A0349
:1083B80063F353216FF31F5100232348FCF774FE26
:1083C800C5462046FEF7E0FC093D092D12D8DFE836
:1083D80005F00811110E1E111111110B6FF01B037E
:1083E800CDE76FF06E097FE76FF015097CE76FF056
:1083F8000C0979E76FF0040976E7B8F1000F02D0AD
:10840800C8F8004070E72046FEF7BEFC6CE76FF046
:108418000B0969E7288C0020809D0020A89A00207D
:108428009C3B0300E07E03009C380300085F0300C8
:10843800141F03002C3B0300343B03001486002068
:10844800F4210300543B0300DC1A030010B5214B50
:1084580093F88A3013F0200F2ED04FF0FF304FF0F2
:10846800FF31FFF70FFB044668B307210C30FEF716
:10847800C7FD00220260C0F803201B23037042706E
:108488000A23C3700271214640F63340FFF7A4FE69
:10849800C0B94FF0FF304FF0FF31FFF7F3FA044651
:1084A800A0B101210C3013F056FA0022214640F603
:1084B8003140FFF791FE05E0074A0221074812F014
:1084C800D5FF002010BD6FF06800FBE76FF0680073
:1084D800F8E700BFC0840020BC3B0300DC1A03009F
:1084E80010B54FF0FF304FF0FF31FFF7CBFA08B36C
:1084F800044608210C30FEF783FD02460F4B93F823
:10850800D83013F0020F12D10F2000210B4B93F833
:10851800D93013F0090F01D040F4006013F010FBBC
:108528000022214642F20100FFF756FE10BD2F201F
:108538000021EBE76FF06800F8E700BFC084002077
:1085480010B582B0354B93F87C3013F0400F0AD049
:1085580001AA002142F20300FFF73EFE034650B194
:10856800184602B010BD2E4A01212E4812F07EFF97
:108578006FF01203F4E70198FFF71EF90198FEF770
:1085880003FC01AA002142F20200FFF725FE034680
:108598000028E5D10198FFF795F90198FEF7F4FB5B
:1085A8001E4B1F22A3F8202193F87C3013F0200FD4
:1085B80018D01A4B93F89C3013F0080F0ED001AA6C
:1085C800002142F21C00FFF707FE03460028C7D12E
:1085D8000198FFF71FF90198FEF7D6FBFFF780FF18
:1085E8000346BDE74FF0FF304FF0FF31FFF74AFA7F
:1085F800044680B102210C30FEF702FD012303700E
:1086080000224270214640F66D40FFF7E5FD034623
:108618000028CED0A4E76FF06803A1E7C08400204B
:10862800EC3B0300DC1A030010B582B00B4BB3F827
:1086380004311BB10024204602B010BD01AA00215C
:1086480041F20500FFF7C8FD04460028F3D1019860
:10865800FFF722F90198FEF797FBECE7C0840020AA
:1086680010B54FF0FF304FF0FF31FFF70BFA88B12C
:10867800044608210C30FEF7C3FC024607484FF0B9
:10868800005113F05DFA0022214640F60140FFF741
:10869800A3FD10BD6FF06800FBE700BF1088000263
:1086A8002DE9F04184B000AF07F10C0200214FF62C
:1086B8000140FFF791FD60BBFB68DC68B4F801601E
:1086C8003046FFF7B3F86D4600233B7202237B72F6
:1086D8008AB0EC461CF1100221D04FF0120E2AB1DC
:1086E800BEF1040F02DDAE4BCCF8143000233B7111
:1086F80002237B7102B37346BEF1080F01DDCCF88B
:1087080018000C2B01DDCCF81C600CF120030021B3
:1087180010E0A44A0221A44812F0A8FE1BE16FF061
:10872800004EDCE701F11000384410F80C0C03F897
:10873800010B01310129F5D9BEF1110F4FDD1223CB
:108748004AB10421397200217972B9720121F97292
:10875800B868CCF8100000216FF300016FF34101F5
:108768006FF382016FF3C501032060F38811C3F32F
:108778000A0363F353216FF31F5100238A48FCF760
:1087880093FCAD46B4F803603146B4F80100FFF736
:1087980059F86D4600233B7202237B728AB0EC467F
:1087A8001CF110021ED04FF0120E2AB1BEF1040FB8
:1087B80002DD7E4BCCF8143000233B7102237B7121
:1087C800EAB17346BEF1080F01DDCCF818000C2B96
:1087D80001DDCCF81C600CF1200300210DE06FF0E6
:1087E8001B03ADE76FF0004EDFE701F110003844DE
:1087F80010F80C0C03F8010B01310129F5D9BEF171
:10880800110F5ADD12234AB10421397200217972FD
:10881800B9720121F972B868CCF8100000216FF321
:1088280000016FF341016FF382016FF3C50103206B
:1088380060F38811C3F30A0363F353216FF31F51E5
:1088480000235948FCF730FCAD4666793046FFF7FF
:1088580009F894F806E0B4F80710D4F809806D46D2
:1088680000233B7202237B728CB06C4614F1100219
:1088780026D04FF01E0C22B1BCF1040F01DD4C4B89
:10888800636100233B7102237B7132B36346BCF101
:10889800080F00DDA0610C2B00DDE661102B01DD67
:1088A800C4F820E0142B00DD6162182B01DDC4F848
:1088B800288004F12C0300210DE06FF01B03A2E7D0
:1088C8006FF0004CD7E701F11000384410F80C0C99
:1088D80003F8010B01310129F5D9BCF11D0F3EDD6B
:1088E8001E2342B10721397200217972B972012120
:1088F800F972B868206100216FF300016FF341013C
:108908006FF382016FF3C501032060F38811C3F38D
:108918000A0363F353216FF31F5100232248FCF726
:10892800C3FBAD46F868FEF72FFA07F10C020021E9
:108938004FF60240FFF750FCA0B9F868C368B3F8D7
:1089480001301C4CA4F8C130FEF71EFA94F8C1306F
:1089580013F0040F0CD11037BD46BDE8F0816FF05D
:108968001B03BEE7144A02210F4812F07FFDF2E70D
:1089780007F10C0200214FF60340FFF72DFC40B928
:10898800F868C3685A780B4B83F8C020FEF7FCF9E7
:10899800E1E70A4A0221044812F068FDDBE700BF5C
:1089A800343C0300103C0300DC1A0300503C030075
:1089B800683C0300C0840020983C0300C43C0300CA
:1089C80008B513F04AF9034608B1184608BDFFF781
:1089D800B7FD03460028F8D1114B93F87C3013F00B
:1089E800200F0ED00E4BB3F8043183B1FFF738FED9
:1089F80003460028E9D1FFF753FE00F0B7FA034613
:108A0800E3E7FFF711FE03460028EFD0DDE7054A4C
:108A18000121054812F02AFD6FF00403D5E700BFD5
:108A2800C0840020F03C0300DC1A030008B513F0F2
:108A38005CF9024B1B6803B1984708BD109E0020E3
:108A480070B582B006460C46124B93F99B30002B4A
:108A58001DDAC4B12546082C28BF082501AA002123
:108A680042F21800FFF7B8FB034668B9019BD968C2
:108A78002A460131304618F0C6FC0198FEF784F901
:108A88002E44641BE5E70023184602B070BD6FF062
:108A98008503F9E7C084002070B50546002401E08D
:108AA8000134E4B2094BDB79A3420BD92646C4EB67
:108AB800C4010722054B1944284618F094FC0028E5
:108AC800EED101E06FF00106304670BDC084002091
:108AD80038B504460622194918F085FC054608B938
:108AE800284638BD4FF0FF304FF0FF31FEF7CAFF80
:108AF800054600B3062221460C3012F021FF002261
:108B0800294642F20500FFF767FB054650B90C4BB2
:108B18002268C3F86920A288A3F86D20012283F88F
:108B28006820DDE710F10D0FDAD1064A0221064868
:108B380012F09CFCD4E76FF06805D1E72985002086
:108B4800C08400207C3E0300FC1A030070B582B08C
:108B580005460E4629B107221849304618F043FC4D
:108B6800E8B9684612F0AEFF044618BB6846FFF73E
:108B780093FF0028F5DAC5EBC505114AAB18009834
:108B88005051BDF804009DF80610988099718EB177
:108B9800525932609A889B79B280B3710AE0C5EB6A
:108BA800C505074AAB1831685151B188B279998027
:108BB8009A710024204602B070BD00BFFC35030046
:108BC800C08400202DE9F04383B0284B93F8C240BD
:108BD80014F0010412D005460E4601AA00214FF6F2
:108BE8000940FFF7F9FA844670B90198D0F80C905B
:108BF80099F80140B44228BF344628E01C4A0221B3
:108C08001C4812F033FC27E01B4A0221194812F0D5
:108C18002DFC002420E0162101FB0CF16A1809EB59
:108C28000103D3F802E0D3F80680D3F80A70D3F82A
:108C38000E6045F801E0C2F804809760D660D3F86A
:108C480012E0C2F810E0DB8A93820CF1010C644553
:108C5800E1DCFEF799F81CB1204603B0BDE8F083CB
:108C6800064A0221034812F001FCF5E7C0840020FF
:108C78008C3E0300FC1A0300B83E0300D83E0300F4
:108C880070B584B0002948D104460E4620B10722A9
:108C9800264918F0A8FB10BB254BDB79012B42D0E5
:108CA800244BD3E8AF3F13F0010F0BD100230093FF
:108CB8000193029303933CB307221C49204618F002
:108CC80092FB08B31A4BD879421CDA710546324632
:108CD8002146FFF73BFFD0B9284604B070BD2046B7
:108CE800FFF7DAFE00281BDA2378012B04D1A379D9
:108CF80003F0C003C02BCFD00F4A01210F4812F058
:108D0800B5FB6FF01505E7E76FF01505E4E70849CF
:108D1800CB79013BCB710546DEE76FF01505DBE744
:108D28006FF07705D8E76FF00B05D5E7FC35030042
:108D3800C084002094850020043F0300FC1A03002F
:108D4800F0B583B0E0B1054601AA002141F209005F
:108D5800FFF742FAD8B9019EF7687C1C062216492B
:108D6800204618F040FB28B106221449204618F086
:108D78003AFB98B93046FEF707F8002003B0F0BD7B
:108D88000F4A02210F4812F071FB0020F6E70E4A45
:108D980002210C4812F06AFB0020EFE7D7F80130F7
:108DA800C5F80130A388A5F8053000232B70019879
:108DB800FDF7EAFF0120E1E70C3603000436030063
:108DC800343F0300FC1A0300503F030000B583B092
:108DD8006846FFF7B5FF064BD87118B9002003B0F5
:108DE8005DF804FB002269461046FFF7AFFEF6E780
:108DF800C084002010B588B0184BDC7924BB012151
:108E080002A8FFF7DFFE154BD87101E00134E4B288
:108E1800124BDB799C4216D202AA162304FB03F3F9
:108E2800D118D358CDF801308B88ADF8053001231F
:108E38008DF80030002269462046FFF787FE03467A
:108E48000028E3D005E03BB900210846FFF718FFEA
:108E58000346184608B010BD0023FAE7C084002076
:108E680000286FD070B50C4616461D460346002DE7
:108E78006BD0017814F4002F10D014F0040F05D132
:108E880012F076FF08B901232B7070BD344A012116
:108E9800344812F0EBFA6FF01500F6E714F0010F02
:108EA80029D042B114F0200F05D02F4A92F8D820CB
:108EB80012F0400F4CD0C1EBC1022B48825C012A52
:108EC8000DD00AB900232B70002E44D014F0200FC7
:108ED80043D02B7843F002032B700020D5E7C1EB79
:108EE800C10101440131184612F035FF0028CCD1E8
:108EF80001232B70E8E714F0040F1ED0C1EBC10268
:108F08001948825C012A0AD0AAB90020287014F0F6
:108F1800200FBAD02B7843F002032B70B5E7C1EBD2
:108F2800C10101440131184612F015FF0028ACD1E7
:108F380001232B70EBE70020E9E712F019FF01236A
:108F48002B70A2E76FF0150070476FF015009CE7D3
:108F58006FF0850099E7002097E7002095E700BFAC
:108F6800703F0300FC1A0300C084002010B5154BA5
:108F7800DB792BB1134BDB796BB10024204610BD94
:108F8800FFF724FF04460028F4D00F4A01210F48B8
:108F980012F06CFAF2E7FFF72DFF044658B90C48B7
:108FA800FFF796FD04460028E8D00A4A0121074841
:108FB80012F05CFAE2E7044A0121044812F056FA7A
:108FC800DCE700BFC0840020903F0300FC1A0300C8
:108FD800C1840020B03F03002DE9F04105468846D2
:108FE800044614F8096B194B83F86F600722184977
:108FF800204618F0F8F970B907461649304601F0CE
:109008000FF80446C8B1052100F072FDC8F8004009
:109018003846BDE8F0812146304601F04FF878B96E
:109028002146287800F0FCFF044660B1062100F0D4
:109038005FFDC8F800400027EAE76FF00B07E7E795
:109048006FF01507E4E76FF00B07E1E7C084002035
:10905800FC350300F435030000487047D88400202D
:10906800F0B583B0FFF7F8FF38B1044600F11005FA
:109078000E21284612F095FE08B903B0F0BD07216D
:10908800284612F08EFE06460028F6D10A21284608
:1090980012F087FE0028F0D001A92046FFF79CFFB8
:1090A8000028EAD107221B4904F1090018F09BF9AE
:1090B800071E18BF0127204612F07EFE01460DF15B
:1090C80003033A462046FFF7CBFE034690B9012139
:1090D800204612F0CDFE98B9019800F0AFFC002EA2
:1090E800CBD0D5E8EF3F43F48043C5E8E23F002A00
:1090F800C3D0F6E7084A0121084812F0C1F9BCE7D5
:109108000021019800F0F4FC0E21284612F06FFEB1
:109118000646E1E7FC350300D83F0300AC1A03001C
:1091280008B516F052F800B908BD0346034A0121F4
:10913800034812F0A5F96FF00400F5E718400300A2
:10914800F41A030008B508F0BBF900B908BD0346D6
:10915800034A0121034812F093F96FF00400F5E780
:1091680034400300F41A0300082816D8DFE800F09A
:10917800051707090B0D0F1113000A4870470A4815
:1091880070470A4870470A4870470A4870470A48B3
:1091980070470A4870470A4870470A4870470A48A3
:1091A800704700BF644003009440030088400300F8
:1091B800A0400300B8400300C8400300DC47030098
:1091C800DC400300EC400300744003000048704793
:1091D800A89A0020024B1868B0FA80F0400970473E
:1091E800D48A0020054B5B8C2BB9044B1868B0FA65
:1091F80080F0400970470020704700BFF48B0020C2
:1092080038B505461A4B1C6804B1143C74B1636840
:109218003BB1697A284698476469002CF6D0143C1B
:10922800F4E714F11403F7D11C46EFE7114C00E002
:109238001834114B9C4209D80F4B9C4216D26368D4
:10924800002BF5D0697A28469847F1E70B4C40F295
:109258007E7322460A490B4811F0FDFA0A4811F0BC
:10926800FAFA40F27E71204611F0ECFA38BD00BFE0
:10927800489E00208C1A03008C1A0300F840030053
:1092880028410300141F03008425030038B5054650
:109298001A4B1C6804B1143C74B123683BB1697A59
:1092A800284698476469002CF6D0143CF4E714F17A
:1092B8001403F7D11C46EFE7114C00E01834114BAA
:1092C8009C4209D80F4B9C4216D22368002BF5D03C
:1092D800697A28469847F1E70B4C40F26D732246AD
:1092E8000A490B4811F0B7FA0A4811F0B4FA40F2EB
:1092F8006D71204611F0A6FA38BD00BF489E0020C7
:109308008C1A03008C1A0300F8400300284103005C
:10931800141F03008425030010B5184B1C6804B102
:10932800143C64B1A3682BB198476469002CF8D049
:10933800143CF6E714F11403F7D11C46F1E7104C7E
:1093480000E018340F4B9C4207D80E4B9C4214D2B5
:10935800A368002BF5D09847F3E70B4C40F27D63E8
:1093680022460A490A4811F076FA0A4811F073FAB7
:1093780040F27D61204611F065FA10BD489E00203C
:109388008C1A03008C1A0300F840030028410300DC
:10939800141F03008425030008B501460023436019
:1093A8008360024817F066FD08BD00BFD48A00201C
:1093B80070B504460EF00CFF0546FFF707FFD0F81E
:1093C800B830AB421CD0174C40F21D132246164948
:1093D800164811F040FA40F21D11204611F032FAF9
:1093E80083F31188BFF36F8FD8B145688668FFF79C
:1093F800D3FF1DB1002231462046A847FEF7BEFD27
:10940800EFF31183202282F31288BFF36F8FE06994
:109418000028E5D00268E261216A8142E0D1226237
:10942800DEE770BDF84003005C410300141F030031
:1094380070B561B1044608464D688E68FFF7ACFF09
:1094480025B16FF06D0231462046A84770BD054C26
:109458004D2322460449054811F0FDF94D212046C7
:1094680011F0F0F9F8400300A4410300141F0300B1
:1094780070B50C4616461D4612F02BFD50B1A36977
:109488003360E3692B60E27A002104F1180017F0D9
:10949800E1FF70BD064C40F2F1332246054906480B
:1094A80011F0D9F940F2F131204611F0CBF900BFA3
:1094B800F8400300A8410300141F030008B5002268
:1094C800002302480CF090FA08BD00BFD48A00209F
:1094D80010B504460022002305480CF0D7FB00B164
:1094E80010BDFFF719FF20460DF03AF8F8E700BF66
:1094F800BC8A002008B512F0D8F9024B03EB001023
:1095080008BD00BF149E002070B505460E4612F037
:109518000DFB90B90022002300210D48FDF740FB08
:10952800044640B1FFF7E6FF034632462946204687
:10953800FEF7C0F80446204670BD064CA323224619
:109548000549064811F087F9A321204611F07AF958
:10955800F48B0020F8400300BC410300141F0300F3
:10956800034BB3F804310BB1024870470020704731
:10957800C0840020C88500202DE9F84317460A8AD0
:10958800002A5BD004460D469846084612F0CEFAEB
:10959800002860D12046FFF7E3FF002200230CF0EB
:1095A80075FB002864D1FFF789FF064600286FD0B5
:1095B800C0F80480089B83606D4BB3F80411B9426E
:1095C80000D3B9B22B7A013BDBB2012B70D8284605
:1095D800FFF79AFF8046002877D0654BB3F804312F
:1095E800BB427FD294F8C450012384F8C43004F1FC
:1095F800C007D7E8EF3F0133C7E8E23F002AF8D1B8
:1096080004F1140900233360A369002B74D01E6091
:10961800A661204612F055FC002870D1204612F0B1
:1096280058FC002872D02A464146204612F0EDFC2C
:109638000546002D7BD12846BDE8F8834D4C4FF4F4
:10964800257322464C494D4811F005F94FF4257110
:10965800204611F0F7F8474C40F29B232246464932
:10966800464811F0F8F840F29B21204611F0EAF83C
:10967800404C40F2AB2322463F49404811F0EBF8FA
:109688003F4811F0E8F840F2AB21204611F0DAF833
:10969800384C40F2B62322463749384811F0DBF8F7
:1096A800384811F0D8F840F2B621204611F0CAF82F
:1096B800304C4FF4357322463349304811F0CBF81B
:1096C8004FF43571204611F0BDF82A4C40F2DD23E5
:1096D80022462E49294811F0BEF840F2DD212046E5
:1096E80011F0B0F894F8C43023B10325002384F8AE
:1096F800C4307CE70225F9E7A661666189E72A4656
:109708004146204612F04FFC054692E7194D40F2BB
:1097180001332A461849194811F09DF8A1781C48C8
:1097280011F099F840F20131284611F08BF8D7E88A
:10973800EF3F013BC7E8E23F002AF8D131464846EF
:1097480012F0ADFB2B46134A0121134811F098FE85
:109758004046FDF719FB31462046FFF769FE2046D3
:10976800FFF7FEFE0CF0F0F96FF0040563E700BFA9
:10977800C0840020F8400300085F0300141F0300A2
:10978800D8410300F04103000042030028420300CF
:109798003C4203002C3A0300C41A030070B58AB097
:1097A80004460E460EF014FD0546FFF70FFDD0F8EF
:1097B800B8309D4208D02434214617F04EFC051ECF
:1097C80006DBB6B90AB070BD2046FFF7F1FDF9E730
:1097D8000A4C40F25513224609490A4811F03BF851
:1097E8002946094811F037F840F25511204611F082
:1097F80029F8694620460CF0BBFEE3E7F840030071
:10980800C0270300141F03005C42030038B500237F
:109818008B4224D2D02404FB030404F1C8024FF085
:10982800010CD2E8EFEFBEF1000F03D1C2E8E5CF9B
:10983800002DF6D111D174B1C8220021204617F0AD
:1098480009FE084904F140000DF06CF8064904F1DE
:1098580024000CF0AFFD204638BD6344D8E700244F
:10986800E9E700BFA5A2010023BF020008B5012156
:109878000148FFF7CBFF08BDC896002010B5014688
:1098880080B101F1C803D3E8AF2FC2B1501CD3E8AF
:10989800EFCF944503D1C3E8E40F002CF7D1F0D102
:1098A800084610BD074C40F2BC53224606490748FB
:1098B80010F0D1FF40F2BC51204610F0C3FF002148
:1098C800EEE700BFF840030078420300141F0300CE
:1098D80010B5044600F1BC030121D3E8EF2FC3E81B
:1098E800E01F0028F9D112B1FEF748FB10BD204651
:1098F800FFF7C4FF0EF076F904F1B8030022C4F8AC
:10990800B820084AD2F8282132B11360054AC2F8B3
:1099180028310EF0B3F9E7E7024AC2F82831C2F855
:109928002431F6E7C084002070B5FFF75BFC0028FF
:1099380075D13C4BD3F82441002C58D0B83C14F1D5
:10994800B80503D0D4F8B85005B1B83D002653E0A7
:10995800354C40F2BB3322463449354810F07BFF82
:1099680040F2BB31204610F06DFF2046FFF732FC75
:1099780030B9204612F0C0FA28B104F1B80646E022
:1099880004F1B80643E0204612F0EFFA48B304F1B8
:10999800B802B24218D03146264812F06DFA04F1E6
:1099A800BC030022D3E8EF1FC3E8E02F0028F9D159
:1099B800D4F8AC3020469847B8B1A37A072B14D115
:1099C8002046FFF785FF10E0174C4FF476732246C8
:1099D8001949174810F03FFF4FF47671204610F0F0
:1099E80031FF2046FFF74AFF0446204670BD254652
:1099F800ACE72B462C461D46002CF6D0AC42A7D02F
:109A0800204612F031FB0028AFD004F1B806002D33
:109A1800EFD0D5F8B830002BECD0B83BEAE70024FB
:109A2800E3E700BFC0840020F84003008042030041
:109A3800141F0300E48500208C42030070B582B037
:109A4800B8B103468578C678C833D3E8EF2F511EDE
:109A5800C3E8E01F0028F8D1019201ABD3E8AF4F6B
:109A6800019B002B15DD012C23D0012D28D002B03D
:109A780070BD174C40F2E45322461649164810F0C0
:109A8800EAFE164810F0E7FE40F2E451204610F0D6
:109A9800D9FE0F4C40F2F453224611490E4810F0FB
:109AA800DAFE104810F0D7FE40F2F451204610F0CC
:109AB800C9FE0D480CF048F80C480CF051FDD4E7ED
:109AC800012ED4D1012CD2D1FFF7CAFACFE700BFBB
:109AD800F840030078420300141F0300A842030063
:109AE800C8420300D0420300BC8A0020B48600208C
:109AF800F0B583B000AF0D46867A8E4210D004468A
:109B0800817216B98378082B60D1A37A082B00F2EA
:109B18000681DFE803F07AC355555555555E550063
:109B28000846FFF721FB6D4600233B7102237B713A
:109B380088B06C4614F1100211D00E261AB1042E0A
:109B480001DD7A4B636100233B7002237B709AB17D
:109B5800082E00DDA06104F11C0300210AE06FF06B
:109B68000046EBE701F10800384410F8080C03F848
:109B7800010B01310129F5D90D2E24DD0E2342B147
:109B88000321397100217971B9710121F97178685E
:109B9800206100216FF300016FF341016FF382012F
:109BA8006FF3C501022060F38811C3F30A0363F35E
:109BB80053216FF31F5100235D48FBF775FAAD463B
:109BC8000C37BD46F0BD6FF01B03D8E7FFF756FE14
:109BD8009BE7A378042BF3D0002156480FF094FBA1
:109BE80000236363A363E378012BE9D1A378012BF6
:109BF80007D04FF42032002304F140000CF040FF5E
:109C0800DEE7032384F89430F3E7A378042B08D025
:109C1800082ED5D8DFE806F03B091B253337293B4A
:109C28003B002046FFF70AFFCAE704F14005284633
:109C38000CF0B2FF01212046FFF7B0FD204612F0DC
:109C480033FA0022002328460CF09EFFB8E7637A17
:109C58001BB92046FFF7F2FEB2E72046FFF716FBD6
:109C6800F7E72046FFF7EAFEAAE7637A1BB9204622
:109C7800FFF7E4FEA4E72046FFF708FBF7E72046D6
:109C8800FFF7DCFE9CE72046FFF7D8FE98E72B4657
:109C9800294A0221264811F0F3FB91E7637A3E2B0B
:109CA80003D0204612F0E8F98AE76E4688B06B4682
:109CB80013F110022DD00C213AB10846042901DD18
:109CC8001E4D5D61082800DD9C610B2924DD0C25F3
:109CD8003AB10321397100217971B971F971786844
:109CE800186100216FF300016FF341016FF38201E6
:109CF8006FF3C501022363F38811C5F30A0363F305
:109D080053216FF31F5100230948FBF7CDF9B546DE
:109D1800C7E76FF00041CFE76FF01B05D8E72B4688
:109D2800074A0221024811F0ABFB49E7F042030061
:109D3800C41A0300C4860020044303001C43030024
:109D4800444303000D4A831A1B110D4901FB03F319
:109D5800904201D1D8B2704710B50A4C40F21A634C
:109D680022460949094810F076FD094810F073FDAC
:109D780040F21A61204610F065FD00BFC896002029
:109D8800C54EECC4F840030060430300141F0300F1
:109D98002C440300F8B504460F4616461D4617F036
:109DA80072F980B955EA06031AD144B332462B46F4
:109DB800204611F09AFD044618B3791D0C30FDF7C2
:109DC8009BF82046F8BD124C40F2366322461149F2
:109DD800114810F040FD40F23661204610F032FD87
:109DE8000EF0F6F90D4BD3F8B8308342DDD10C4AAA
:109DF80002210C4811F03AFB00263546D5E70A4CFB
:109E0800D4E70A4A0221074811F030FBD9E700BF1E
:109E1800F840030048440300141F0300A89A0020D8
:109E280058440300C41A0300248B00208444030010
:109E380038B50446837A023B062B26D8DFE803F0C0
:109E48000C06252525220400002020E0417200216F
:109E5800FFF74EFE00201AE08378012B01D1002085
:109E680015E00B4D40F254732A460A490A4810F08F
:109E7800F2FCA178094810F0EEFC40F25471284633
:109E880010F0E0FC12F019F901E06FF07F0038BD26
:109E9800F8400300085F0300141F0300B0440300E8
:109EA800F0B587B002AF0023FB607B60FFF73CFD95
:109EB80000283CD00446837A072B41D06D4688B0F1
:109EC80002AB13F1100235D00C213AB1084604292F
:109ED80001DD4F4E5E61082800DD9C610B292CDDF9
:109EE8004FF00C0C3AB10321397000217970B97028
:109EF800F9703868186100216FF300016FF34101B0
:109F08006FF382016FF3C501022363F38811CCF369
:109F18000A0363F353216FF31F5100233D48FBF7F6
:109F2800C3F8AD46FEF72AF82046FFF787FD143739
:109F3800BD46F0BD6FF00041C7E76FF01B0CD1E7DD
:109F4800D0F8A43007F108023349B1F80411984752
:109F580005460028E8D0304BB3F80421BB689A4284
:109F680007D3D4F8A8603B1D07F10C020146204630
:109F7800B047FB68BA687968009129462046FFF720
:109F8800FBFA05460028CDD06E4688B002AB13F127
:109F9800100236D0102162B10846042903DDDFF82B
:109FA8007CC0C3F814C0082800DD9D610C2800DDC2
:109FB800DC610F2928DD10253AB104213970002110
:109FC8007970B970F9703868186100216FF3000171
:109FD8006FF341016FF382016FF3C501012363F34E
:109FE8008811C5F30A0565F353216FF31F51002348
:109FF8000848FBF759F8B54613212046FFF718FF24
:10A0080092E76FF00041C6E76FF01B05D4E700BF89
:10A01800C8440300C41A0300C0840020E0440300BD
:10A0280038B505460C46FFF721FC0346C8B1057252
:10A0380022680267A188A279A0F8741080F87620B7
:10A0480001228270084AC0F8A420084AC0F8A82053
:10A05800074AC0F8AC201822A0F888202822A0F8C7
:10A068008A20184638BD00BF49A60100799401002E
:10A07800F5BE0200F8B507460E46002414B10025C7
:10A088002846F8BDD0200C4B00FB0430FFF7F6FB48
:10A09800054670B18378012B09D13246394612F052
:10A0A8001DF80028ECD12846FFF7C8FC01E0FFF7AF
:10A0B800C5FC0134E2E700BFC8960020F0B583B0C4
:10A0C80000AF0C46FFF7D6FF18B900200C37BD4685
:10A0D800F0BD05462046FDF7AFF90646A87AFFF71A
:10A0E80043F803466C4601223A7103227A71022230
:10A0F800BA710422FA718AB0EC461CF1100225D01C
:10A108004FF0180E52B17146BEF1040F02DD2D4812
:10A11800CCF81400082901DDCCF818500121397059
:10A128000321797022B1BEF10C0F01DDCCF81C605F
:10A138000221B9700421F970AAB1BEF1100F01DD36
:10A14800CCF820300CF1240300210AE06FF0004E17
:10A15800D8E701F10800384410F8080C03F8010B9F
:10A1680001310329F5D9BEF1170F27DD18234AB1AC
:10A178000521397100217971B9710221F971786865
:10A18800CCF8100000216FF300016FF341016FF369
:10A1980082016FF3C501022060F38811C3F30A033B
:10A1A80063F353216FF31F5100230748FAF77CFF2D
:10A1B800A5462846FFF742FC012087E76FF01B03FE
:10A1C800D5E700BF04450300C41A03002DE9F04198
:10A1D80080460F46164600251DB100242046BDE8DE
:10A1E800F081D020104B00FB0530FFF747FB0446F9
:10A1F80088B18378012B10D127B13A46414611F036
:10A208006DFF68B1A37AB34202D1237A4345E5D002
:10A218002046FFF713FC0135DEE7FFF70FFCFAE7EE
:10A228002046FFF70BFCF6E7C896002038B5044631
:10A238000D46084611F0E5FC50B3174B93F8D8309B
:10A2480013F0020F04D094F8953013F0020F13D1D5
:10A25800E378C3B92946204611F07BFFB8B92B88AB
:10A26800A4F888306B88A4F88A30AB88A4F89030BA
:10A27800EB88A4F892300AE00E21201D11F06AFE46
:10A288000028E5D1E6E72946204612F0A7F838BDB0
:10A298006FF01500FBE700BFC084002070B584B0E4
:10A2A800A0F1400510F8363C9BB3044610F83E3C3C
:10A2B800012B2CD1A0F13C060D21304611F032FEC5
:10A2C800B8B3B4F84830ADF80030B4F84A30ADF857
:10A2D8000230B4F85030ADF80430B4F85230ADF86C
:10A2E800063069462846FFF7A1FF0346D8B9D6E8E5
:10A2F800EF3F23F48053C6E8E23F002AF7D1D6E8BF
:10A30800EF3F43F40063C6E8E23F002AF7D104B008
:10A3180070BD284611F0E5FF2846FEF771FF284674
:10A32800FFF78CFBF3E7104A0221104811F0A8F858
:10A33800E5E70F4A02AB92E8030083E803001946F9
:10A348002846FFF773FF034640B9D6E8EF3F43F4CA
:10A358008053C6E8E23F002AD1D0F6E7054A022139
:10A36800024811F08DF8CAE740450300C41A0300FB
:10A37800581C03006845030040B908B50346D020BF
:10A38800034A00FB0320FFF779FA08BD0020704755
:10A39800C896002010B50D4816F05FFD002408E0AF
:10A3A80004EB44010A4B03EB8101084816F062FDF7
:10A3B8000134022CF4D912F000FE13F02BFA0446F3
:10A3C80008B1204610BD12F029F8FAE7D48A002017
:10A3D800249E002005490A78531CDBB20B700BB988
:10A3E80002320A70014B1878704700BFA9A50020F7
:10A3F80010B50268D2F8B030BBB11968C2F8B01015
:10A40800D2F8B4409C420DD000F14C0293420CD1DA
:10A4180050300022D0E8EF3FC0E8E12F0029F9D101
:10A4280083B110BDC2F8B410EEE70D4C40F2D22350
:10A4380022460C490C4810F00EFA40F2D221204670
:10A4480010F000FA064C40F2D62322460749064887
:10A4580010F001FA40F2D621204610F0F3F900BFBF
:10A46800BC450300F0450300141F03000C4603001D
:10A47800F0B583B000AF05460020C0B36C4688B085
:10A488006B4613F1100242D00C213AB10846042958
:10A4980001DD224E5E61082800DD9D610B2939DD52
:10A4A8004FF00C0C3AB10321397100217971B9715F
:10A4B800F9717868186100216FF300016FF34101A9
:10A4C8006FF382016FF3C501012363F38811CCF3A5
:10A4D8000A0C6CF353216FF31F5100231048FAF74D
:10A4E800E3FDA5466FF00B000C37BD46F0BD5823C1
:10A4F80000FB03F30B4AD3580BB10130BDE7094BFE
:10A50800582202FB0033084A5A600B60ECE76FF0F0
:10A518000041BAE76FF01B0CC4E700BF1046030008
:10A52800041B0300509E0020884703000B8A022B5F
:10A5380000D1704700B583B002220092034A01217E
:10A54800034810F0A8FF03B05DF804FB3846030089
:10A55800041B0300F8B506460F4615461C4654EA88
:10A56800020306D12A462346391D3046FFF712FC5E
:10A57800F8BD0DF02DFE044BD3F8B8308342F1D16D
:10A5880000252C46EEE700BFA89A0020F8B504463F
:10A598000E4615464FF48032002300210846FFF787
:10A5A800D9FF074640B104210C30FCF729FD04709F
:10A5B800467045803846F8BD2346034A01210348C2
:10A5C80010F05EFFF6E700BF64460300041B0300BB
:10A5D80010B582B00446006820B3807A072824D1D9
:10A5E800087A92B14FF0020C604511DCC87A07284E
:10A5F8001ED98A61CB6104F1300016F03BFC20467D
:10A6080011F02CFE002002B010BD4FF0010CEBE75A
:10A6180000906346084A0121084810F03CFF6FF09B
:10A628001500F0E76FF07F00EDE76FF07F00EAE7D5
:10A638006FF01500E7E700BF8C460300041B03001A
:10A648002DE9F04F83B000AF80460E46914611F0D9
:10A65800F1FD0446002845D000F1300A504616F0B6
:10A6680020FC0546002841D098F80A30072B40D135
:10A6780011F05CFA002849D1636D23B9204611F026
:10A68800C4FD00287DD02846FCF7ACFB0546636D69
:10A69800002B7BD0D4F85480B5F810B0B04502D860
:10A6A800D84500F08580B0450CD8A28CA2F14003B3
:10A6B8009BB23F2B06D8D84500F0918000231A465C
:10A6C800AB61EA61B04540F28C80636DC9F8003037
:10A6D8009E4280F093809B1B636528460C37BD46DD
:10A6E800BDE8F08FFDF74AFC2546F6E7FDF746FC86
:10A6F800F3E7444C40F2B33322464349434810F051
:10A70800AAF840F2B331204610F09CF86E4688B0A3
:10A718006B4613F110022ED00C213AB108460429D9
:10A7280001DD3B4C5C61082800DD9D610B2925DDBE
:10A738000C243AB10321397100217971B971F97189
:10A748007868186100216FF300016FF341016FF31E
:10A7580082016FF3C501012363F38811C4F30A046E
:10A7680064F353216FF31F5100232A48FAF79CFC26
:10A77800B5460025B1E76FF00041CEE76FF01B0446
:10A78800D7E72046FFF734FE0025A6E70146204616
:10A7980011F02EFD8046042105F10C00FCF70EFC9B
:10A7A800A0F80080A38C438008F10403636571E777
:10A7B8000022002350460BF017F9A84202D1FCF7FB
:10A7C800E3FA70E70F4C40F2E533224612490F488E
:10A7D80010F041F840F2E531204610F033F80F4B05
:10A7E8006EE72046FFF704FE204611F0FCFC002827
:10A7F8003FF46BAF204611F031FD66E70023636537
:10A808006BE700BFBC450300AC460300141F030000
:10A81800D0460300041B0300E846030045C30200BA
:10A8280070B582B00B8A032B17D906460C46042153
:10A8380004F10C00FCF7A4FB05464288238A9342E6
:10A8480013D14378C3B10378012B0BD0132B19D143
:10A8580021463046FFF76AFE04E0114A01211148FB
:10A8680010F004FE002002B070BD00920E4A0121D3
:10A878000C4810F010FEF5E70C4A0121094810F0C9
:10A88800F5FDEFE70A4A0221064810F0F9FD69785C
:10A89800002200921346306811F06EFDE2E700BF17
:10A8A800F8460300041B0300184703003C47030055
:10A8B80060470300522833D81B2821D3A0F11B037B
:10A8C800372B2FD8DFE803F0372E393B2E2A352EC9
:10A8D800372E2E2E2E2E2E2E2E2E2E2E2E2E2E2E87
:10A8E8002E2E2E2E2E2E2E2E2E2E2E2E2E2E2E2E80
:10A8F8002E2E2E2E2E2E2E2E2E2E2E2E2E2E2E336B
:10A9080019280FD843B26BB101238340104A1A406B
:10A91800BAB9104A1A402AB101207047012070477D
:10A92800D22810D010F0400F0FD106207047002019
:10A9380070470220704703207047052070470420A5
:10A94800704702207047002070470020704700BF02
:10A95800AAAA8A02545545012DE9F04103468068A8
:10A9680050F85C2BD2F80080DD68DE881F69002172
:10A9780011F0ECFD10B175B100240AE0074A01217D
:10A98800074810F073FD06E039464046A8470134F1
:10A99800A4B2A642F8D8BDE8F08100BFBC470300C6
:10A9A800B41A030010B58468002104F15C0011F0AA
:10A9B800CDFD48B1236E33B14FF47022002304F16A
:10A9C80080000CF0E1F810BD024A0121024810F0A5
:10A9D8004DFDF8E7BC470300B41A030010B5837AAD
:10A9E800072B0DD1042111F0E7FC044678B10021B2
:10A9F800583011F0ABFD80B154F8044C204610BD1E
:10AA0800094A0221094810F031FD0024F6E7084AF6
:10AA18000121064810F02AFDF0E7064A0121034803
:10AA280010F024FD0024E9E7D8470300B41A030016
:10AA3800E8470300BC470300F0B583B000AF054604
:10AA48000E46836A03B1B03B7B60002202E001320C
:10AA580005E07B607C686CB12368AB42F7D0012AC3
:10AA680073D014F1B003F4D0D4F8B030002BF0D088
:10AA7800B03BEEE700220023391D36480AF04AFBB6
:10AA880010BB7C68B8220021204616F0E3FC324B4C
:10AA9800A36004F1640016F0E0F97B685C33D3E846
:10AAA800EF2FC3E8E16F0029F9D17B681D60796851
:10AAB800284611F05CFD7C68204611F0D3FC002884
:10AAC8003FD01523638341E02D686E4688B06B46FE
:10AAD80013F110022FD00C214AB10846042903DDD6
:10AAE800DFF878C0C3F814C0082800DD9D610B2981
:10AAF80024DD0C253AB10321397000217970B97031
:10AB0800F9703868186100216FF300016FF3410193
:10AB18006FF382016FF3C501022363F38811C5F354
:10AB28000A0565F353216FF31F5100230C48FAF708
:10AB3800BBFAB5460AE06FF00041CDE76FF01B05A0
:10AB4800D8E717236385638300E0002420460C3789
:10AB5800BD46F0BD388A0020D48600200448030092
:10AB6800B41A03002DE9F04182B000AF80460C46CC
:10AB780000220023391D31480AF0CCFAF0B9054605
:10AB88000DF026FB2E4B18607E68302200213046DF
:10AB980016F060FCC6F8008078680021416081608A
:10ABA8008162C162FFF748FF0346002843D004339F
:10ABB800236028460837BD46BDE8F0816D4688B059
:10ABC8006B4613F1100230D00C2142B1084604291B
:10ABD80001DD1C4C5C61082801DDC3F818800B29D5
:10ABE80026DD0C243AB10321397000217970B9703F
:10ABF800F9703868186100216FF300016FF34101A3
:10AC08006FF382016FF3C501012363F38811C4F365
:10AC18000A0464F353216FF31F5100230A48FAF71B
:10AC280043FAAD466FF00B05C3E76FF00041CCE780
:10AC38006FF01B04D6E76FF00B05BAE7188A0020FF
:10AC4800F09E00202C480300B41A030008B5011F29
:10AC580001480AF0F1FA08BD388A0020F0B58BB037
:10AC680004460D4616460378032B38D8DFE803F070
:10AC780002212B311D4B93E803000790ADF82010FB
:10AC8800090C8DF8221063792279E178A078677829
:10AC98000DF11C0CCDF814C0049703900291019299
:10ACA8000093A379124A314628460FF07AFB0BB07D
:10ACB800F0BD104B93E803000790ADF82010090C85
:10ACC8008DF82210DFE70C4A07AB07CA03C31A80C6
:10ACD800D9E70A4A07AB07CA03C31A80D3E7084A69
:10ACE8000A2107A80FF05DFBCDE700BF143603006B
:10ACF800243603001C36030048360300543603008C
:10AD0800044A03002DE9F04184B005460E46144676
:10AD1800176800238DF808304FF42053ADF80A3037
:10AD280002A9006810F07AFE58B100238DF80C30A3
:10AD380042F60103ADF80E3003A9286810F06EFE44
:10AD480050BB6168286810F069FE68BBE36893F837
:10AD58000080B8F1000F07D0384611F085FBA368D2
:10AD68001B8AC01A404525DBA06804210C30FCF77B
:10AD780047F92061068023695E800194104B009397
:10AD88000023A2682946384611F056FC002813DB38
:10AD980023699BB101200AE023691BB15A88B2429A
:10ADA80000D25E80012002E000232361012004B06C
:10ADB800BDE8F0810020FAE70020F8E70020F6E778
:10ADC800EFC402002DE9F04383B0054688461446D7
:10ADD800D2F80090D9F804705168006810F01EFE8F
:10ADE80020B10126304603B0BDE8F08395222946FC
:10ADF800384612F078FC0646207538B92946384698
:10AE080011F05BFB48B908232375EBE7E3681B786F
:10AE18000BB1002323750026E4E700272775A068F7
:10AE2800FBF7FAFF02210C30FCF7EAF82061A0F8E2
:10AE380000800194114B00933B46A268294648467E
:10AE480011F0FAFB002808DB2369002BCAD048461A
:10AE580011F00AFBA368002206E011F026FB20751A
:10AE6800C0E7198A0A445B68002BFAD1861AE3689E
:10AE78001B789E4294BF00260126B3E7C7C4020090
:10AE88002DE9F04F93B005460E4614461768D7F8DB
:10AE9800048000238DF8403042F60103ADF84230BB
:10AEA80010A9006810F0BAFD28B90023A36001209A
:10AEB80013B0BDE8F08F00238DF844304FF42053D1
:10AEC800ADF8463011A9286810F0A8FD40B93846F9
:10AED80011F0CAFA0146606803464FF0000C0AE018
:10AEE800A3681BB15A88B24200D25E800120DFE716
:10AEF8001A8A94445B68002BFAD1A1EB0C03032B4C
:10AF080001D80020D4E7FBF787FF8146384611F0C7
:10AF1800ABFA6368002202E0198A0A445B68002BD6
:10AF2800FAD1A0EB020A09F10C0B584610F0FFFC0D
:10AF380082452DD2384611F097FA6368002202E064
:10AF4800198A0A445B68002BFAD1801A20B36F680B
:10AF58000023009310230CAA29464046B847051E33
:10AF6800A3DB227CAA4227D12A460CA9E06816F066
:10AF78003AFA002899D100236374042109F10C00DE
:10AF8800FCF73EF8A0600680A3685E8001208FE78A
:10AF9800584610F0CCFCD9E76368987AFBF7D0FDE7
:10AFA8000022002310F0A1FC8146002880D0014631
:10AFB8006068FBF77DFFCAE7E16807A810F04CFD61
:10AFC80060B1EAB20CA902A810F046FD68B102A966
:10AFD80007A810F023FD0028CDD066E7237C064A99
:10AFE8000221064810F04CFA5FE72B46044A02217A
:10AFF800024810F045FA58E754480300B41A030011
:10B008007448030010B50446043804F15803D3E823
:10B01800EF1F41F00101C3E8E21F002AF7D111F048
:10B0280096FC044904F17C000BF07CFC206801F0DC
:10B03800BFFF10BDE1BA010010B50446807AFBF7E6
:10B048007FFD0C4B834208D1204610F02EFC00EB0C
:10B058004000094B03EBC00010BD084C4FF493733C
:10B068002246074907480FF0F6FB4FF49371204634
:10B078000FF0E8FB588B0020A89E0020944803009E
:10B08800C4480300141F03002DE9F04182B00746AD
:10B098000C460846FFF7D0FF0546D0F80880E6685A
:10B0A800002107F15C0011F051FA70B3238A002BDC
:10B0B80033D0E3681B782B7100232B603378D22BB5
:10B0C80038D004F10C0010F027FCADF80400238AF6
:10B0D800ADF80630AF6000231A462146381DFFF749
:10B0E80077FA064668B110F1690F34D06369BDF884
:10B0F80004201344E360BDF806302382C5F80880B5
:10B108002E60304602B0BDE8F081164A012116488B
:10B1180010F0ACF96FF01506F3E7144C4FF4B9735F
:10B128002246134913480FF096FB4FF4B971204695
:10B138000FF088FB3B682146186812F068FB06464A
:10B148000028BED00C4A0121074810F08FF920468C
:10B15800FBF71AFED5E7094A0121034810F086F9E2
:10B16800C4E700BFBC470300B41A030094480300B7
:10B17800F0480300141F0300184903002C4903007A
:10B1880070B504460079FFF795FBA568D5B106466A
:10B198002B68BBB11B68ABB12368A3B9284611F073
:10B1A80061F9B0B1052E1CD80123B34013F0140F78
:10B1B80008D113F0090F10D113F0220F11D0204637
:10B1C800FFF7F0FB70BD0F4A01210F4810F058F946
:10B1D800F8E7281D11F0AEFCE4E72046FFF7BCFBBA
:10B1E800F0E70A4C4FF435732246094909480FF035
:10B1F80032FB314608480FF02EFB4FF435712046DC
:10B208000FF020FB50490300B41A030094480300D0
:10B21800085F0300141F03007049030070B582B073
:10B2280006460C46551C11F01FF985421BD82046CE
:10B23800FFF740FB022801D004281DD14FF47022EB
:10B24800002300211B48FFF785F9054650B3FFF797
:10B25800F3FE8660012105F10C00FBF7D1FE0470B6
:10B26800284602B070BD00950346134A02211348D0
:10B2780010F011F90025F3E70CF0AAFF104BD3F8F2
:10B28800B830834208D00F4B1B68834207D04FF079
:10B29800FF324FF0FF33D4E700220023D1E700222A
:10B2A8000023CEE72346084A0121044810F0E8F8B5
:10B2B800D6E700BF588B00208C490300B41A03005E
:10B2C800A89A0020F09E0020644603002DE9F04172
:10B2D80082B006460C46071F384611F01DF9238A2E
:10B2E800C3B18046012104F10C00FBF749FE054675
:10B2F80098F80A30072B12D156F8043C7BB100238A
:10B308000D2B27D82978224A12F8332091420AD0E7
:10B318000133F5E71F4A01211F4810F0A7F8002064
:10B3280002B0BDE8F0811A4E06EBC306238A727894
:10B33800934224D37368214638469847B378012B43
:10B34800EDD10028EBD0034600222978384611F0C9
:10B3580093FCE4E72B78114A02210F4810F090F88B
:10B368002C782046FFF7A6FA0028D8D00528D6D092
:10B37800062300222146384611F07EFCCFE72A78C2
:10B388000092074A0121044810F085F80420D5E707
:10B39800904A0300B4490300B41A0300D0490300DB
:10B3A800EC4903002DE9F0418AB0044616461D46D3
:10B3B80003688846003918BF0121186812F0B8F9E7
:10B3C80028B175B9012738460AB0BDE8F0810321D4
:10B3D80004F15C0011F01BF908B10027F3E712270C
:10B3E800F1E70023049305930693079308930993C1
:10B3F8003EB11A4631462046FFF710FF0590002857
:10B408003AD023681B6804938DF81880BDF8403043
:10B41800ADF82230119B0793BDF84830ADF82030C5
:10B4280001238DF8243004AB0293144B01930022BE
:10B43800009213462946284600F0CCFF9DF8247058
:10B4480037B905990029BED0204611F0E0FBBAE7CC
:10B4580026B9B8F1180F0CD00027B4E70598FBF708
:10B4680093FC9DF824302A464146204611F004FCFE
:10B47800EFE79DF82470A6E71127A4E79FC502000F
:10B488002DE9F04188461746FFF7A8FA044610B39D
:10B49800846A1CB3B03C14F1B00607D0D4F8B0608D
:10B4A80026B1B03E02E0334634461E46C4B17D1C88
:10B4B800204610F0D9FF854207D9002EF3D0D6F8E0
:10B4C800B030002BF0D0B03BEEE73A46414620467C
:10B4D800FFF7A4FE04462046BDE8F0812646E5E7CE
:10B4E8007B1C034A022103480FF0CAFFF3E700BFA1
:10B4F8000C4A0300B41A0300F8B504460F464FF48B
:10B5080070220023114810F0F0F90646A0B1204639
:10B5180010F0A8FFB8B9092106F10C052846FBF779
:10B52800EBFC3046FFF788FD846001212846FBF7D5
:10B5380067FD07703046F8BD3B46054A01210548BE
:10B548000FF09EFFF6E70B21E6E700BF588B0020BF
:10B5580064460300B41A03002DE9F0418AB0054699
:10B56800884616461F4600240594069407940894B6
:10B5780009941121FFF7C0FF079050B30595CDF846
:10B58800188001210C30FBF73BFD0890224604701F
:10B59800099405AB0293104B019300942346394656
:10B5A800304600F017FF089B1C7844B107992846DD
:10B5B80011F02DFB002420460AB0BDE8F081079861
:10B5C800FBF7E2FB0A2332461021284611F054FB10
:10B5D800F1E71124EFE700BF0DAD010070B588B0A9
:10B5E80006460D4603680121186812F0A1F850B903
:10B5F800032106F15C0011F00AF810B1002008B030
:10B6080070BD1220FBE7002304930593069307936C
:10B6180021213046FFF770FF069058B304962B8A15
:10B62800012B21D905F10C0010F06EF90446012315
:10B638008DF81C3004AB02930F4B0193002200924B
:10B648001346014600F0C6FE9DF81C30002BE6D0DC
:10B658000698FBF799FB9DF81C30224620213046BE
:10B6680011F00AFB0020CAE70699304611F0CFFA1C
:10B678000020C4E71120C2E7A3C7020070B588B054
:10B6880006460D4603680121186812F051F850B9B2
:10B69800032106F15C0010F0BAFF10B1002008B0D9
:10B6A80070BD1220FBE700230493059306930793CC
:10B6B8000F213046FFF720FF069058B304962B8AD7
:10B6C800012B21D905F10C0010F01EF904460123C5
:10B6D8008DF81C3004AB02930F4B019300220092AB
:10B6E8001346014600F076FE9DF81C30002BE6D08C
:10B6F8000698FBF749FB9DF81C3022460E21304680
:10B7080011F0BAFA0020CAE70699304611F07FFA1C
:10B718000020C4E71120C2E723C80200F0B589B0B1
:10B7280004460F4616461D4603680121186811F0A5
:10B73800FFFF20B16DB90126304609B0F0BD0321E5
:10B7480004F15C0010F063FF08B10026F4E712264C
:10B75800F2E70023049305930693079331462046A6
:10B76800FFF7CAFE069030B30494BDF83830ADF840
:10B77800143001238DF81C3004AB02930F4B019356
:10B788000022009213462946284600F023FE9DF821
:10B798001C6026B90699204611F039FACCE70698BC
:10B7A800FBF7F2FA9DF81C302A463946204611F07C
:10B7B80063FA0026C0E71126BEE700BF23C80200CF
:10B7C8002DE9F0418AB00546884616461F460024F2
:10B7D8000494059406940794089409940921FFF7A2
:10B7E8008BFE069068B30495CDF8148001210C30C7
:10B7F800FBF706FC0790224604700A238DF82430D4
:10B8080004AB0293104B019300942346394630460B
:10B8180000F0E0FD9DF824403CB90699284611F057
:10B82800F6F920460AB0BDE8F0810698FBF7ACFAB5
:10B838009DF8243032460821284611F01DFA0024CC
:10B84800EFE71124EDE700BFCDAD01002DE9F04190
:10B858008AB005460E461746984600240594069475
:10B868000794089409940721FFF746FE069060B3F1
:10B87800059522460794CDF820809DF840308DF834
:10B8880024300A238DF8253005AB0293104B019321
:10B89800009423463946304600F09CFD9DF825402B
:10B8A8003CB90699284611F0B2F920460AB0BDE81D
:10B8B800F0810698FBF768FA9DF825303246062194
:10B8C800284611F0D9F90024EFE71124EDE700BF6D
:10B8D80089AE010070B588B004460E4615460023AF
:10B8E80004930593069307930521FFF705FE05903A
:10B8F800F8B1049404AB02930F4B01930022009219
:10B9080013462946304600F065FD069B33B105997C
:10B91800204611F07CF9002008B070BD0598FBF7AF
:10B9280033FA0A2332460421204611F0A5F90020F3
:10B93800F2E71120F0E700BF85C8020030B583B0F8
:10B9480005460C46002301930CF042FC0D4B1B6886
:10B95800834204D00C4BD3F8B830834201D1002580
:10B968002C462A46234601A9084809F0D3FB38B9D2
:10B9780001980023036043608360C36003B030BD57
:10B988000020FBE7F09E0020A89A0020588A00209B
:10B9980010B50446806818B1FBF7F6F90023A360D8
:10B9A8002146024809F048FC10BD00BF588A002013
:10B9B80070B582B0054602E01846FBF7E5F905F1D7
:10B9C8000C00002200230AF00FF803460028F3D1E8
:10B9D8000CE0AB6011E0E368009300231A466FF0B7
:10B9E80067012868B0472046FFF7D2FF6C6844B16A
:10B9F80023686B60AA68A242EBD06668002EEAD181
:10BA0800F1E700232B602946024809F015FC02B033
:10BA180070BD00BF188A00202DE9F04782B00446A7
:10BA28000F4691461E4680300BF0B6F8206EF0B1F6
:10BA3800154B984224D045684FF0000AC0F804A07E
:10BA4800206ED0F80C80FFF7A3FFC4F860A0206830
:10BA580011F00EF83DB123681868CDF800804B4608
:10BA68003A463146A847002002B0BDE8F087074AA9
:10BA7800022107480FF0FAFC204600F00BF8F2E725
:10BA880000252566E3E700BFF49E0020284A03004E
:10BA9800B41A030030B589B00446054655F8043B8E
:10BAA800186810F04BFB1E226946FFF7D7F82846A6
:10BAB80011F0B8FA13216068FEF7BAF908B909B0AD
:10BAC80030BD0346024A012102480FF0D9FCF6E7CF
:10BAD800404A0300B41A0300B0B58AB000AFA0F121
:10BAE800800450F8803C186810F028FB1E2207F1EB
:10BAF8000801FFF7B3F86D4600233B7102237B7101
:10BB080088B0EC461CF1100215D00E2022B1042892
:10BB180002DD264BCCF8143000233B7002237B70E7
:10BB2800B2B1082803DD07F10803CCF818300CF18E
:10BB38001C0300210AE06FF00040E7E701F1280E3E
:10BB4800BE441EF828EC03F801EB01310129F5D9B0
:10BB58000D2828DD0E234AB103213971002179719E
:10BB6800B9710121F9717868CCF8100000216FF3E0
:10BB780000016FF341016FF382016FF3C5010120EA
:10BB880060F38811C3F30A0363F353216FF31F5162
:10BB980000230748F9F788FAAD462046FFF77AFFF1
:10BBA8002837BD46B0BD6FF01B03D4E7604A0300D9
:10BBB800B41A030038B570B10C46C9B1FEF70EFFD0
:10BBC800054610B321460C3015F054F9284610F0FC
:10BBD800E8FF002038BD104C40F6A27322460F49FA
:10BBE8000F480EF038FE40F6A27120460EF02AFEED
:10BBF800094C40F6A37322460A4909480EF02BFE69
:10BC080040F6A37120460EF01DFE2046FBF7BCF857
:10BC18006FF07F00DEE700BF94480300784203001E
:10BC2800141F0300E833030038B5B0B10C460546CD
:10BC380001B30BF0D7FF2846FEF7D0FE034630B31A
:10BC48000022226082683AB314608460184610F0BB
:10BC58000FFF0CF013F8002038BD114C40F6B773F5
:10BC68002246104910480EF0F6FD40F6B7712046FE
:10BC78000EF0E8FD0A4C40F6B87322460B490A4814
:10BC88000EF0E9FD40F6B87120460EF0DBFD0BF032
:10BC9800F5FF6FF07F00DFE784604460D6E700BF00
:10BCA8009448030078420300141F03008C4A0300E1
:10BCB8008068034B984214BF00200120704700BFE2
:10BCC800D9C00100064B1A68C0F801209A889B79F0
:10BCD800A0F80520C371002303700381704700BFDB
:10BCE800FC35030008B505F095FB00B908BD03460F
:10BCF800034A012103480FF0C3FB6FF00400F5E786
:10BD0800184B0300D41A030030B589B004460D4619
:10BD180000230193029303930493059306930793D7
:10BD28004FF41053ADF804308023ADF806304FF4CB
:10BD380080630093684611F0D0F9009B0393124B7F
:10BD48000493231D1022294601A805F0EBFA48B9EF
:10BD5800002323600C4A6168204605F031FB50B986
:10BD680009B030BD0346094A012109480FF088FB94
:10BD78006FF00400F4E70346064A012104480FF077
:10BD88007FFB6FF00400EBE70002C003304B0300B9
:10BD9800D41A03005C4B030030B583B0054601ABF1
:10BDA80010220A4905F05CFB0446686805F0EAFAC7
:10BDB80014B9204603B030BD2346054A0121054881
:10BDC8000FF05EFB6FF00404F3E700BF98970020C4
:10BDD8007C4B0300D41A030070B50646002407E024
:10BDE800284607220D49013015F0FDFAA0B10134AB
:10BDF800012C10D80A4D05EB0415002EF0D02301B4
:10BE0800074901EB04120132C95C304610F066F9AB
:10BE18000028ECD000E00025284670BDFC35030062
:10BE2800209F002070B505460E46002400E001342E
:10BE3800012C17D804EB44030B4A12F823309D4217
:10BE4800F5D104EB440302EB8300072231460130AD
:10BE580015F0C9FA0028EAD104EB4404024800EBC3
:10BE6800840000E0002070BD409F0020F8B5074620
:10BE78000D4600240AE004EB840005EB400007228D
:10BE88000E49013015F0AFFAA8B10134012C11D8D0
:10BE980004EB840605EB4606002FECD004EB840384
:10BEA8003246013215F81310384610F017F90028F9
:10BEB800EBD000E000263046F8BD00BFFC3503009B
:10BEC800154BD3E8EF2F42F00201C3E8E01F00282A
:10BED800F7D112F0020F1ED1104B114A934209D824
:10BEE8000F4A934217D25A680E49088802440A80BA
:10BEF8000833F2E710B50C4C40F2F25322460B49D6
:10BF08000B480EF0A8FC0B480EF0A5FC40F2F251CD
:10BF180020460EF097FC7047589F00208C1A0300AB
:10BF2800A41A0300A0A50020944B0300C44B0300EF
:10BF3800141F030084250300F8B506460F4615466E
:10BF48001C46FFF76FFF844670B1BCF8083013B980
:10BF5800BCF80A30F3B123462A460CF10A010CF169
:10BF6800080011F0C9F8F8BD0D49FFF75BFF8446DA
:10BF780050B1034603F8016B3A68C0F80120B9884C
:10BF8800BA7999809A71E0E7064A012106480FF0CC
:10BF98006DFAE8E7ACF80850ACF80A40E3E700BFF0
:10BFA800FC350300EC4B0300D41A03002DE9F041E3
:10BFB8001E46BDF81830012B2FD804461746B04648
:10BFC8003344012B2CD8FFF707FF0546C0B1324692
:10BFD8003946284611F0B2F828B3236FC5F8013066
:10BFE800B4F8742094F87630A5F80520EB71237A1C
:10BFF8002B700121284611F0C1F94046BDE8F081B7
:10C00800FFF7EAFE05460028E1D1084A0221084860
:10C018000FF02CFA6FF01008EFE76FF00608ECE766
:10C028006FF00C08E9E76FF01208E6E70C4C030024
:10C03800D41A030038B5044600F170052946007A81
:10C048000FF009FE38B92946207AFFF7EBFE08B150
:10C0580011F03DF938BD2946207A11F040F9034620
:10C068000028F7D0024A012102480FF009FAF1E747
:10C07800384C0300D41A030010B50446124BD3E819
:10C08800EF2F22F00202C3E8E12F0029F7D1D3E80D
:10C09800AF3F13F0010F04D1204610F0D5FF30B99F
:10C0A80010BD0022002309480AF06EFDF4E720467F
:10C0B800FFF792FE0028F3D0027A12F0010FEFD0BA
:10C0C800012111F05BF9EBE750980020209800203F
:10C0D8002DE9F8431C46BDF82030CF68002B50D11D
:10C0E80081460E46631E9BB2012B4DD8012C1DD9EB
:10C0F8005378157845EA032539464846FFF7B6FED2
:10C108008046A8B1FB6943B12A463146484698475C
:10C11800002809DB0138012839D8A8F80850BB8A5B
:10C128009D4225D14DB32046BDE8F8831578E3E755
:10C138000DB92046F8E739460020FFF797FE8046FC
:10C1480070B1D9F87030C0F80130B9F8742099F896
:10C158007630A0F80520C37199F808300370D1E74C
:10C168000C4A02210C480FF081F96FF01000DBE750
:10C178003946304611F05DF9D4E74046FFF7A2FD95
:10C18800D1E76FF00600CFE76FF00C00CCE76FF057
:10C198000D00C9E7504C0300D41A03002DE9F04FF5
:10C1A80083B007461546FFF783FD0090002855D059
:10C1B800FE68B38A002B51D00024019403E018468E
:10C1C800FDF73CFC0134012C40D804EB840806EB55
:10C1D8004808B8F80830002BF4D004EB840308F1C1
:10C1E80001094A4616F8131028460FF077FF78B968
:10C1F80004EB8403494616F81300FDF73BFF03469A
:10C208000028DFD0827A072AD9D1009A0192D6E78E
:10C2180005F1700B5946287A0FF01DFD50B9114BE6
:10C228009E4203D04046FFF74DFDCBE72846FFF777
:10C2380001FFF7E72B6FC8F80130BBF804209BF823
:10C248000630A9F8042089F80630BBE7019B2BB912
:10C25800B382B36913B1002138469847012003B06F
:10C26800BDE8F08F14870020094B1A68C0F8012038
:10C278009A889B79A0F80520C371002303720C30BB
:10C28800D0E8EF2FC0E8E13F0029F9D1704700BF9F
:10C29800FC3503000F4BD3E8EF2F42F00101C3E850
:10C2A800E01F0028F7D112F0010F00D0704710B539
:10C2B800FFF706FE084C094920460AF033FB4FF405
:10C2C800A47200232046FBF7DFF8054905480AF069
:10C2D80029FB10BD589F0020A8970020E7D6020030
:10C2E80081CB01002098002010B5BDF80810BDF8DA
:10C2F80010408C4218D310465CB1039A5AB1641AA4
:10C30800A342A8BF23469CB22246039B194415F0BA
:10C318007AF8204610BD2346054A022105480FF049
:10C32800AFF86FF00D00F5E76FF00600F2E700BF19
:10C338006C4C0300D41A030000283BD070B5844627
:10C34800068A002E38D11D4C012003E0636803449F
:10C3580098B208341A4B9C421AD8194B9C4227D2DF
:10C3680021686145F2D8656805EB85039B00143B9D
:10C378000B446345EAD300239D42EAD903EB8302C9
:10C3880001EB8202624518D00133013080B2F3E735
:10C398000C4C40F26C7322460B490C480EF05BFAC9
:10C3A8000B480EF058FA40F26C7120460EF04AFA2B
:10C3B800304602E000207047304670BD8C1A0300FA
:10C3C800A41A0300944B0300944C0300141F0300A9
:10C3D800842503002DE9F04F89B0824607919046E5
:10C3E8009946139FDDF850B0BDF848301BB94FF699
:10C3F800FF73ADF84830254B1B8853452ED209B042
:10C40800BDE8F08F00257368AB421AD905EB8500AB
:10C41800CDF810B0CDF80CA012AB0293CDF8049073
:10C42800CDF80080079B3A462146D6F800C00CEBB1
:10C43800800010F0D3FF0028E1D001350134A4B208
:10C44800E1E70836124B9E420FD8114B9E42D6D2D6
:10C458007368E118B942D5D28CB2F2E70D4E0124C7
:10C4680013975746DDF84CA0ECE70B4C40F6340325
:10C4780022460A490A480EF0EEF90A480EF0EBF98E
:10C4880040F6340120460EF0DDF900BFA0A50020DB
:10C49800A41A03008C1A0300944B0300944C030065
:10C4A800141F03008425030010B58CB000230893E3
:10C4B80009930A930B9308A905A8FFF725FCE0B98F
:10C4C80005AC02940E4B01930022009213464FF6DE
:10C4D800FF710120FFF77EFF2046FFF75DFC60B982
:10C4E8001021084810F0E3FD074BD3E8EF1F41F097
:10C4F8000801C3E8E21F002AF7D10CB010BD00BF45
:10C50800F9D1020098970020509800202DE9F041B9
:10C5180084B004460D4616461F461B49A1F130005B
:10C528000AF09AFB194BD3E8AF3F13F0080F17D066
:10C538002046FFF751FC18B1027A12F0010F12D110
:10C5480010230293124B0193BDF8283000933B4609
:10C55800324629462046FFF7C7FE04B0BDE8F08101
:10C56800FFF7A2FFE4E700F10C080021404610F0B5
:10C57800BEFE0028E4D1D8E8EF3F43F00203C8E844
:10C58800E23F002ADCD0F6E7D89700205098002038
:10C598009897002008B5054BD3E8AF3F13F0080F74
:10C5A80000D008BDFFF780FFFBE700BF50980020D0
:10C5B80010B584B004460A46002303600290074978
:10C5C8000191012100914FF6FF718088FFF702FF6A
:10C5D8002068003818BF012004B010BDF1D1020056
:10C5E80010B586B000240594FFF7A6FE013080B28E
:10C5F80005AB0293054B019300942346224601465E
:10C60800FFF7E8FE059806B010BD00BFB3D10200E1
:10C618002DE9F0418CB002AF58B10C4615460646DC
:10C62800B9B1837A072B24D000202837BD46BDE84E
:10C63800F081BB4C40F693532246BA49BA480EF0F3
:10C648000AF9BA480EF007F940F6935120460EF061
:10C65800F9F8B34C40F694532246B549B2480EF067
:10C66800FAF8B2480EF0F7F840F6945120460EF06A
:10C67800E9F8086800233B7342F60303FB8107F1DE
:10C688000C010FF0CBF9D8B9D4F80480B8F1000F39
:10C698005ED0002000900123FA1C2146C047031EEB
:10C6A8005CDB012B40F09A80FB7813F0300F00F030
:10C6B8008D802046FFF794FF0446002800F0948000
:10C6C800206800233B7442F602137B8207F11001B5
:10C6D8000FF0A4F9002840F09780206800233B75EC
:10C6E80042F60213FB8207F114010FF097F90028B4
:10C6F80000F0A180206800233B7642F603037B8389
:10C7080007F118010FF08AF9002800F094802068DA
:10C7180000233B774FF42053FB8307F11C010FF0F4
:10C728007DF9002800F087802068002387F82030F2
:10C7380042F601037B8407F120010FF06FF900280E
:10C7480079D02046FFF74CFF04460028C5D16CE796
:10C75800784A012178480EF089FE37E06D4688B0A6
:10C7680002A911F1100233D0102062B10646042844
:10C7780003DDDFF8C8C1C1F814C0082E00DD8C61E4
:10C788000C2E00DDCB610F2825DD10233AB10420E3
:10C79800387100207871B871F871786808610021E3
:10C7A8006FF300016FF341016FF382016FF3C5016D
:10C7B800012060F38811C3F30A0363F353216FF375
:10C7C8001F5100235C48F8F76FFCAD4600202CE7AA
:10C7D8006FF00040C9E76FF01B03D7E7584A012103
:10C7E80055480EF04DFEF1E74D4C40F6B253224647
:10C7F8004F494D480EF02FF852480EF02CF840F6ED
:10C80800B25120460EF01EF82046FFF7E9FE044616
:10C8180000287FF462AF424C40F6B85322464449A0
:10C8280041480EF018F847480EF015F840F6B85190
:10C8380020460EF007F82068002387F8243042F6D7
:10C848000213FB8407F124010FF0E8F8C0B9D4F80B
:10C858000480B8F1000F15D000230093022307F1DC
:10C86800080221463046C047031E12DB022B50D176
:10C878007A7A3B7A43EA02231D4265D10020D4E646
:10C888000020D2E62B4A01212B480EF0EFFD0020B4
:10C89800CBE66D4688B002A911F1100233D0102002
:10C8A80062B10646042803DDDFF890C0C1F814C061
:10C8B800082E00DD8C610C2E00DDCB610F2825DDF4
:10C8C80010233AB10420387100207871B871F871DA
:10C8D8007868086100216FF300016FF341016FF37D
:10C8E80082016FF3C501012060F38811C3F30A03C5
:10C8F80063F353216FF31F5100230F48F8F7D4FB5C
:10C90800AD46002091E66FF00040C9E76FF01B03C9
:10C91800D7E70B4A012108480EF0B2FD002084E653
:10C92800944B030078420300141F0300C44C030017
:10C93800DC4C0300E44C0300D41A0300F84C030059
:10C94800204D03003C4D030001206EE62DE9F04127
:10C9580082B005460F46144656689422314610F0B8
:10C96800C2FE002836D1022231462846FFF750FE83
:10C97800002837D0A68A023600961D2300222146B9
:10C98800254810F081FD8046002842D032461D21FE
:10C998002846FEF775FD064660B3012300221146BE
:10C9A80010F079FBA18A023106F10C00FAF728FB96
:10C9B80020F8027BA28A216914F025FDC8F80860D6
:10C9C80041462846FFF730F90446F0B9204602B040
:10C9D800BDE8F081114A022111480EF047FD4FF0E1
:10C9E800FF34F3E70F4A02210D480EF03FFD6FF0C8
:10C9F8001504EBE70C4A022109480EF037FD4046C2
:10CA0800FEF7C6FF6FF00B04E0E74046FEF7C0FFF5
:10CA1800DCE76FF00B04D9E7C5D10200544D0300E1
:10CA2800D41A03006C4D0300984D030030B58DB047
:10CA3800002941D005460C464B68002B4CD0474B8B
:10CA4800D3E8AF3F13F0040F7FD015B1AB7A072BB3
:10CA58007ED160680590FFF76FFCADF8180021687B
:10CA680000294CD005A8FFF7A3FD002873D0059B2B
:10CA78006360059B186800238DF82C3042F6030389
:10CA8800ADF82E300BA90EF0C9FF48B90598C36858
:10CA98009B7913F0200F37D010F0C8FDADF81800BF
:10CAA800002D34D00123A3752246BDF8181028465E
:10CAB800FFF74CFF0DB030BD294C40F638432246F5
:10CAC800284929480DF0C7FE28480DF0C4FE40F655
:10CAD800384120460DF0B6FE0B68002BAFD1204C34
:10CAE80040F63943224622491F480DF0B4FE1F483C
:10CAF8000DF0B1FE40F6394120460DF0A3FE0028A6
:10CB0800B7D16FF00100D5E76FF01500D2E76FF0ED
:10CB18007F0307930223ADF8203009940023A375FF
:10CB28008DF8283042F60212ADF82A2005AA0292A2
:10CB3800104A0192012200920AAA4FF6FF71BDF82D
:10CB48001800FFF747FC0798B4E76FF00A00B1E751
:10CB58006FF07F00AEE76FF00100ABE7948500202F
:10CB6800944B0300C04D0300141F0300C84D03007D
:10CB7800E04D030041CE010030B583B0044600F11A
:10CB880030050121284610F0B2FB38BB34F8083CC8
:10CB9800ADF8043034F8063CADF80630D5E8EF3F80
:10CBA80023F00103C5E8E23F002AF7D1002024F86A
:10CBB800080C24F8060C164B44F81C3C154B44F89A
:10CBC800183C01AB44F8103C042324F80C3CA4F1B5
:10CBD8002001FFF72BFF88B103B030BD0E4C40F2A7
:10CBE8004C5322460D490E480DF035FE0D480DF008
:10CBF80032FE40F24C5120460DF024FED5E8EF3FBE
:10CC080043F00203C5E8E23F002AE5D0F6E700BF9B
:10CC1800D84E030081C00100944B0300004E03006E
:10CC2800141F0300344E030038B5044600F17001A8
:10CC3800007AFFF7F7F800B3054603890BB9438973
:10CC4800DBB12046FDF77EF82B890F4A22F8203009
:10CC58006B8902EB800253800C4D00EB400305EB1F
:10CC6800C3030B4959600B4999601A6104229A82DF
:10CC780019462046FFF7DAFE00B938BD064A0121F9
:10CC880006480EF0F3FBF8E7049F0020089F0020F9
:10CC9800D84E0300ABD30200504E0300D41A030051
:10CCA8002DE9F04782B000AF0546D2F80080FEF7C4
:10CCB800FFFF30B3EE680024012C22D804EB840374
:10CCC80006EB43031B89002B55D004EB840306EBCA
:10CCD8004302013216F8131040460FF0FFF90028FE
:10CCE80049D04FF495722946404610F0FCFC08B133
:10CCF80003280BD03146284610F09BFB244B9E425C
:10CD080041D001200837BD46BDE8F087EA4688B023
:10CD18006B4613F1100230D00C214AB108460429A1
:10CD280003DDDFF870C0C3F814C0082800DD9D617A
:10CD38000B2925DD0C213AB10320387100207871C8
:10CD4800B871F871786818616FF300096FF34109D9
:10CD58006FF382096FF3C509022363F38819C1F3DE
:10CD68000A0363F353296FF31F59002349460A48FE
:10CD7800F8F79AF9D54601349EE76FF00041CCE701
:10CD88006FF01B01D7E74046FFF74EFFB9E700BF3A
:10CD980014870020704E0300D41A0300F8B5054626
:10CDA8000E46144657689422394610F09CFC18BB6E
:10CDB800012239462846FFF72BFC28B3A289023204
:10CDC8001B212846FEF75CFB074628B3A1890231E0
:10CDD8000C30FAF715F920F8026BA289A16814F053
:10CDE80012FB012362692169384610F054F939466B
:10CDF8002846FEF7DFFEF8BD0B4A02210B480EF06D
:10CE080035FB4FF0FF30F6E7094A022107480EF0DC
:10CE18002DFB6FF01500EEE7064A022103480EF0DD
:10CE280025FB6FF00B00E6E7544D0300D41A03000E
:10CE38006C4D0300844E03002DE9F0470646154665
:10CE4800FEF736FF002800F0A680F768534B9F4294
:10CE58002DD0002464E02B691A6904EB4400538840
:10CE680012884146DFF838C11CF82000FFF764F843
:10CE78000134012CEDD804EB4402494B03EB820842
:10CE880008F1010807224749404614F0ACFA002887
:10CE9800EED004EB440307224146414810F8230032
:10CEA800FDF794F90028D6D0FCF7C8FDE0E7002488
:10CEB800DFE7FCF7C3FD32E04846FCF7BFFD2EE094
:10CEC800394A022139480EF0D1FA4846FCF7B6FD36
:10CED80025E004EB840207EB4202128912F0020FEC
:10CEE80048D02A69A9884846FFF730FD824670B9BC
:10CEF8002A69937D0133937509E004EB840307EBFA
:10CF080043031B8913F0010F39D14FF0000A48463B
:10CF1800FCF794FDC5F808A0BAF1000F38DB01341E
:10CF2800012C33D804EB840307EB43031A89AB893C
:10CF38009A42F4D104EB840307EB4301013117F85B
:10CF48001300FDF797F881460028E8D0837A072B6D
:10CF5800AFD13B6A1BB1314698470028ACD0942228
:10CF68003146484610F0BFFB80460028A8D1AB895F
:10CF7800022BAED0012BC0D04FF0000AC7E72A69B8
:10CF8800A9884846FFF70AFF8246C0E74FF0010824
:10CF98004046BDE8F0874FF00108F9E71487002004
:10CFA800409F0020FC350300544D0300D41A0300B1
:10CFB80000B587B0049001208DF8140004AB0293EB
:10CFC800054B01930022009213464FF6FF71FFF7BD
:10CFD80001FA07B05DF804FBA9CC0100F8B50546D5
:10CFE8000E4617460A4B1C6804B1043C74B123680A
:10CFF80043B13A463146284698476468002CF5D034
:10D00800043CF3E7231DF8D11C46EFE7F8BD00BF49
:10D018005C9F002010B584B004460290074B019332
:10D028000022009213464FF6FF710120FFF7D2F954
:10D03800204610F037FA04B010BD00BFA5C10100AA
:10D04800F0B583B000AF05460020C0B36C4688B089
:10D058006B4613F1100242D00C213AB1084604295C
:10D0680001DD224E5E61082800DD9D610B2939DD56
:10D078004FF00C0C3AB10321397100217971B97163
:10D08800F9717868186100216FF300016FF34101AD
:10D098006FF382016FF3C501012363F38811CCF3A9
:10D0A8000A0C6CF353216FF31F5100231048F7F754
:10D0B800FBFFA5466FF00B000C37BD46F0BD5823AB
:10D0C80000FB03F30B4AD3580BB10130BDE7094B02
:10D0D800582202FB0033084A5A600B60ECE76FF0F5
:10D0E8000041BAE76FF01B0CC4E700BF40500300D3
:10D0F800141B0300649F002068500300F8B50E4617
:10D1080007690025032D0DDC328AF168381DF7F711
:10D1180041F8044610F10C0F04D14B2013F0BCFD6C
:10D128000135EFE7002C05DB00243046F9F72CFE2B
:10D138002046F8BD2346034A012103480EF0A0F912
:10D14800F3E700BF98500300E41A0300F0B585B078
:10D158000E46012915D9074610F05EFB044637F83C
:10D16800023BADF80C30023E1A0AB6EB132F1AD068
:10D1780000923346234A012123480EF08CF90025FA
:10D1880031E0022300930B46204A01211E480EF08D
:10D1980082F9002527E0002200232146FAF740FA09
:10D1A800054640B175B99DF80C00002CF3D14FF439
:10D1B800A0220023F1E7B4B9154A022112480EF063
:10D1C80055F9EFE705F10C04022203A920460EF0F9
:10D1D800B7FB20460EF0ABFB864207D832463946ED
:10D1E80020460EF0ADFB284605B0F0BD0090334652
:10D1F800084A012104480EF04EF92846F9F7C4FD03
:10D208000025F0E7DC500300E41A0300B0500300E7
:10D218000C51030044510300F0B585B00C460329B6
:10D2280023D90546002200230820FAF7C3F9064649
:10D2380028B355F8043B0393043C00F10C0704227F
:10D2480003A938460EF07CFBBDF80E30A3421CD172
:10D2580038460EF06CFB844223D8224629463846CD
:10D268000EF06EFB304605B0F0BD042300930B466C
:10D27800124A012112480EF00EF90026F2E7114A6F
:10D2880001210F480EF0F2F8ECE7009323460E4A0E
:10D2980001210B480EF0FFF83046F9F775FD00261E
:10D2A800E0E700902346094A012105480EF0F3F80B
:10D2B8003046F9F769FD0026D4E700BF685103003E
:10D2C800E41A030094510300B051030044510300D1
:10D2D800F0B585B00C46032928D90546002200235D
:10D2E8002020FAF767F9064650B355F8043B039334
:10D2F800043C00F10C07042203A938460EF020FB79
:10D30800264B00221A60BDF80E30C3F30D03A3426A
:10D318002BD138460EF00BFB844232D822462946E0
:10D3280038460EF00DFB304605B0F0BD04230093DF
:10D338000B461B4A01211B480EF0ADF80026F2E708
:10D34800164B1B68184AA2FB03125209642101FB01
:10D35800123222B1114A136801331360E3E7134A0A
:10D36800012110480EF08CF8F4E700932346104A88
:10D3780001210C480EF08FF83046F9F705FD00261C
:10D38800D1E7009023460B4A012106480EF083F8A6
:10D398003046F9F7F9FC0026C5E700BFBC9F00201E
:10D3A800E0510300E41A03001F85EB510C520300FF
:10D3B8002C5203004451030038B504460569084659
:10D3C80010F8013B511E042B09D0052B13D0022B5A
:10D3D8000DD00B4A01210B480EF052F806E0FFF77A
:10D3E800B5FE014611B12B682046984738BDFFF7B6
:10D3F80013FF0146F6E7FFF76BFF0146F2E700BFB0
:10D408005C520300E41A030070B50E46056900205B
:10D4180010F022FAD0B9286CF6F728FE044610B1AD
:10D4280010F1780F1BD105F10C02291D286CF6F7B5
:10D438005DFE0446D0B905F128004FF48032002380
:10D4480008F024FC0446C0B92E6006E004460346F2
:10D458000D4A01210D480EF013F8204670BD034611
:10D468000B4A012109480EF00BF8F6E70346094A72
:10D47800012106480EF004F8EFE70346064A0121A9
:10D4880002480DF0FDFFE8E770520300E41A0300BC
:10D4980098520300C8520300EC52030038B50569DE
:10D4A800281DF6F749FE68B9286CF6F7FFFD044613
:10D4B80080B9002010F0CAF9044690B900232B6007
:10D4C800204638BD04460346094A012109480DF0A3
:10D4D800D7FFF5E70346084A012106480DF0D0FFBB
:10D4E800EEE70346054A012102480DF0C9FFE7E7C8
:10D4F8000C530300E41A0300385303005C53030081
:10D50800004870475CA00020014BC01A40117047CA
:10D51800D49F002030B583B005460C46FFF7F4FFD2
:10D528000146402300932346054A064810F004FAB2
:10D53800011E01DB03B030BD2846A047FAE700BF53
:10D5480089D90200CC15030010B5EFF3118420230C
:10D5580083F31288BFF36F8F074A136823F0020121
:10D56800116013F0010F04D084F31188BFF36F8F9B
:10D5780010BD10F021FAF7E784A0002030B1002296
:10D5880002604260826001224260704710B5064C1A
:10D598004FF485732246054905480DF05CF94FF4B0
:10D5A800857120460DF04EF9C0340300F0340300B5
:10D5B800141F03000346032929D8DFE801F0020DF0
:10D5C8001823D3F81804C0F3004072B3D3F8183402
:10D5D80003F0030313707047D3F80C04C0F3004042
:10D5E8001AB3D3F80C3403F0010313707047D3F85F
:10D5F8005C04C0F30040C2B1D3F85C3403F001030B
:10D6080013707047D3F85404C0F30040704710B546
:10D61800064C40F2EE432246054906480DF01BF938
:10D6280040F2EE4120460DF00DF97047C453030057
:10D63800085F0300141F030010B582B0EFF31184D4
:10D64800202383F31288BFF36F8F144A136843F0C3
:10D658000201116013F0010F09D1002384F311882E
:10D66800BFF36F8FABB910F093F902B010BD0DF195
:10D67800070201210A48FFF79DFF9DF80730012B9B
:10D6880001D00023EAE7FFF73BFF10F031F901234F
:10D69800E4E70021034810F03DF9E6E784A0002004
:10D6A80000500040CC15030010B5C9B2032905D8B5
:10D6B80010F0D8F8806800F0070010BD054C7F23F3
:10D6C8002246054905480DF0C6F87F2120460DF091
:10D6D800B9F800BFF853030038540300141F0300BF
:10D6E80070B505461646CCB2214610F0BBF8032C9F
:10D6F8000DD83146083010F0C6F8002806DB214660
:10D70800284610F0B6F843689847002070BD064CCC
:10D7180040F2D1132246054905480DF09CF840F225
:10D72800D11120460DF08EF8F85303003854030049
:10D73800141F030038B505460C46FFF7E5FE014601
:10D7480040220348FFF7CCFF01462846A04738BDD2
:10D75800CC15030010B509282FD8DFE800F0051C08
:10D768002E2E2E2E2E21171200211A4810F07AF88C
:10D77800836813F0070F08D10021164810F0CAF883
:10D7880003E00221134810F0C5F810BD0321114829
:10D7980010F0C0F8F9E701210E4810F0BBF8F4E7E3
:10D7A8000D4C4FF43D7322460C490D480DF053F8CB
:10D7B8004FF43D7120460DF045F8074C4FF4417386
:10D7C8002246064906480DF046F84FF441712046B6
:10D7D8000DF038F8CC150300F8530300085F030078
:10D7E800141F030070B582B00546012806D12D4BE1
:10D7F800D3F81C3403F00303022B33D013F043FC9B
:10D80800044610B9284B1B786BB9EFF31186202317
:10D8180083F31288BFF36F8F012484B9214B02224E
:10D82800C3F808230BE00026F7E7ECB130460DF00B
:10D8380072FF1C4BD3F81835DBB2012B18D00DF151
:10D84800070200211748FFF7B5FE0028EDD09DF824
:10D858000730022B01D0012DE7D1F4B186F31188EE
:10D86800BFF36F8F02B070BD012010F0BEF8E0E783
:10D878000C4BD3F80431002BE1D00A4B0022C3F83B
:10D888000421D3F804210222C3F81825074A2021CD
:10D89800C2F8801101229A60D1E7024B0222C3F834
:10D8A8000423DFE700500040ADA5002000E100E0C0
:10D8B80000B587B0CDF800D0CDF804D0002302938E
:10D8C8000123039304AB049305936B46064A10F0B7
:10D8D8004FF8002805DB4FF480420023684608F023
:10D8E800D5F907B05DF804FB1FDA020070B50646EB
:10D8F800002201210520F8F739FD114803F04EFFF9
:10D90800104B984219D103F05BFF0024032C12D866
:10D91800214630460FF0A6FF0546214630460FF057
:10D92800AEFF09490DF080F9002805DB0123AB6043
:10D938001C44E4B2EAE7002070BD6FF00400FBE786
:10D948005DD701000000AD0B5C54030070B50446C0
:10D958001C4B0121D3E8EF2FC3E8E01F0028F9D1C1
:10D9680042B134B1631EDBB2012B1ED82046FFF74B
:10D9780039FF70BD14480FF082FF0546134E30463C
:10D98800FFF7FCFD311F2846F6F71CFA0028E8DAF5
:10D998000F4C4FF4297322460E490F480CF05BFFD9
:10D9A8004FF4297120460CF04DFF094C40F2B62384
:10D9B80022460A4908480CF04EFF40F2B62120469C
:10D9C8000CF040FFD09F0020CC150300C49F00201E
:10D9D800F8530300C0270300141F0300085F030067
:10D9E80010B504460A2806D0E1B206488368DB6908
:10D9F8009847204610BD03488368DB690D21984786
:10DA0800F2E700BF6C16030010B5044C2046F9F786
:10DA180061F82046F4F7E8FD10BD00BFE9D9010020
:10DA280008B5054813F03EF918B1FFF7EDFF0020DF
:10DA380008BD6FF01200FBE76C160300024B0B6089
:10DA480001231360704700BFF05703000048704778
:10DA58006857030008B50069054B994200D008BD16
:10DA680018304FF0FF324FF0FF3308F00FF9F6E7A8
:10DA78000000AD0B10B5046904F13003D3E8EF1FC3
:10DA88000131C3E8E21F002AF8D110F034F8636BC3
:10DA980003B110BD034B0022C3F8B825072013F0CB
:10DAA800FBF8F6E70050004000F1744000F5A600CE
:10DAB8000A281BD8DFE800F0061A1A1A1D081A1AD5
:10DAC8000B1A1D00002070476FF08B00704710B5CF
:10DAD800094C0A4A012120460DF0C8FC084A0121D8
:10DAE80020460DF0C3FC6FF08B0010BD6FF00F00E7
:10DAF80070476FF015007047841B0300F45403004F
:10DB08001C55030000293DD010B584B013468C463F
:10DB18004A6862B111685468DCF8080050B10268BC
:10DB2800406848B144B1A0422FD1601C06E01146BC
:10DB38000024F1E70246002020440130092816D8C5
:10DB48009CF800408DF808408DF8090001208DF8F8
:10DB58000A008DF80B0000208DF80C008DF80D30B0
:10DB680002A805F087F8FFF79FFF04B010BD9CF8E6
:10DB780000300090064A022106480DF08CFC6FF038
:10DB88001500F2E76FF0150070476FF01500ECE72D
:10DB980058550300841B03002DE9F04383B0074662
:10DBA8000E461446D0F8048000210FF0EEFF05461B
:10DBB80050B3284603B0BDE8F08305F09DF905464B
:10DBC800A1460FE0B4F5805F02D3C6F30B0373B32D
:10DBD80000943346294A012129480DF05CFC4FF096
:10DBE8000009284D29463846FFF734FF264B9D4249
:10DBF8002ED14E44A4EB09044FF4A47200233846F6
:10DC08000FF0AAFF051E1ADB74B3D8F82C30A34214
:10DC1800D3D0B4F5803FD5D3B3B2002BD2D131469F
:10DC2800012005F0F7F805464FF48039DAE7314668
:10DC3800002005F0EFF805464FF48059D2E700942C
:10DC48003346124A01210E480DF025FC2C460CE003
:10DC5800009433460E4A012109480DF01CFC284661
:10DC6800FFF722FF044600E02C46012138460FF05A
:10DC78008CFF0546002C9CD025469AE77C5503006E
:10DC8800841B03000400AD0B0000AD0B9C55030082
:10DC9800BC55030010B586B00023ADF81430531EF0
:10DCA800DBB2012B23D80446012A12D18DF81410B7
:10DCB80005AB0393049200230093019302938DF81C
:10DCC800002003AB01936946FFF71CFF48B106B07B
:10DCD80010BD084A012108480DF0C8FB6FF0150077
:10DCE800F5E70022002320460FF036FFEFE76FF03C
:10DCF8001500ECE7DC550300841B0300F0B583B086
:10DD080000AF05464268537F023BDBB2012B0AD9BC
:10DD1800137F042B19D0032B19D0022B01D0002319
:10DD280002E0012300E001231E46012128460FF0EE
:10DD3800EBFE041E0DDBE1B2C4F38014B4420FD134
:10DD4800002420460C37BD46F0BD0123ECE7012333
:10DD5800EAE72346334A012133480DF091FBF0E707
:10DD6800012281F040012846FFF794FF041EE8DAFB
:10DD780006B32E496E4600233B7102237B718AB09D
:10DD88006D4615F1100217D012201AB1042801DDD2
:10DD9800274B6B6100233B7002237B70CAB103469B
:10DDA800082800DDA9610C2B00DDEC6105F12003DA
:10DDB80000210CE01F49DDE76FF00040E5E701F1C5
:10DDC800080CBC441CF808CC03F801CB013101292C
:10DDD800F5D9112822DD122342B10421397100211D
:10DDE8007971B9710121F9717868286100216FF39F
:10DDF80000016FF341016FF382016FF3C501012048
:10DE080060F38811C3F30A0363F353216FF31F51BF
:10DE180000230548F7F748F9B54692E76FF01B036A
:10DE2800DAE700BF2C560300841B03005C430300A1
:10DE38003C560300245603002DE9F04182B0054604
:10DE48000E46174698460A4604210DEB010011F0CC
:10DE580048FE044601462846FFF7FCFD0B4B9C4252
:10DE680003D0204602B0BDE8F0814246394601A8F9
:10DE780013F0C9FA324604210DEB010011F02CFE13
:10DE8800044601462846FFF7E5FDEAE70000AD0B2A
:10DE98002DE9F04383B08146884617461E46114C4B
:10DEA800E6B1104B9C4219D13546042E28BF0425F3
:10DEB8002A46394601A813F0A6FA4246294601A87F
:10DEC80011F00AFE044601464846FFF7C3FD054B1C
:10DED8009C42E5D1761B2F44A844E1E7204603B0D5
:10DEE800BDE8F0830000AD0B2DE9F04F87B0824606
:10DEF8000E4617464A4201F0030402F0030258BFD7
:10DF08005442C4F10404624204F0030402F0030220
:10DF180058BF54429C4200D91C467A4207F0030578
:10DF280002F0030258BF5542C5F104056A4205F0E4
:10DF3800030502F0030258BF55429D4200D91D4611
:10DF480001941A1B02F0030B22F0030929465B1BFC
:10DF580023F00303994502DDA2EB030B9946B9F1BF
:10DF6800000F09D1DFF8A08004BBBBF1000F35D149
:10DF7800404607B0BDE8F08F7B18CDF80C90A21989
:10DF880049460293184611F0ACFD804601465046BA
:10DF9800FFF760FD1C4B9845EAD1AC42E4D0039AE8
:10DFA8000299019BF81813F03BFADDE7C4F104026B
:10DFB800B21A042104A811F094FD80460146504687
:10DFC800FFF748FD104B9845D2D1019AC2F10401E0
:10DFD80004AB1944384613F016FAC6E7A2194A44A6
:10DFE800082104A811F07DFD804601465046FFF740
:10DFF80031FD054B9845BBD1019848445A4604A9C0
:10E00800384413F000FAB3E70000AD0B70B590B0D8
:10E0180006460DF1280C194C0FCCACE80F0094E81B
:10E0280003008CE803000023019302930393AB23BE
:10E038008DF80430124D04A928460FF03CFD0AA9BA
:10E0480028460FF007FD012004F08EFE044604A9BF
:10E0580028460FF0FFFC0B4B9C4203D06FF00400E6
:10E0680010B070BD002201A93046FFF74BFD002813
:10E07800F6DB232012F010FE0020F1E7601C0300FD
:10E0880000B002400000AD0B2DE9F04782B000AFB0
:10E098000446456802693E49284604F0B7FDFFF783
:10E0A80003FD002814DB2046FFF7B0FF00280FDB34
:10E0B800391D20460FF080FD002809DB0322391D99
:10E0C80005F1300013F08FF930B92046FFF716FE3E
:10E0D8000837BD46BDE8F08797F8049097F80580A3
:10E0E800BE7995F830E095F831C095F832406D4624
:10E0F8008CB06B4613F1100244D02020E2B10146E7
:10E10800042803DDDFF88CA0C3F814A0082901DD7A
:10E11800C3F818900C2901DDC3F81C80102900DD14
:10E128001E62142901DDC3F824E0182901DDC3F8B3
:10E1380028C01C2900DDDC621F2826DD20243AB116
:10E148000821397000217970B970F9703868186140
:10E1580000216FF300016FF341016FF382016FF348
:10E16800C501012363F38811C4F30A0363F3532140
:10E178006FF31F5100230848F6F796FFAD466FF07E
:10E188001200A5E76FF00040B8E76FF01B04D6E770
:10E19800E9DB020050560300841B030070B50546F6
:10E1A80043680021586B0FF023FD041E15DB002285
:10E1B80001212B20F8F7DAF80A4E0023C6F8B83503
:10E1C800072012F069FD2846FFF75EFF0446022388
:10E1D800C6F8B83504F014FE08B9204670BD04F03E
:10E1E800E9FDFAE70050004010B50446026902F163
:10E1F8003003D3E8EF1F0139C3E8E01F0028F8D146
:10E20800536B23B9054B0222C3F8B82519B120690D
:10E2180007F09AFC10BD04F0CDFDF8E7005000406F
:10E2280070B582B015464268C1F30B031BBB0646A6
:10E238000C461DB3C5F30B031BBB002911DB4B199F
:10E24800D26A93420DD8FFF715FC2A46214630467C
:10E25800FFF7A2FC04463046FFF7C6FF204602B08F
:10E2680070BD00952346084A012108480DF013F9AE
:10E278006FF01504F2E76FF01504EFE76FF015047F
:10E28800ECE76FF01504E9E784560300841B0300EC
:10E298002DE9F04182B00E464168002A5BD0044661
:10E2A8001D469046002B59D0042B02D913F0030FBA
:10E2B80057D116F0030F57D1002E2FDB7319CA6AF6
:10E2C80093422BD82046FFF7D5FB002120460FF0BC
:10E2D8005CFC0746A0B9032D2AD908F06043B3F1C6
:10E2E800005F02D118F0030F2AD02B464246314670
:10E2F8002046FFF7CDFD05462846FFF7D5FB074624
:10E30800012120460FF041FC05462046FFF76CFF2F
:10E3180007B13D46284602B0BDE8F0810095334676
:10E32800134A012113480DF0B6F86FF01505F1E70F
:10E338002B46424631462046FFF77EFD0546DBE781
:10E3480032462946404611F0C7FB0546014620469D
:10E35800FFF780FBD0E76FF01505DBE76FF01505D9
:10E36800D8E76FF01505D5E76FF01505D2E700BFC0
:10E37800D0560300841B0300F0B583B01D464368E4
:10E3880022B304460E4617461DB3002914DB4A196A
:10E39800DB6A9A4210D8FFF76DFB2B463A463146A6
:10E3A8002046FFF7A1FD05462046FFF71DFF28463A
:10E3B800FFF77AFB03B0F0BD00953346064A01210A
:10E3C80006480DF068F86FF01500F3E76FF01500D8
:10E3D800F0E70020EEE700BF1C570300841B030092
:10E3E800034BD3F8003413F0010FF9D0704700BF86
:10E3F80000900340024B0B6001231360704700BF7D
:10E4080088A00020004870477C580300F0B583B00E
:10E418000E46154611F071FA0446294630460FF0AB
:10E428000AFC50B3B6FBF4F304FB136353B9B5FB12
:10E43800F4F304FB13532BB9AC420DD90024204646
:10E4480003B0F0BD00953346114A012111480DF083
:10E4580022F86FF01504F2E70F4F4FF0FF324FF03C
:10E46800FF33384607F012FC294630460FF009FC06
:10E478000446384607F068FBE1E700953346074A4B
:10E48800012104480DF007F86FF01504D7E700BF25
:10E49800F85703003C1B030090A000201858030005
:10E4A8002DE9F04182B00C4616461D461946204615
:10E4B8000FF0C1FB50B114F0030711D115F0030F91
:10E4C8000ED1BDB9384602B0BDE8F08100952346AB
:10E4D800124A012112480CF0DEFF6FF01507F1E730
:10E4E800009523460F4A01210D480CF0D4FF6FF028
:10E4F8001507E7E7DFF830804FF0FF324FF0FF33C2
:10E50800404607F0C3FB2A46314620460FF0DAFBA7
:10E518000746404607F018FBD4E700BF1858030029
:10E528003C1B03003858030090A0002070B582B04F
:10E538000D4616461C46194628460FF07CFB58B176
:10E54800D4B1B5F5803F11DB22462946304612F09A
:10E558005AFF002002B070BD00942B46074A0121E3
:10E5680007480CF098FF6FF01500F3E7224629469C
:10E5780030460DF024FAEDE70020EBE718580300C9
:10E588003C1B030010B501221146064812F08FFC0F
:10E5980011F0B7F9044C206011F0AFF96060002069
:10E5A80010BD00BF90A0002088A0002028B101283D
:10E5B80001D103487047002070470248704700BFE8
:10E5C800EC1503000C16030070B569B10446164635
:10E5D8000D464B68B3B1036813B30FF091FB50BB02
:10E5E800FEB96FF0150022E0164C3F23224616496B
:10E5F80016480CF030F916480CF02DF93F2120464A
:10E608000CF020F90F4C4023224612490F480CF019
:10E6180022F911480CF01FF9402120460CF012F99C
:10E6280032B123682B602560636843B1002070BD58
:10E638006FF01500FBE7002EF3D10020F7E76560C7
:10E648000020F4E784580300C0580300141F030097
:10E65800CC580300DC580300F058030038B50546D1
:10E66800046820460FF05CFB40B104F01F032B60E8
:10E6780064091DD0012C0ED10E4838BD0E4C40F255
:10E68800CA3322460D490E480CF0E5F840F2CA316B
:10E6980020460CF0D7F8084C40F2D33322460949FB
:10E6A80007480CF0D8F840F2D33120460CF0CAF8ED
:10E6B8000548E2E700288440085903003C59030054
:10E6C800141F0300085F03000025844070B50E4640
:10E6D8001546016821B10C68ACB1A1B90C4612E02D
:10E6E8000C4610E0114C64232246114911480CF0E5
:10E6F800B2F811480CF0AFF8642120460CF0A2F8EB
:10E70800234621461C4681B18A682A4004D04B68BA
:10E71800002BE7D030469847002CF1D02368002B17
:10E72800EFD0002CEDD12346EBE770BD84580300F1
:10E7380060590300141F0300F05803002DE9F04747
:10E7480086B0884616469946446801F01F05237B23
:10E7580045EA431520460FF007FB002873D0B6F5AD
:10E76800001F35D00DF10C0A00270397049749467E
:10E7780030460FF02EFB8DF80C000097019702979A
:10E78800CDF804A0A36823FA08F313F0010F02D10F
:10E79800B6F1A07F23D004F110060DF11702294627
:10E7A800304611F067F82B4B984237D010346A4640
:10E7B8002946204611F052F8264B984246D10122AC
:10E7C8002946204611F06EF8002006B0BDE8F08713
:10E7D800294604F1100011F069F80020F5E72846F1
:10E7E8000FF024FB0028D6D10DF11702294604F1B9
:10E7F800100011F03FF8184B984203D00DF11703A1
:10E808000493D3E70DF11702414620460FF087FB2A
:10E81800104B9842F2D06FF00B00D6E79DF8171016
:10E82800304611F037F80B4B9842BFD00B4C40F2F2
:10E83800E11322460A490B480CF00DF840F2E111A9
:10E8480020460BF0FFFF6FF08500BEE76FF0150064
:10E85800BBE700BF0000AD0B0400AD0B6C59030013
:10E8680098590300141F0300F0B589B00F461446E9
:10E87800456801F01F062B7B46EA431610460FF049
:10E8880078FA8DF81E0040F206332340B3F5837FF3
:10E8980053D016D8062B4CD006D9B3F5807F0DD1AE
:10E8A80001238DF81D3024E003B3022B03D1042388
:10E8B8008DF81D301DE06FF0150038E06FF0150081
:10E8C80035E040F2022293423BD0B3F5407F03D1BA
:10E8D80003238DF81D300CE0B3F5007F03D102232C
:10E8E8008DF81D3005E06FF0150020E000238DF84D
:10E8F8001D3014F4002F28D06A680123BB409360B0
:10E9080028460FF031FA40B310350DF11F02314699
:10E91800284610F0AFFF074614F4403F36D1314681
:10E92800284610F0B3FF434B9F426DD0002009B03A
:10E93800F0BD06238DF81D30DBE707238DF81D3069
:10E94800D7E705238DF81D30D3E714F4802FD7D0EF
:10E958006A680123BB40D360D2E7C4F340438DF813
:10E96800083014F4803F0CBF012300238DF81030C9
:10E97800002401940DF11D0300930DF11E0304AA58
:10E9880002A930460FF061FA2046D0E702AA002318
:10E9980002930393049305930693059204AA3146C0
:10E9A800284610F05BFF234B98421DD114F4003F1A
:10E9B8001DD09DF81D308DF8103014F4803F0CBF29
:10E9C800012300238DF811309DF81E308DF8123088
:10E9D800002304AA3146284610F044FF154B9842FC
:10E9E800A1D06FF01500A2E76FF015009FE7002394
:10E9F8000493059306930DF11E03049304AA31466C
:10EA0800284610F02BFFE9E79DF81F10284610F064
:10EA180041FF084B984201D1002088E7064CDE23CD
:10EA28002246064906480BF016FFDE2120460BF069
:10EA380009FF00BF0000AD0B6C5903009859030093
:10EA4800141F030038B50446456828460FF08CF9B2
:10EA580020B9104920460FF075F938BD1035284601
:10EA680010F010FF0028F4D10021284610F006FF0E
:10EA7800094B98420AD100220849284610F0F6FEB0
:10EA8800002205212F20F7F771FCE2E76FF0040060
:10EA9800E3E700BF0FDE02000000AD0B09DF020054
:10EAA8000F2803D8800000F0FC00704710B5064C12
:10EAB80040F211232246054905480BF0CCFE40F2EE
:10EAC800112120460BF0BEFEF4590300285A03001A
:10EAD800141F030010B50F2808D8FFF7E1FF00F155
:10EAE800804000F528300123036010BD054CCB237E
:10EAF8002246054905480BF0AEFECB2120460BF017
:10EB0800A1FE00BF345A0300745A0300141F030007
:10EB180038B50C46056943680F2906D81B68CB40F1
:10EB280013F0010F1BD1002300E00023002B40D07D
:10EB3800BAB9D5F88430E34013F0010F3CD0E0B205
:10EB480003F0A4FCD5F884300122A24023EA020392
:10EB5800C5F88430D5F8843033B3002038BD01239C
:10EB6800E4E7D5F88430E34013F0010F27D1002AF9
:10EB7800E5D055F824306BB1D5F8843083B1D5F899
:10EB880084300122A2401343C5F88430E0B203F078
:10EB98005DFCDFE70B4A02210B480CF067FCEBE752
:10EBA8002A200CF083FDEAE72A200CF084FD0020DF
:10EBB800D4E76FF01500D1E76FF07700CEE76FF07C
:10EBC8007700CBE7845A03005C1B030038B5054681
:10EBD8000C4622B10D4A02210D480CF047FC6B6827
:10EBE8000F2C06D85B68E34013F0010F08D100230F
:10EBF80000E0002333B1E0B2FFF76CFF002038BD1E
:10EC08000123F7E76FF01500F9E700BFB45A0300D6
:10EC18005C1B0300F8B504460D46D1F880707B688C
:10EC28000F2806D81B68C34013F0010F15D1002325
:10EC380000E000239BB1D5F88430E34013F0010FC6
:10EC480013D055F824603EB104F11002002355F8A2
:10EC5800222021463846B047F8BD0123EAE7064A94
:10EC6800022106480CF002FCE5E7054A02210348A8
:10EC78000CF0FCFBE5E700BFD05A03005C1B030067
:10EC8800EC5A030010B5A2B044688422002101A800
:10EC980012F0E0FB6368B3F5803F06D22368B3F552
:10ECA800803F08D2002321930CE0174A022117481D
:10ECB8000CF0DCFBF2E7164A022114480CF0D6FBF4
:10ECC800F0E701330F2B1AD86268DA4012F0010F0F
:10ECD80006D001229A4022A901EB830141F8842C35
:10ECE8002268DA4012F0010FEBD00121994003F1BC
:10ECF800100222A800EB820242F8841CE1E701A876
:10ED080003F058FB22B010BD0C5B03005C1B030032
:10ED1800385B030010B504460269C2F88000074951
:10ED2800002003F01DFB002201212A20F7F71EFB1B
:10ED38002046FFF7A7FF002010BD00BF1DEC010013
:10ED480038B50546046820460FF019F940B104F0BB
:10ED58001F032B6064091DD0012C0ED10E4838BD4D
:10ED68000E4C40F2CA3322460D490E480BF073FD93
:10ED780040F2CA3120460BF065FD084C40F2D3330F
:10ED88002246094907480BF066FD40F2D331204678
:10ED98000BF058FD0548E2E70028844008590300B5
:10EDA8003C590300141F0300085F0300002584403A
:10EDB800F0B583B001900C4617461E4601A8FFF730
:10EDC800BFFF0199803150F82130094D1D4044EAB8
:10EDD800470444EA86039DF8202043EA02239DF86D
:10EDE800242043EA02432B4340F8213003B0F0BD0E
:10EDF800F0F0FCFF2DE9F04F85B007468B469046B2
:10EE0800002423E04FF0FF3535E0C8F80C55012603
:10EE180003963146B5F1FF3F16D0B1F1FF3F40F000
:10EE2800308157F80A3013F4004F02D0012600222F
:10EE3800039200220192CDF80090C3F34123324699
:10EE480003992846FFF7B4FF0134E4B25C4580F02B
:10EE58001C814FEA840A57F82430C3F3C322C3F352
:10EE68000805082A00F213818D4911F8029040F232
:10EE7800FF129542C6D01B0E222B00F20B8101A275
:10EE880052F823F013EE010019EF010027EF0100FB
:10EE980033EF010041EF01004FEF01005BEF01008C
:10EEA80069EF010077EF010085EF010095EF0100A0
:10EEB800A3EF0100B7EF01009DF001009DF00100F4
:10EEC8009DF001009DF001009DF001009DF0010002
:10EED8009DF001009DF001009DF00100CBEF0100C5
:10EEE800DDEF0100EFEF010001F001009DF00100EE
:10EEF8009DF001009DF0010013F0010023F00100D6
:10EF08002FF001003FF001004FF001005FF0010019
:10EF1800C8F81455002603964FF0FF317AE7C8F871
:10EF2800085501260396314674E7C8F8105500269F
:10EF380003964FF0FF316DE7C8F808550026012306
:10EF48000393314666E7C8F80C550126039600215D
:10EF580060E7C8F81055002603964FF0FF3159E7CF
:10EF6800C8F80855002603964FF0FF3152E7C8F855
:10EF78001055002603964FF0FF314BE7C8F80C55A3
:10EF88000126002303934FF0FF3143E7C8F81455D7
:10EF9800002603964FF0FF313CE7C8F80855B9F151
:10EFA800000F5ED0002603964FF0FF3132E7C8F815
:10EFB8000C55B9F1000F5CD0002603964FF0FF31D5
:10EFC80028E7C8F8605557F80A10C1F30041012630
:10EFD80003961FE7C8F8645557F80A10C1F30041B3
:10EFE8000126039616E7C8F8685557F80A10C1F3C2
:10EFF8000041012603960DE7C8F86C5557F80A102A
:10F00800C1F300410126039604E7C8F824550126F8
:10F01800002303934FF0FF31FCE6C8F8285501267A
:10F0280003963146F6E6C8F83055012600230393C7
:10F038004FF0FF31EEE6C8F834550126002303935C
:10F048004FF0FF31E6E6C8F8385501260023039350
:10F058004FF0FF31DEE6C8F83C55012603963146ED
:10F06800D8E64E46CDF80C904FF0FF314FF0060928
:10F07800D0E64E46CDF80C904FF0FF314FF0060920
:10F08800C8E628460EF0A7FFCBE6002004E06FF0A4
:10F09800150001E06FF0850005B0BDE8F08F00BFF6
:10F0A800805B03002DE9F84305460F46466811F0DA
:10F0B800EAFF20B9234B1B780BB3002300E00123A0
:10F0C800D5F810906A68D2F80080F3B928460FF096
:10F0D800BBF80446736813F0040F03D04FF48003A1
:10F0E800C8F80433F36A1F700122F16A28460FF04A
:10F0F800F7F884F31188BFF36F8FBDE8F883012315
:10F10800DEE784F31188BFF36F8FEFF311842023B8
:10F1180083F31288BFF36F8F28460EF095FF0028FF
:10F12800EFD0D9F80030002BD4D0D3F8A420002A8F
:10F13800D0D0D3F8B420002ACCDAD8F84C25C3F8BC
:10F14800B420C7E7ADA500202DE9F04F85B098465B
:10F15800D0F810B0DBF80040D0F804A0DAF800507E
:10F168009AF8083053BB81460F46164694F861302A
:10F17800002B40F0BD8094F86230002B40F0BB803B
:10F188006365B8F1FF3F54D0B8F1040F26DDA3F151
:10F19800993383FB08234FEAE870C0EB6300C1177B
:10F1A800C90341EA5041C003544BC018544A4FF0B8
:10F1B800000341F10001F1F737FC11E0514C40F236
:10F1C8009B732246504951480BF045FB50480BF0C1
:10F1D80042FB40F29B7120460BF034FB00200146B5
:10F1E800A065E165276466640023A364E36423657E
:10F1F800DAF8043013F0040F20D1DAF8043013F0F1
:10F20800040F02D094F8602052BBC5F83475C5F8D5
:10F2180038650020C5F81001D5F81031C5F84C0143
:10F22800D5F84C31012384F861302B6005B0BDE876
:10F23800F08F00220023C4E91623D3E7EFF31183EC
:10F248000393202383F31288BFF36F8F022148466C
:10F258000FF03AF8039B83F31188BFF36F8FCCE765
:10F26800B24228BF32469146DAF82810384612F0E2
:10F27800CAF84F44B6EB090614D0B8F1FF3FC4D022
:10F288000023C5F80831D5F8083104F10800D4E99D
:10F2980016234FF000084FF00009CDE9008909F066
:10F2A8000FFFB2E794F86020A2EB0902D2B284F80B
:10F2B8006020DAF8280000EB090112F0B1F80BF130
:10F2C8000803D3E8EF1F41F00401C3E8E21F002A56
:10F2D800F7D145F30735002D08DB05F01F026D094E
:10F2E8000123934040350B4A42F8253000209DE722
:10F2F8006FF00F009AE76FF00F0097E73F420F009B
:10F3080040420F008C5B0300085F0300141F0300DA
:10F31800C05B030000E100E0F0B583B004461D4681
:10F328000669EFF31187202383F31288BFF36F8FE9
:10F338003368D3F8A40000BBC3F8A4203368C3F82B
:10F34800A01001F06043B3F1005F1DD13368C3F82A
:10F35800A8103368C3F8AC20314620460EF0DBFF16
:10F3680087F31188BFF36F8F20460EF09CFE80B3A1
:10F37800B5F1FF3F10D100202CE087F31188BFF3CF
:10F388006F8F6FF00F0025E033680022C3F8B020BC
:10F3980020460FF031F9DFE73468683425EAE5756F
:10F3A800E917C90341EA5541ED030B4828180B4AF0
:10F3B8004FF0000341F10001F1F736FB02460B461E
:10F3C80000200021CDE90001204609F079FE002047
:10F3D80000E0002003B0F0BD3F420F0040420F00A4
:10F3E80070B50446056943681E68286800220A4902
:10F3F800083011F095FF2B68DC6328680022074964
:10F40800683011F08DFF2B68C3F89C40044BC6F898
:10F418000433002070BD00BF65E7020061E502000B
:10F4280014020A0038B505460C4601F10C0002F03A
:10F4380009F90C4B98420DD105F10C0205F59071B4
:10F44800207B0FF0FBFE237B0120984002F0C4F8DC
:10F45800002038BD044A012104480CF007F86FF079
:10F468000400F6E70000AD0BDC5B0300AC1B0300F7
:10F4780038B5044645680121E8680EF00AFF63685C
:10F488001A682B69C2F824356B7DA97D0B43298B3B
:10F498000B43297D0B43C2F86C3523691B6823B1E4
:10F4A8002046FFF79DFF002803DB20460FF092F966
:10F4B80000B138BD024920460EF095FDF9E700BFBE
:10F4C80085E30200144B984216D2144B984215D289
:10F4D800134B984214D2134B984213D8124B9842AC
:10F4E80012D8124B984211D8114B984210D8114B90
:10F4F80098420FD910487047074870470748704727
:10F50800074870470D4870470D4870470D487047C9
:10F518000D4870470D4870470048E8010024F40082
:10F5280000127A00FF083D007F841E003F420F0052
:10F538001FA107008FD0030090D0030000093D00F1
:10F5480080841E0040420F0020A1070048E8010007
:10F5580010B543681C68012303FA01F10C4204D07A
:10F568009AB18368DB68984710BD0A4C40F264631F
:10F578002246094909480BF06EF909480BF06BF966
:10F5880040F2646120460BF05DF983681B69984777
:10F59800EAE700BF705C0300A45C0300141F0300CB
:10F5A800E45C030038B5436805691C6801238B4097
:10F5B8001C4208D02C68234202D0B2FA82F25209C7
:10F5C800FFF7C6FF38BD084C40F28D632246074955
:10F5D80007480BF040F907480BF03DF940F28D6100
:10F5E80020460BF02FF900BF705C0300A45C0300F9
:10F5F800141F0300E45C030038B505460468204680
:10F608000FF0C8F940B104F01F032B6064091DD046
:10F61800012C0ED10E4838BD0E4C40F2CA3322469A
:10F628000D490E480BF017F940F2CA3120460BF08D
:10F6380009F9084C40F2D3332246094907480BF030
:10F648000AF940F2D33120460BF0FCF80548E2E70E
:10F6580000288440085903003C590300141F030084
:10F66800085F030000258440F8B586684768046988
:10F6780012F0FC6F33D1134602F03002302A3ED02C
:10F68800504A1A40504DAA4249D003F00602042AB3
:10F6980055D013F4402202D013F4003F5CD0B2F5E9
:10F6A800402F69D013F4801F05D022B113F0010F49
:10F6B80001D083F4402323F480123D684FF0010CFD
:10F6C8000CFA01FC15EA0C0F66D013F0010F73D089
:10F6D80023684CEA0303236033689847F8BD3B4C22
:10F6E80040F2DF3322463A493A480BF0B4F83A4838
:10F6F8000BF0B1F840F2DF3120460BF0A3F8334CA1
:10F7080040F2E2332246354932480BF0A4F8344837
:10F718000BF0A1F840F2E23120460BF093F82B4CA5
:10F7280040F2E63322462F492A480BF094F82E4837
:10F738000BF091F840F2E63120460BF083F8234CA9
:10F7480040F2E9332246294922480BF084F840F276
:10F75800E93120460BF076F81C4C4FF47B732246B7
:10F7680023491C480BF077F822480BF074F84FF443
:10F778007B7120460BF066F8144C4FF47C732246DC
:10F788001D4914480BF067F81C480BF064F84FF457
:10F798007C7120460BF056F80C4C4FF47F732246D0
:10F7A80017490C480BF057F816480BF054F84FF46B
:10F7B8007F7120460BF046F8236823EA0C03236088
:10F7C8008AE700BF0200030002000100705C03002A
:10F7D800F85C0300141F0300585D03007C5D030000
:10F7E800B85D0300F85D0300405E0300905E03000F
:10F7F800C45E03000C5F0300485F03008C5F0300D6
:10F80800A45C0300E45C030070B504460568AB889B
:10F8180013F0010F0FD04FF0FF32134604F1280008
:10F8280006F034FA50BB206C23689B8813F0010F54
:10F8380000D058B370BD00210FF006F9064600212C
:10F8480020460FF00EF9B04238BF30464FF4FA5355
:10F8580003FB00F02B68B0FBF3F0C830410CC00389
:10F8680040F2E733C0184FF47A724FF0000341F1C9
:10F878000001F1F7D9F802460B46CFE7044A012107
:10F8880004480BF0F3FD6FF07300D3E7606ED1E727
:10F89800B85F03009C1B03002DE9F0438DB000AF57
:10F8A80005460C460669D0F80480D8F8089096F802
:10F8B80071301BB13368994200F00181A28812F4BB
:10F8C800006F67D112F0010F6CD112F0080F40F0F1
:10F8D800BD80C2F34512082A40F0C0802268794BE7
:10F8E8009A4240F2C380784B994507D9774BD3F8B1
:10F8F800583513F0030F01D0DFF8CC9107F1080C4D
:10F9080008F10C0EBEE80F00ACE80F00BEE80F00CF
:10F91800ACE80F009EE803008CE803002068484527
:10F9280028BF4846FFF7CEFDF861A38813F0020F01
:10F9380000F0A48013F0040F00F0A580032387F8DB
:10F948002030A38813F0100F00F0A180012387F85E
:10F958002130D8F80030D3F80805B0F1FF3F40F067
:10F96800988096F87130002B40F099802B46584AC1
:10F9780007F10801404603F00FFE564B984240F04D
:10F988009580012386F87130346000203437BD46F5
:10F99800BDE8F083504A012150480BF067FD6FF035
:10F9A8008500F3E729686D4600233B7102237B71CC
:10F9B80088B06C4614F1100211D00E201AB1042838
:10F9C80001DD474B636100233B7002237B709AB1D2
:10F9D800082800DDA16104F11C0300210AE06FF092
:10F9E8000040EBE701F130063E4416F8306C03F8AE
:10F9F800016B01310129F5D90D2824DD0E2342B10F
:10FA08000321397100217971B9710121F97178687F
:10FA1800206100216FF300016FF341016FF3820150
:10FA28006FF3C501012060F38811C3F30A0363F380
:10FA380053216FF31F5100232848F5F735FBAD46D6
:10FA48006FF01500A2E76FF01B03D8E7254A0121E4
:10FA580022480BF00BFD6FF0150097E7224A0121B1
:10FA68001E480BF003FD6FF015008FE71F4A0121B8
:10FA78001A480BF0FBFC6FF0150087E713F0040F32
:10FA880003D001235BE7022359E7002357E700234C
:10FA98005DE7A188C1F340010FF033F861E7404604
:10FAA80003F0C6FD002386F871305FE70346104A6D
:10FAB80001210A480BF0E4FC6FF0040066E700201F
:10FAC80064E700BF47E801000024F400005000404C
:10FAD800C1FB01000000AD0BE05F03009C1B0300AD
:10FAE800FC5F0300206003004060030070600300B7
:10FAF800A46003002DE9F04184B005460469476815
:10FB0800A26D002A49D0236E002B48D0934228BF0B
:10FB18001346002B4BD0616DD4F85C803E8F9E421B
:10FB280000D31E4669B162B101F06043B3F1005FD2
:10FB380007D0082E00D908263246606F11F063FC02
:10FB4800616FE26D5AB1236E4BB108F06043B3F1B7
:10FB5800005F04D0082E00D90826D4F87880E6661D
:10FB6800636DF3B1A36DF3B90193F2B1236E03B9D9
:10FB78001E4603960091CDF8088000226946384653
:10FB880003F0C8FD0B4B984204D06FF004012846DF
:10FB98000EF0F0FF04B0BDE8F081236EB9E713461C
:10FBA800B7E70023E0E73346DEE70026E1E7002178
:10FBB800EDE700BF0000AD0B10B50C690378002B12
:10FBC80053D1E26EC2B1E36D4BB1216E39B1C16858
:10FBD80029B1994203D0A16F184611F014FCE26EC6
:10FBE800A36DA3B19A420DD89B1AA36523B3636D85
:10FBF8006BB1134463650AE06FF07301A06E0EF0F9
:10FC0800B9FF32E0224A012122480BF02FFCE26EB4
:10FC180023689B8813F0010F02D0636E1344636658
:10FC2800236EFBB19A4218D89B1A2366F3B1E36D91
:10FC3800C3B11344E36515E0636C08336364A36CD4
:10FC4800013BA364012304F1580204F1480104F1C3
:10FC580044000EF0B1FE6065D9E70D4A01210D4858
:10FC68000BF004FCA06EFFF745FF10BDE36C0833F2
:10FC7800E364236D013B2365012304F1600204F171
:10FC8800500104F14C000EF097FEE065EAE700BF72
:10FC9800CC6003009C1B03002DE9F04383B00446AD
:10FCA8000D4690461F460669D0F8049000910C9BBB
:10FCB8000B9A9DF8281030460EF080FF2946204602
:10FCC800FFF7EAFD0546E8B9012386F87030D9F850
:10FCD8004010B1F1FF3F1DD101233A46414630465D
:10FCE8000EF081FE0022012130460EF0C7FE2046AC
:10FCF800FFF700FF3046FFF787FD054610F1740F48
:10FD080015D028BB294630460EF044FF284603B0DC
:10FD1800BDE8F08309F144000EF0E9FF10F1740F1B
:10FD2800DAD10E4A02210E480BF0A0FBD4E70027D7
:10FD3800F766484603F07CFC86F871706FF0730133
:10FD480020460EF017FF06F1280006F031F8D9E733
:10FD5800012120460EF0B2FED4E700BFEC6003009C
:10FD68009C1B0300F0B583B000AF054684685BE0D8
:10FD780023681E6821796D4600233B7102237B713D
:10FD88008AB06C4614F1100215D012201AB104285A
:10FD980001DD314B636100233B7002237B70C2B1EC
:10FDA8000346082800DDA6610C2B00DDE16104F1A3
:10FDB800200300210BE06FF00040E7E701F108069F
:10FDC80006EB070C1CF808CC03F801CB013101291C
:10FDD800F4D9112824DD122342B1042139710021FC
:10FDE8007971B9710121F9717868206100216FF387
:10FDF80000016FF341016FF382016FF3C501012028
:10FE080060F38811C3F30A0363F353216FF31F519F
:10FE180000231248F5F748F9AD466FF0120017E0D5
:10FE28006FF01B03D8E70834AB68EA6803EBC2033A
:10FE38009C420CD2206810F035FF002898D04FF46F
:10FE4800B01120460EF065FE0028ECDA00E0002034
:10FE58000C37BD46F0BD00BF186103009C1B0300B2
:10FE6800F8B50546466807690021F06B0EF0CFFE2D
:10FE7800041E12DB316CB1F1FF3F10D1736B984750
:10FE88003846FFF76FFF041E07DB38460EF04CFEBE
:10FE98000E4928460EF06CFD04462046F8BD06F1D2
:10FEA800440000F075F8044610F1130F08D010F163
:10FEB800050FE3D1064A012106480BF0D7FAECE713
:10FEC800054A012103480BF0D1FAE6E79BEC020052
:10FED800686103009C1B03003C61030038B50546BC
:10FEE800046820460EF0E5FE40B104F01F032B60C5
:10FEF80064091DD0012C0ED10E4838BD0E4C40F2BD
:10FF0800CA3322460D490E480AF0A5FC40F2CA3110
:10FF180020460AF097FC084C40F2D33322460949A0
:10FF280007480AF098FC40F2D33120460AF08AFCD0
:10FF38000548E2E700288440085903003C590300BB
:10FF4800141F0300085F030000258440F0B583B048
:10FF580001900C4617461E4601A8FFF7BFFF0199FE
:10FF6800803150F82130094D1D4044EA470444EAE5
:10FF780086039DF8202043EA02239DF8242043EAC3
:10FF880002432B4340F8213003B0F0BDF0F0FCFFF2
:10FF980030B587B004460D4601238DF8173002238B
:10FFA8008DF80C300DF1160104910DF11703009333
:10FFB80003AB0193002302930FF070FC0C4B9842A3
:10FFC80012D16A46294620460FF048FC084B984251
:10FFD80002D1002007B030BD9DF8161020460FF062
:10FFE80059FC6FF00400F5E76FF01200F2E700BF6C
:08FFF8000000AD0B10B54368D9
:020000040002F8
:100000001C68012303FA01F10C4204D09AB1836801
:10001000DB68984710BD0A4C40F2646322460949E8
:1000200009480AF01CFC09480AF019FC40F2646116
:1000300020460AF00BFC83681B699847EAE700BF7B
:10004000705C0300A45C0300141F0300E45C030065
:1000500038B5436805691C6801238B401C4208D0F1
:100060002C68234202D0B2FA82F25209FFF7C6FF8F
:1000700038BD084C40F28D632246074907480AF014
:10008000EEFB07480AF0EBFB40F28D6120460AF0D8
:10009000DDFB00BF705C0300A45C0300141F0300C1
:1000A000E45C030010B582B043681B6801248C40F7
:1000B00023420BD083685B6801A9984720B9019B54
:1000C0001C4214BF0120002002B010BD074C40F2BA
:1000D0000F632246064907480AF0C1FB06480AF0AA
:1000E000BEFB40F20F6120460AF0B0FB705C0300DB
:1000F000A45C0300141F0300E45C030070B5836874
:10010000456806699C69002C72D002F4C003B3F5FF
:10011000C00F1DD063B302F0E863B3F1C86F37D0EE
:1001200002F0C863B3F5800F42D02D6801238B40E5
:100130001D424DD012F4000F04D035682B4201D07F
:1001400082F0C0622C4B134002F0B072A04770BD29
:100150002A4C40F27B33224629492A480AF07FFB89
:1001600029480AF07CFB40F27B3120460AF06EFB06
:10017000224C40F27F332246244922480AF06FFB8A
:1001800023480AF06CFB40F27F3120460AF05EFB08
:100190001A4C40F2823322461E491A480AF05FFB8D
:1001A0001D480AF05CFB40F2823120460AF04EFB0B
:1001B000124C40F289332246184912480AF04FFB8C
:1001C00017480AF04CFB40F2893120460AF03EFB0A
:1001D0000A4C40F29333224612490A480AF03FFB88
:1001E00011480AF03CFB40F2933120460AF02EFB06
:1001F0006FF05700ABE700BF40000006705C0300E3
:100200001C620300141F0300606203008C62030081
:10021000B8620300E462030068630300BC63030088
:1002200008640300A45C0300E45C0300F8B586687E
:100230004768046912F0FC6F33D1134602F03002B4
:10024000302A3ED0504A1A40504DAA4249D003F0BD
:100250000602042A55D013F4402202D013F4003FC2
:100260005CD0B2F5402F69D013F4801F05D022B1C5
:1002700013F0010F01D083F4402323F480123D6872
:100280004FF0010C0CFA01FC15EA0C0F66D013F0CC
:10029000010F73D023684CEA030323603368984747
:1002A000F8BD3B4C40F2DF3322463A493A480AF067
:1002B000D6FA3A480AF0D3FA40F2DF3120460AF083
:1002C000C5FA334C40F2E2332246354932480AF04F
:1002D000C6FA34480AF0C3FA40F2E23120460AF086
:1002E000B5FA2B4C40F2E63322462F492A480AF051
:1002F000B6FA2E480AF0B3FA40F2E63120460AF088
:10030000A5FA234C40F2E9332246294922480AF053
:10031000A6FA40F2E93120460AF098FA1C4C4FF454
:100320007B73224623491C480AF099FA22480AF0B6
:1003300096FA4FF47B7120460AF088FA144C4FF479
:100340007C7322461D4914480AF089FA1C480AF0B9
:1003500086FA4FF47C7120460AF078FA0C4C4FF480
:100360007F73224617490C480AF079FA16480AF0BA
:1003700076FA4FF47F7120460AF068FA236823EA80
:100380000C0323608AE700BF0200030002000100A3
:10039000705C0300F85C0300141F0300585D030049
:1003A0007C5D0300B85D0300F85D0300405E030060
:1003B000905E0300C45E03000C5F0300485F03000F
:1003C0008C5F0300A45C0300E45C030010B518B16B
:1003D00091B14160826010BD0F4C40F2D76322465C
:1003E0000E490F480AF03BFA0E480AF038FA40F27C
:1003F000D76120460AF02AFA074C4FF4DB63224605
:10040000094907480AF02BFA08480AF028FA4FF47D
:10041000DB6120460AF01AFA705C0300C058030042
:10042000141F030050640300645903007864030040
:1004300070B504460568AB8813F0010F0FD04FF07C
:10044000FF32134604F1280005F024FC50BB206C59
:1004500023689B8813F0010F00D058B370BD0021B2
:100460000EF0A2FC0646002120460EF0AAFCB04287
:1004700038BF30464FF4FA5303FB00F02B68B0FB53
:10048000F3F0C830410CC00340F2E733C0184FF41A
:100490007A724FF0000341F10001F0F7C9FA024609
:1004A0000B46CFE7044A012104480AF0E3FF6FF04E
:1004B0007300D3E7606ED1E7B85F0300A41B0300AD
:1004C000B0B582B000AF446802691368994200F089
:1004D000A8808B8813F4006F24D113F0010F29D06A
:1004E00013F0080F7AD1C3F34513082B7ED18B6824
:1004F000002B40F08380116020688B8813F0020F7E
:1005000000F0848013F0040F00F08580032113F0C5
:10051000100F00F0848001220EF01FFC002008372D
:10052000BD46B0BD404A012140480AF0A3FF6FF02C
:100530008500F4E701686D4600233B7102237B715F
:1005400088B06C4614F1100211D00E201AB10428A4
:1005500001DD374B636100233B7002237B709AB14E
:10056000082800DDA16104F11C0300210AE06FF0FE
:100570000040EBE701F1080CBC441CF808CC03F880
:1005800001CB01310129F5D90D2824DD0E2342B11B
:100590000321397100217971B9710121F9717868EC
:1005A000206100216FF300016FF341016FF38201BD
:1005B0006FF3C501012060F38811C3F30A0363F3ED
:1005C00053216FF31F5100231848F4F771FDAD4616
:1005D0006FF01500A3E76FF01B03D8E7154A012160
:1005E00012480AF047FF6FF0150098E7124A012100
:1005F0000E480AF03FFF6FF0150090E70F4A012107
:100600000A480AF037FF6FF0150088E713F0040F6F
:1006100003D001217BE7022179E7002177E700225F
:100620007AE700207BE700BFE05F0300A41B030024
:10063000A86403002060030040600300CC64030052
:1006400030B583B08446069C4068DCF81050B0F8A2
:1006500028C094450BD3A44509D3EB65009403F05F
:1006600057FA094B98420CD1002003B030BD0094DA
:100670001346064A012106480AF011FF6FF01500E3
:10068000F3E76FF00400F0E70000AD0BF464030043
:10069000A41B03002DE9F04F83B004460E461D460F
:1006A0000769D0F804809246002A6FD0D2F80090F3
:1006B000002D6DD0D5F800B000960E9B0D9A9DF8D8
:1006C000301038460EF008FC31462046FFF7F8FEA1
:1006D0000646002852D1BAF1000F03D0DAF80430F0
:1006E000012B57D815B16B68012B53D8B9F1000F06
:1006F00009D0D9F8043033B1D9F8003003F06043A1
:10070000B3F1005F4ED1D8F8303043B1414638469E
:100710000EF001FCD8F800300222C3F80025B9F130
:10072000000F47D0D9F80010D9F80420BBF1000F12
:1007300043D0DBF80030DBF8040000902046FFF7E0
:100740007FFF064690B9D8F8300058B1002298F8DB
:100750003410FFF753FC012298F83410D8F8300019
:10076000FFF74CFC3846FFF763FE0646D8F83030FA
:1007700023B1D8F800300022C3F8002531463846AE
:100780000EF07AFB304603B0BDE8F08F91468FE75C
:10079000AB4691E70A4A01210A480AF06BFE6FF066
:1007A0008506EBE7084A012106480AF063FE6FF070
:1007B0008506E3E749460022B8E75B460020BCE730
:1007C00018650300A41B03003C6503002DE9F041FC
:1007D00082B000AF0446456806690346454A05F104
:1007E0000801284603F03AF9434B98422BD12B6875
:1007F0000022C3F80025286BD0B110F057FA00286A
:1008000075D03E4905F130000EF010FB002816DBD4
:1008100006F1840895F8343001229A403849404660
:10082000FFF7D4FD4146286B0EF08DFA002806DB59
:1008300030460EF006FB334920460EF0A3FA083787
:10084000BD46BDE8F08121686D4600233B7102235F
:100850007B7188B06C4614F1100211D00E201AB1D1
:10086000042801DD284B636100233B7002237B7069
:100870009AB1082800DDA16104F11C0300210AE0FF
:100880006FF00040EBE701F108063E4416F8086CF3
:1008900003F8016B01310129F5D90D2824DD0E2360
:1008A00042B10321397100217971B9710121F971C6
:1008B0007868206100216FF300016FF341016FF34D
:1008C00082016FF3C501012060F38811C3F30A03AD
:1008D00063F353216FF31F5100230C48F4F7E8FB37
:1008E000AD466FF00F00AAE76FF01B03D8E76FF07B
:1008F0001200A4E7BFEE02000000AD0B06000B00E3
:10090000A1EE0200B5EF020068650300A41B03001E
:1009100021F07F4100F5A870014B43F8201070478B
:10092000005001404FF480338340024AC2F8443300
:10093000704700BF005001404FF480338340024AAB
:10094000C2F84833704700BF00500140014BD3F854
:1009500004057047005001402DE9F84305468946DB
:100960009046FFF7E9FF28460EF09EFB4E46032710
:1009700010E0FFF7EBFF044649460EF084FBB0F5AC
:10098000000F26D928460EF08FFBB8F1000F22D1B8
:100990003E19013731462846FFF7BAFF2846FFF7D0
:1009A000C1FFFFF7D3FF0446C11C30460EF06BFBBE
:1009B0000A4B98420AD928460EF069FB0028D8D184
:1009C000B8F1000FE4D06FF0150000E00020BDE8A2
:1009D000F8830020FBE76FF01500F8E7FDFF7F00CC
:1009E000034B044AC3F80823C3F84823704700BFE9
:1009F0000050014003000F00B1F5805F02D2C0F843
:100A00000815704710B5064C4FF4DF7322460549B0
:100A1000054809F024FF4FF4DF71204609F016FF66
:100A20000466030038660300141F03004FF480338C
:100A30008340124AD2F80423134201D100207047A8
:100A400010B5044601238340DB430D49D1E8EF2F65
:100A500002EA0300C1E8EC0FBCF1000FF6D122FA64
:100A600004F313F0010F03D120460EF010FB18B170
:100A700020460EF019FB012010BD00BF00500140C0
:100A800068A1002010B5012383406FEA030C0C4AD3
:100A9000D2E8EF1F01EA0C0EC2E8E4EF002CF7D118
:100AA0004FF4803282400748C0F80823BFF35F8FBD
:100AB000BFF36F8F0B4214BF0120002010BD00BF99
:100AC0006CA100200050014038B51446104619466C
:100AD0000EF0F6FA02460D490B68E01A1B184C6836
:100AE00044F100040B604C60A2F50013B3F5400F15
:100AF00009D2074B1B68190A1B06D41841F10005DF
:100B0000044BC3E9004508F0ADF838BD2899002032
:100B100070A100203099002001B970470123834063
:100B20000D4AD2E8EFCF4CEA030CC2E8E1CF00292E
:100B3000F7D14FF480338340084AC2F80433084B9E
:100B4000D3E8AF3FC34013F0010FE6D0054B4FF49D
:100B50000012C3F80021E0E76CA100200050014022
:100B600068A1002000E100E038B50D4B1C68250AA3
:100B70002406BFF35F8FFFF7E9FE0346001945F136
:100B80000001B3F5801F0AD2064BD3E9002390423F
:100B900071EB030303D210F1807041F1000138BD05
:100BA00070A10020309900202DE9F04782B0044662
:100BB000FFF73CFF10B902B0BDE8F087FFF7D4FFA4
:100BC00082460D460EF07FFA0646154B03EB0413E2
:100BD000D3E90289C24575EB09050BD200253046E1
:100BE0000EF079FA002DE6D0009742464B4620469B
:100BF000A847E0E70A4A230102EB0411D5584F68E1
:100C00000020D0504FF0FF324FF0FF33C1E90223F4
:100C10002046FFF791FE20460EF046FADFE700BFC0
:100C20001899002010B50D4BD3F8043313F0020FC0
:100C300003D10024002C0BDD10BD022107480EF06B
:100C4000ECF90028F5D0064A136801331360F0E789
:100C50002046FFF7A9FF0134ECE700BF0050014038
:100C600070A100202DE9F041064614461D469DF86E
:100C70002080104619460EF023FA0746FFF774FF4E
:100C8000A04271EB050319D2201A65EB01011B4B41
:100C9000984271F100012BD2194B03EB0613D3E9F3
:100CA0000223AB4208BFA24201D1002014E0424619
:100CB00039463046FFF750FE70B117E0B8F1000F2B
:100CC00019D10123B3400F4AD2E8EF0F1843C2E80D
:100CD000E10F0029F8D10020094B320103EB061681
:100CE000C6E9024506999950079B7360BDE8F081FB
:100CF0006FF01500FAE76FF01500F7E701008000CC
:100D00001899002068A1002030B585B0FFF768FE73
:100D100000211E48FFF770FE0023002B25DD1B4C31
:100D20000225C4F804531A4B4FF40012C3F8802173
:100D3000002201211520F5F71DFB15200AF0BAFC51
:100D40000123A3602360134A1360002402940194DA
:100D5000114B0093114A002320460EF0C1F928469A
:100D6000FCF7F8FD204605B030BD0D4A02EB03123A
:100D70004FF0FF304FF0FF31C2E902014FF48032F3
:100D80009A400249C1F804230133C6E700500140EC
:100D900000E100E06CA10020C90A0200FFFF7F0013
:100DA0001899002010B584B0B0F1FF3F18D0012889
:100DB0001BDD154B9842A8BF18460446134B012271
:100DC0001A70FFF7D1FE124B1A685B68801AB0F5F3
:100DD000000F0CD20444B4F5000F09D30A4C07E00D
:100DE0000A4B00221A70084CEBE70124E6E7064C98
:100DF00000201219029001900649009143F100036E
:100E00000EF06EF904B010BDFFFF7F00ACA500200E
:100E100028990020C90A020008B5FFF7A5FE024B79
:100E20001B68C01A08BD00BF28990020024B18603B
:100E3000024B196000207047F4880020F0880020E1
:100E400008B54FF40071024808F006FD08BD00BF68
:100E500074A1002010B5284B5C6D284A0121284858
:100E60000AF008FB14F4805F10D1162014F4006F10
:100E700013D114F4007F17D114F4806F27D114F428
:100E8000807F2BD114F4005F2FD110BD1D4A0121AA
:100E90001B480AF0EFFA1720E8E71B4A012118481F
:100EA0000AF0E8FA1820E4E7184A012114480AF089
:100EB000E1FA174B9B6B14F4004F01D11920DBE7CB
:100EC000144A01210E480AF0DFFA1920D4E7124A29
:100ED00001210B480AF0CEFA1A20D0E70F4A01216F
:100EE00007480AF0C7FA1B20CFE70D4A0121044842
:100EF0000AF0C0FA1C20C8E774A30020E82D030004
:100F00007C1B0300002E0300702C0300142E030032
:100F100000ED00E0302E0300482E0300642E030095
:100F2000D42C030038B52C4DEC6D2C4A01212C48F3
:100F30000AF0A0FAAB6E14F0400F16D114F0010FB6
:100F400019D114F0020F1DD114F0040F21D114F0A7
:100F5000080F25D114F0100F29D114F0200F2DD136
:100F600014F0800F31D125200BE01E4A01211C48CE
:100F70000AF08AFAE2E71C4A012119480AF07AFAD3
:100F8000262038BD194A012115480AF073FA272096
:100F9000F7E7174A012112480AF06CFA2820F0E717
:100FA000144A01210E480AF065FA2920E9E7124A9D
:100FB00001210B480AF05EFA2A20E2E70F4A0121DC
:100FC00007480AF057FA2B20DBE70D4A01210448B5
:100FD0000AF050FA2C20D4E774A3002074660300B2
:100FE0007C1B030090660300A0660300B866030044
:100FF000D8660300F4660300146703002C6703003F
:101000004867030010B5124BDC6E124A01211248EA
:101010000AF030FA14F0020F07D114F0010F0AD1D0
:1010200014F0040F0DD1132010BD0C4A01210A4801
:101030000AF020FAF1E70A4A012107480AF01AFAF1
:10104000EEE7084A012104480AF014FAEBE700BF72
:1010500074A300205C6703007C1B03007867030017
:10106000A8670300D867030090B583B000AF0F29CD
:1010700023DC2F4C103900233B7102237B718AB093
:10108000EC461CF110021AD0122022B1042802DD15
:10109000284BCCF8143000233B7002237B70E2B164
:1010A0000346082801DDCCF818400C2B01DDCCF8F4
:1010B0001C100CF1200300210DE01F4CDAE76FF04B
:1010C0000040E2E701F1080404EB070E1EF808EC0B
:1010D00003F801EB01310129F4D9112824DD122391
:1010E0004AB10421397100217971B9710121F97175
:1010F0007868CCF8100000216FF300016FF3410114
:101100006FF382016FF3C501012060F38811C3F30F
:101110000A0363F353216FF31F5100230748F3F7CA
:10112000C7FF0C37BD4690BD6FF01B03D8E700BF6B
:10113000DC2B0300102C0300F42B03007C1B0300AA
:1011400010B5074907480EF02BF8044608B92046A9
:1011500010BD0346044A012104480AF095F9F6E758
:10116000B111020074A300200C6803007C1B030073
:1011700038B50C4600F008050C4B196F20460DF0F1
:10118000E7FF4DB9E369C3F308025AB96FEA532385
:101190006FEA4323E36105E0E36923F4FF7323F07F
:1011A0000103E3612146F4F725FC38BD74A3002058
:1011B00010B588B0184B1B78F3B1174B5A6A0092E0
:1011C0009A6A0192DA6A02921A6B03925A6B04923B
:1011D0009A6B0592DA6B06921A6C0792D86C20F023
:1011E00005001B6D13F0020F01D040F004006946AA
:1011F000FFF7BEFF08B010BD084C4FF492732246B3
:101200000749084809F02BFB074809F028FB4FF471
:101210009271204609F01AFB74A30020486803006D
:101220007C680300141F03008C6803002DE9F04361
:10123000A3B00446884617461E460FF028FF20B983
:10124000154B1B78FBB1002500E00125A9463DB9EF
:101250004FF0FF324FF0FF33104804F00DF9A0B902
:1012600068460AF025FA2A9B324639464046A0478E
:10127000044668460AF01DFAB9F1000F08D020466E
:1012800023B0BDE8F0830125E0E76FF08304F6E7C3
:10129000024804F009FAF2E7ADA50020908A002088
:1012A00010B50DF094FF08B9002010BD064C5D2369
:1012B00022460649064809F0D2FA064809F0CFFA54
:1012C0005D21204609F0C2FAB8680300FC680300FB
:1012D000141F03002C69030000B589B00790002398
:1012E000039304930593069307AB0393042304939A
:1012F000A1B10B46096805915B68069302237AB198
:1013000001210191009203AA40F2F531064800F054
:10131000FFF8002806DB09B05DF804FB0123EEE7C7
:101320000021EEE70120F6E7050100402DE9F0433A
:101330009BB007460E4615461C460DF128094FF096
:10134000400842460021484610F088F840F2032346
:10135000ADF85030CDF81090CDF8148006971C23CE
:10136000079308960995029404230393012301939C
:1013700002AB0093032304AA0021034800F0C8F83D
:101380001BB0BDE8F08300BF0001004070B594B011
:10139000044604AE40252A460021304610F05EF88F
:1013A00004944FF40173ADF8383002960395002190
:1013B00001910091012302AA024800F0A9F814B09B
:1013C00070BD00BF000100402DE9F04196B0044619
:1013D0000E4615460DF1180840273A4600214046B2
:1013E00010F03CF8069607952368089340F20243F4
:1013F000ADF84030CDF81080059702940423039394
:101400000123019302AA009204AA0021024800F0DD
:101410007FF816B0BDE8F081000100402DE9F041F1
:1014200096B006460D4614460DF1180840273A4678
:101430000021404610F012F83368089340F204434C
:10144000ADF84030CDF8088003970495059400214D
:1014500001910091022302AA024800F059F816B047
:10146000BDE8F081000100402DE9F04399B0044649
:101470000F4616461D460DF120094FF04008424622
:10148000002148460FF0EAFF23680A9340F2054323
:10149000ADF84830CDF81890CDF81C8002940423A4
:1014A0000393049705960223019302AB0093012353
:1014B00006AA0021034800F02BF8059B2B6019B009
:1014C000BDE8F08300010040F0B597B005460C463A
:1014D00006AF40263246002138460FF0BFFF4FF4DA
:1014E0008073ADF84030049705960295039414B9C3
:1014F000002017B0F0BD0123019302AA009204AAB4
:101500000021024800F004F8F3E700BF00010040AA
:1015100010B582B0059CB1F5004F17D2042B18D836
:10152000042C19D889B21B0603F0E06C41EA0C0CBC
:10153000240404F4E024049B009313464CEA0402C0
:1015400001460748FFF772FE02B010BD6FF0800041
:10155000FAE76FF08000F7E76FF08000F4E700BF74
:1015600021BC000010B50468ACB1B4FA84F3C3F137
:101570001F03DBB201229A4024EA0202D0E8EFCF37
:10158000A44504D1C0E8EE2FBEF1000FF6D1EAD198
:101590000B70024810BD0248FCE700BF0000AD0B15
:1015A0000200AD0B0368CB4013F0010F11D100B561
:1015B000026801238B401343D0E8EFCF944504D158
:1015C000C0E8EE3FBEF1000FF6D1F1D102485DF860
:1015D00004FB0248704700BF0000AD0B0400AD0BD8
:1015E000014BC3F8040570470070014021B140F081
:1015F0000040C1F88000704710B5054C48232246D2
:101600000449054809F02BF94821204609F01EF944
:10161000B0690300F0690300141F030021B140F01A
:101620000040C1F88000704710B5054C4E2322469B
:101630000449054809F013F94E21204609F006F93E
:10164000B0690300F4690300141F030008B50146E4
:1016500001480DF022FE08BDFC8800200346032946
:1016600029D8DFE801F0020D1823D3F81804C0F3DD
:10167000004072B3D3F8183403F0030313707047BB
:10168000D3F80C04C0F300401AB3D3F80C3403F0C1
:10169000010313707047D3F85C04C0F30040C2B17B
:1016A000D3F85C3403F0010313707047D3F854048B
:1016B000C0F30040704710B5064C40F2EE4322469E
:1016C0000549064809F0CBF840F2EE41204609F002
:1016D000BDF87047C4530300085F0300141F0300E4
:1016E00070B582B0064603280FD8DFE800F01B373C
:1016F000020824224FF492734FF4007016E01C226B
:101700004FF490734FF4807010E0224C4FF48673C6
:1017100022462149214809F0A2F84FF4867120465B
:1017200009F094F80C224FF4827302201C49C1F88E
:10173000080302F1804202F5A0420121116003F189
:10174000804303F5A04300221A601B688DF8071040
:101750008E4208D0002542F210740CE004224FF4AF
:1017600080730120E2E70DF10705F4E701200DF099
:1017700065FD013C0BD02A4631460948FFF76EFF54
:1017800028B1002DF2D09DF80730012BEED002B029
:1017900070BD00BFF8690300085F0300141F030059
:1017A00000500040054B1B792BB9044B18600122F7
:1017B0001A71034870470348704700BFE8A3002030
:1017C0000000AD0B0C00AD0B10B5104B1B797BB1BD
:1017D0000E4B1B680BB10DF041FD0DF03DFD0C4BA8
:1017E000C3F818050122C3F81425C3F8802510BDDD
:1017F000084C4FF4B67322460749084809F02FF801
:101800004FF4B671204609F021F800BFE8A300208C
:1018100000500040F8690300386A0300141F0300F9
:1018200010B582B04A4B1B792BB103285CD8DFE896
:1018300000F00F688155474C40F2C11322464649DB
:10184000464809F00CF840F2C111204608F0FEFFAE
:10185000434BD3F81824D3F8183403F003038DF85E
:10186000073012F4803F13D13D4BD3F8143413F0FA
:10187000010F12D10DF0F0FC8DF807009DF8072044
:10188000374BC3F8182508224FF4827302203CE03E
:101890000DF107000DF0ECFCF0E7314BD3F81C34F0
:1018A00003F003038DF807300DF107000DF0E0FCA5
:1018B0000028E3D0264B1B6823B1294B0222C3F832
:1018C000042335E0264BD3F80431002BFAD0244B07
:1018D0000022C3F80421D3F8043129E018224FF480
:1018E00090734FF4807010E01A4C40F21D23224692
:1018F0001C491A4808F0B3FF40F21D21204608F0A9
:10190000A5FF00224FF48073012003F1804303F50B
:10191000A04300211960196802F1804202F5A0423B
:10192000012111600A4A126852B10D4BC3F8040339
:1019300002B010BD20224FF492734FF40070E4E720
:101940001A68002AFCD000221A601B68F0E700BF6A
:10195000E8A30020F8690300386A0300141F03009D
:1019600000500040085F030010B5094B1B7913B10C
:10197000FFF7B6FE10BD074C40F23723224606495A
:10198000064808F06CFF40F23721204608F05EFF61
:10199000E8A30020F8690300386A0300141F03005D
:1019A00010B5284BD3F8044309E03AD9B2F5807F4B
:1019B00002D0B2F5007F36D1234B1B689847002C2C
:1019C0003ED0B4FA84F0C0F11F00012282408300AF
:1019D0009BB203F580739BB2C0B292B224EA0204B8
:1019E00003F1804303F5A04319680029E7D00021E3
:1019F00019601B68134BC3F80823022AD5D1114B79
:101A0000D3F81814D3F8183403F00303012BD3D1FF
:101A10000C4B0221C3F81815C3F8042301229A6065
:101A2000CDE7012AC8D0094C4FF46F73224608490C
:101A3000084808F014FF4FF46F71204608F006FFC5
:101A400010BD00BF00500040E8A30020F86903006B
:101A5000085F0300141F030008B50079024B03EB75
:101A60000010FFF77FFD08BD0489002000B583B09A
:101A700084468E460C4B93E8030002AB03E9030057
:101A8000634609E002A901EB830151F8081C086ACA
:101A900042F8040B086201330CEB0E009842F1D8B7
:101AA00003B05DF804FB00BF781C03004309034A40
:101AB000D35C00F01F001844C0B27047DC6B030019
:101AC00000487047F0A3002000487047F46B030003
:101AD00030B583B005460191002400E00134012CAB
:101AE00018D80E4B1B5D03F0070202A901EBD303CC
:101AF00013F8043CD34013F0010FEFD005EB840240
:101B000001212046FFF7B2FF55F82430002BE5D025
:101B1000012000E0002003B030BD00BFEC6B0300EB
:101B200038B50546046820460DF010FC40B104F0BD
:101B30001F032B6064091DD0012C0ED10E4838BD47
:101B40000E4C40F2CA3322460D490E4808F087FE7B
:101B500040F2CA31204608F079FE084C40F2D333F7
:101B600022460949074808F07AFE40F2D331204660
:101B700008F06CFE0548E2E700288440085903009D
:101B80003C590300141F0300085F03000025844034
:101B90002DE9F04184B005460C4616461F4608461E
:101BA000FFF784FF804656B3214628460DF02FFCF0
:101BB00028B1214628460DF0EAFB002843D12146F2
:101BC00028460DF0F3FB10B17378012B3BD00123B5
:101BD0008DF80F30002301930096B31C721C0DF199
:101BE0000F0120460DF0CEFC2879FFF769FF08F1C0
:101BF000080230F8123043F0030320F81230002FAF
:101C00003BD0214628460DF002FC002837D13E7813
:101C10002B6806F5A272002143F8221043F8221027
:101C20002879FFF74DFF08F1080230F8123023F051
:101C30002003DB04DB0C20F812307B782BB9114831
:101C400004B0BDE8F0811048FAE7BA780092224665
:101C5000314628680DF03EFB2879FFF731FF024638
:101C600008F1080032F810307603B6B2334343F07F
:101C7000200322F810300348E2E70248E0E7024878
:101C8000DEE700BF0000AD0B0400AD0B00B583B074
:101C9000019001A8FFF744FF019A803250F822100A
:101CA000044B0B4043F0020340F8223003B05DF8D0
:101CB00004FB00BFF0F0FCFF70B59AB105460C467E
:101CC00016460DF064FBD0B12879FFF7F9FE054602
:101CD0002046FFF7EBFE083035F810305B0B337011
:101CE00008480DE0084C40F24D33224607490848A9
:101CF00008F0B5FD40F24D31204608F0A7FD05483B
:101D000070BD00BF0000AD0B586A0300986A030065
:101D1000141F03000400AD0B072803D8800000F552
:101D20008070704710B5064C40F2D1332246054909
:101D3000054808F094FD40F2D131204608F086FDB8
:101D4000A46A0300DC6A0300141F0300F8B504460C
:101D50000D4616460DF02AFBE0B1294620460DF04F
:101D600016FB20B1294620460DF051FBF8B9236837
:101D7000D3F80423002A03DB4FF00042C3F8042306
:101D80008EB3294620460DF0DFFB014628460DF0B4
:101D900054FCF8BD1A4C40F25343224619491A48E4
:101DA00008F05DFD40F25341204608F04FFD294602
:101DB00020460DF035FB05462768FFF7ADFF0023F1
:101DC0003B503B58226805F5A27152F8213043F090
:101DD000010342F82130002EDBD022680123AB4002
:101DE000C2F80433D5E7064C40F26D43224607495A
:101DF000054808F034FD40F26D41204608F026FD0C
:101E0000586A0300546B0300141F0300786B03002F
:101E100038B505460C4608460DF098FA88B12146BB
:101E200028460DF0F4FAC8B1214628460DF0BEFA56
:101E300008B3214628460DF0AAFA48BB4FF4BE70FD
:101E400038BD174C40F21E2322461649164808F0AA
:101E500006FD40F21E21204608F0F8FC104C40F22E
:101E60001F2322461149104808F0F9FC40F21F21B7
:101E7000204608F0EBFC0A4C4FF4087322460C494C
:101E8000094808F0ECFC4FF40871204608F0DEFC2D
:101E9000214628460DF0C4FAFFF73EFFD0E700BF09
:101EA000586A0300E86A0300141F0300846B0300F0
:101EB000546B030008B50079024B03EB8000FFF779
:101EC00051FB08BD1489002070B505460846FFF790
:101ED000EDFD04462879FFF7F3FD04F1080330F81F
:101EE000133013F4807F0BD0C3F34326083423F45C
:101EF000F85320F81430314628460DF0A4FA00B10A
:101F000070BD2879FFF7DCFD002340F836302879D2
:101F1000FFF7D6FD31467830FFF744FB074B984278
:101F2000EED0074C40F2EB1322460649064808F073
:101F300096FC40F2EB11204608F088FC0000AD0B47
:101F4000586A030098590300141F03002DE9F0415B
:101F500082B00546884616461F46FFF7B5FFAEB36A
:101F60003A46314628460DF08BFA041E20DB2879CC
:101F7000FFF7A6FD40F834602879FFF7A1FD00EBDC
:101F8000C40047602879FFF79BFD05464046FFF7F0
:101F90008DFD083035F81030E4B26402A4B223435A
:101FA00043F4807325F81030094802B0BDE8F08191
:101FB0002879FFF785FD0DF107017830FFF7D2FA98
:101FC000034B9842F1D19DF80740D0E70048ECE779
:101FD0000000AD0B2DE9F04784B006460C46904654
:101FE0000846FFF763FD07463079FFF769FD0546B0
:101FF000D8F80090B9F1000F21D0214630460DF0FD
:10200000F5F9002843D100238DF80E308DF80F30FC
:10201000019300934B460DF10F020DF10E01204686
:102020000DF0B0FA07F1080235F8123023F0020380
:102030009BB225F8123043F0010325F81230D8F88E
:102040000430BBB193F80090D3F804A02146304689
:102050000DF0BDF9E8B1BAF1000F61D1083735F8DC
:10206000173023F01C039BB225F8173043EA89038D
:1020700025F81730D8F80820002A55D05368126880
:1020800021463046FFF762FF04B0BDE8F0872748DD
:10209000FAE707F1080235F8123023F02003DB04D9
:1020A000DB0C25F81230BAF1000FD7D0B9F1030FCD
:1020B00038D8D8F804305B6893F800A0B9F1000F65
:1020C00008D133680AF5A27A002243F82A2043F89F
:1020D0002A20C3E748460DF0A2F9034631680AF505
:1020E000A27C51F82C2022F0030241F82C20224639
:1020F000514630680DF0D5F80AF13C0305EB430377
:102100009C8007F1080235F812304FEA4A3A1FFA6C
:102110008AFA43EA0A0343F0200325F812309DE7C8
:102120000248B1E70148AFE70148ADE70400AD0B55
:102130000000AD0B38B505460C460DF019F908B98D
:10214000074838BD214628460DF087FA2146284623
:102150000DF019FB2046FFF799FD0248F1E700BF9B
:102160000400AD0B0000AD0B08B50079024B03EB8A
:102170008000FFF717FA08BD14890020F0B583B07E
:1021800004460068194B98420AD10E462079FFF7A1
:1021900097FC054690F88C307BB1154803B0F0BD34
:1021A000144C40F25E3322461349144808F057FBA2
:1021B00040F25E31204608F049FB602200211030D9
:1021C0000FF04CF927682079FFF77EFC0368009335
:1021D000002332464FF0004138460DF0F6FA012355
:1021E00085F88C30AB670648D8E700BF00F00240A6
:1021F0000C00AD0B586A0300A46B0300141F03000E
:102200000000AD0B2DE9F04782B081460F469046A5
:1022100000230093019351686846FFF759FC4CE096
:1022200094FAA4F4B4FA84F404F01F05254B9B5DE2
:1022300045EA43152846FFF739FC083037F810A067
:10224000CAF3820A0DEB8603E00804F007041A5C67
:102250000121A14022EA01021A5428460DF020FA79
:1022600003465246294638460DF029FA28460DF015
:102270005CFA02AB03EB860353F8084C002CCFD179
:102280000136012E0DD8104B9B5D08F10402D908D0
:1022900003F00703525C22FA03F313F0010FEFD0AF
:1022A000E7E700224FF0004148460DF04BFAD8F81E
:1022B00004106846FFF70CFC08B10026E1E702B005
:1022C000BDE8F087F06B0300EC6B0300F8B5044643
:1022D0000E461148081A114BA3FB00304009FFF7C6
:1022E000F3FB0746D4F80413C9B2026841F0004179
:1022F00020460DF027FA051E05DB2A46314620460A
:102300000DF08EFAF8BD3A4631462046FFF77AFFC7
:1023100025F00045F1E700BFF0A30020398EE33837
:1023200008B502490248FFF7D1FF08BDF0A300201D
:1023300000F002400F2803D8800000F5807070473D
:1023400010B5064C40F2172322460549054808F00F
:1023500086FA40F21721204608F078FAF459030073
:10236000285A0300141F030038B531B114460D4636
:102370000C4B1B7963B10C4838BD0C4C37232246FB
:102380000B490C4808F06BFA3721204608F05EFA3A
:102390002A2009F08FF9034B01221A711D609C60FD
:1023A0000548E9E780A400200C00AD0BFC6B03009E
:1023B00064590300141F03000000AD0B10B530B1C9
:1023C00002461E4B1B79012B0CD100231EE01C4C36
:1023D0004A2322461B491C4808F041FA4A2120465C
:1023E00008F034FA164C4B2322461849164808F0D8
:1023F00036FA4B21204608F029FA52F8234003F51B
:10240000A270134941F820400133DBB20F2BF4D9FD
:1024100000230AE003F1100152F8214003F5B270E5
:102420000B4941F820400133DBB20F2BF2D9D2F82F
:102430008020074BC3F8042310BD00BF80A40020F8
:10244000FC6B0300386C0300141F0300446C030092
:1024500000A002400A4B1B79012B05D101238340C8
:10246000084AC2F80433704710B5074C7A23224655
:102470000649074808F0F3F97A21204608F0E6F902
:1024800080A4002000A00240FC6B0300446C030009
:10249000141F03000A4B1B79012B05D10123834034
:1024A000084AC2F80833704710B5074C8223224609
:1024B0000649074808F0D3F98221204608F0C6F9FA
:1024C00080A4002000A00240FC6B0300446C0300C9
:1024D000141F030038B5104BD3F80C4303E00F4A28
:1024E000916828469847ACB194FAA4F5B5FA85F5F9
:1024F0000123AB4024EA03042846FFF71BFF00F149
:10250000804000F5283000230360044B1B68002B3B
:10251000E5D1E8E738BD00BF00A0024080A400205C
:10252000024B0022C3F88425704700BF009003408F
:10253000024B0122C3F88425704700BF009003407E
:10254000024B0222C3F88425704700BF009003406D
:10255000044BD3F8003413F0010FF9D00160BFF33E
:102560005F8F70470090034010B504460DF0B0F93E
:1025700084420CD3104C40F2071322460F491048F6
:1025800008F06DF940F20711204608F05FF9204687
:102590000DF0A7F908B90B4810BDFFF7D1FF4FF0B8
:1025A000FF332360084BD3F8003413F0010FF9D048
:1025B000FFF7B6FF0548EFE7706C0300CC6C030033
:1025C000141F03000A00AD0B009003400000AD0B88
:1025D00038B504460D460DF07BF984420CD3134CFC
:1025E00040F2951322461249124808F038F940F299
:1025F0009511204608F02AF914F0030F08D1FFF7CF
:1026000097FF29462046FFF7A3FFFFF789FF38BD54
:10261000064C4FF4CB7322460749064808F01FF9D1
:102620004FF4CB71204608F011F900BF706C030025
:10263000E86C0300141F0300046D03000022064B26
:1026400083F83820054B0121C3F808131961C3F83A
:102650000025C3F8002170478CA4002000B0024080
:10266000094BD3F8B83513F0030F08D1064BD3F854
:10267000583503F00303012B03D0012070470120DC
:1026800070470020704700BF0050004010B58CB06C
:10269000EC46104C0FCCACE80F0094E803008CE83B
:1026A00003000D4C06A920460DF064F9694620464A
:1026B0000DF02FF90023C4F8003101232360064BED
:1026C000D3F80031002BFAD006A903480DF021F908
:1026D0000CB010BD801C030000B002400A4B9A6889
:1026E00002601A6942609A698260DA683AB19A6057
:1026F0005A691A61DA699A610022DA607047024BFE
:1027000000229A60704700BF8CA40020034BD3F8CE
:102710001C250260D3F820350371704700B00240D9
:1027200008B50E4B93F83030032B0AD0042B0ED093
:10273000022B00D008BD012300F8043BFFF7CEFFB9
:10274000F8E7022300F8043BFFF7C8FFF2E7032392
:1027500000F8043BFFF7DAFFECE700BF8CA4002091
:102760000A4B93F83030032B08D0042B0AD0022BED
:1027700000D07047064B01229A607047044B01223B
:102780005A607047024B0122DA60F2E78CA4002005
:1027900000B0024038B50546046820460DF08EF9B9
:1027A00040B104F01F032B6064091DD0012C0ED131
:1027B0000E4838BD0E4C40F2CA3322460D490E4831
:1027C00008F04DF840F2CA31204608F03FF8084CB6
:1027D00040F2D33322460949074808F040F840F256
:1027E000D331204608F032F80548E2E7002884405B
:1027F000085903003C590300141F0300085F03003D
:102800000025844070B582B0044690F8293023B189
:1028100090F82A00002840F093806268FF2A00F0B8
:102820008E80A168FF2900F08D80E068FF2800F00D
:102830008B802569FF2D00F08980112A40F0888067
:10284000122940F087800D2840F086800E2D40F040
:1028500085806169FF2902D00F2940F08180A1693C
:10286000FF2901D010297DD14BB194F82A0000280E
:1028700066D1211D3C480DF04CF8012060E001922A
:1028800001A8FFF787FF019A803250F82230374EB7
:10289000334040F202352B4340F82230A3680193C5
:1028A00001A8FFF777FF019A803250F822303340B9
:1028B0002B4340F82230E368019301A8FFF76AFF39
:1028C000019A803250F8223033402B4340F82230B6
:1028D0002369019301A8FFF75DFF019A803250F848
:1028E000223033402B4340F822306369FF2B14D150
:1028F000A369FF2BB9D0019301A8FFF74BFF024654
:102900000199803150F82100184B034043F4407383
:1029100043F0020342F82130A7E7019301A8FFF733
:1029200039FF02460199803150F8210033460340B7
:1029300043F4407343F0020342F82130D8E700200B
:1029400002B070BD0020FBE70020F9E70020F7E7A8
:102950000020F5E70020F3E70020F1E70020EFE793
:102960000020EDE70020EBE700B00240F0F0FCFFB4
:1029700038B50446FFF746FF08B91C4838BD626AFF
:102980001B4B5A6394F8292083F83A20194D0123F0
:10299000C5F80833FFF77AFE214651F81C3BC5F80D
:1029A000403528460CF0FFFFD5F8443594F8232035
:1029B000A2B943F440330F48C0F844354FF4C06324
:1029C000C0F8403604F120010CF0FDFF084B1B68F5
:1029D0004BB12B2008F06EFE0748CFE723F40033FD
:1029E00043F48033E7E70448C8E700BF0400AD0BB9
:1029F0008CA4002000B002400000AD0B38B5154B90
:102A00005C6BBCB14FF47A7202FB04F4124BA3FB73
:102A10000434E408114BD3F8003173B90D4B93F82B
:102A2000393003F0FF054BB90A200CF007FC013CDC
:102A3000F0D103E04CF25034ECE701252DB1054B09
:102A400093F839301BB9064838BD0648FCE70548FD
:102A5000FAE700BF8CA40020CDCCCCCC00B0024063
:102A60000000AD0B0700AD0B08B50A4B0122C3F8FF
:102A700000250021C3F800111A6008B9064808BDF6
:102A8000FFF7BCFF044B9842F9D1044B012283F8B5
:102A90003820F4E700B002400000AD0B8CA4002009
:102AA0002DE9F0410446504890F8300000283AD013
:102AB0000F4616461D46002C40D0FFF7D1FD0028DA
:102AC00040F0878004F06043B3F1005F40F0838002
:102AD00014F0030F40F08280434B93F83030012B09
:102AE00006D0AB427CD1404B93F83830002B79D0E4
:102AF000022D2ED03D4BC3F80465C3F80845C3F83A
:102B00000C754FF00408384B002283F839201B68FD
:102B10004BB3354B9B68002B3DD0334BDC605F6182
:102B2000DE61334858E0334C7F2322463249334834
:102B300007F095FE7F21204607F088FE2D4C80236C
:102B400022462F492D4807F08AFE8021204607F0B3
:102B50007DFE264BC3F81065C3F81445C3F81875FD
:102B60004FF00808CFE7204B93F838302BB90120FD
:102B7000FFF77AFF234B98422ED01C4B0022C3F85C
:102B8000002108F1804808F52C380123C8F80030EE
:102B9000FFF734FF20E0144B9C601F619E6183F8B7
:102BA0003050124A0021C2F800110121C2F804136A
:102BB00093F8383043B108F1804808F52C380123E8
:102BC000C8F800300A4807E00020FFF74DFF08482A
:102BD00002E00D4800E00D48BDE8F0810B48FBE73E
:102BE0000B48F9E70A48F7E78CA4002000B0024040
:102BF0000000AD0B306D03006C6D0300141F03006B
:102C0000986D03000700AD0B0800AD0B0A00AD0B7B
:102C10000B00AD0B10B560B1124B93F83030FBB91F
:102C2000104B19605A60FFF7A3FE0F4B98420DD06E
:102C300010BD0E4C4FF4DB7322460D490D4807F0D2
:102C40000EFE4FF4DB71204607F000FE054B00221C
:102C50009A60DA60012183F8301083F83820E7E7C2
:102C60000548E5E78CA400200000AD0B306D0300A3
:102C7000386C0300141F03000C00AD0B70B5324B11
:102C800093F83030002B3CD004460E461546FFF733
:102C9000E7FC002851D12C4B93F83030012B4ED15A
:102CA000294B93F838302BB90120FFF7DDFE274B75
:102CB000984243D0264B0122C3F80823FFF7E6FCD5
:102CC00026B13246617822480CF095FE00231E4A58
:102CD00082F839301E48C0F8003121460CF0DBFE86
:102CE000FFF78CFE194B984218D0194B0022C3F8FD
:102CF000002135B32A46617818460CF0AAFE154823
:102D00001CE0154C4FF4017322461449144807F097
:102D1000A6FD4FF40171204607F098FD23796BB9A9
:102D20000D4C40F2362322460E490D4807F097FD20
:102D300040F23621204607F089FD0B4870BD0B4854
:102D4000FCE70448FAE700BF8CA400200700AD0BA5
:102D500000B002400000AD0B306D03006C6D03004D
:102D6000141F0300B06D03000800AD0B0B00AD0B8A
:102D700010B50D4B93F8303033B10B4B93F838301E
:102D80007BB9FFF771FE10BD084C4FF43F7322462C
:102D90000749084807F063FD4FF43F71204607F0EC
:102DA00055FD0548EFE700BF8CA40020306D0300FF
:102DB0006C6D0300141F03000C00AD0B10B50C4B21
:102DC00093F830301BB1012B0ED00A4810BD0A4CCD
:102DD0004FF4427322460949094807F040FD4FF479
:102DE0004271204607F032FDFFF728FC0548EDE769
:102DF0008CA400200B00AD0B306D03006C6D030044
:102E0000141F03000000AD0B034B93F83000003893
:102E100018BF0120704700BF8CA4002038B52E4B8E
:102E200093F830306BB305460C46FFF719FC0028C9
:102E30004BD114F0030F4AD1274B1B6823B1264A0C
:102E400092F83020012A44D1244AC2F81C45C2F825
:102E50002055214A002182F83910FBB11E4B042273
:102E600083F830201D4A0021C2F800110121C2F868
:102E7000041393F838301BB3184B0122DA6018485A
:102E800024E0184C40F2313322461749174807F026
:102E9000E6FC40F23131204607F0D8FC92F8383099
:102EA0002BB90120FFF7E0FD114B98420ED00B4BE0
:102EB0000022C3F800210122DA60FFF79FFD05E040
:102EC0000020FFF7D1FD064800E00A4838BD0A4857
:102ED000FCE70A48FAE700BF8CA4002000B00240DB
:102EE0000000AD0B306D03006C6D0300141F030078
:102EF0000700AD0B0800AD0B0A00AD0B0B00AD0BCE
:102F000010B50B4B93F8303023B100210220FFF7AE
:102F100085FF10BD074C4FF45973224606490748F8
:102F200007F09DFC4FF45971204607F08FFC00BF5D
:102F30008CA40020306D03006C6D0300141F03008F
:102F4000174BD3F8003153B310B5154B0022C3F81B
:102F50000021144B93F83830A3B1134C2046FFF7EF
:102F6000DFFB54F8183CA3B10E4B93F8393023B96A
:102F70000C4B1A685968002090470A4B002283F8CE
:102F8000202010BD074B012283F83820FFF7E8FB13
:102F9000F7E7A4F12003012283F83020E4E770472B
:102FA00000B002408CA40020ACA400201B4B99422E
:102FB0002AD014D81A4B994228D004D9194B9942D7
:102FC0000BD000207047184B994221D0174B9942E3
:102FD00001D0002070470120704701207047144B3A
:102FE000994217D004D9134B99420BD00020704757
:102FF000114B994210D0114B994201D000207047DB
:103000000120704701207047012070470120704760
:1030100001207047012070470120704780841E0006
:1030200020A1070040420F0048E8010090D00300B3
:103030000024F4000048E80100093D0000127A0075
:1030400070B506460C464D692946FFF7AFFF0028CC
:1030500048D02D4B9D420DD02C4B9D420AD094F868
:1030600021301BB1E368B3F1FF3F03D1E369B3F152
:10307000FF3F03D032790123934035D094F82330B9
:1030800013B194F824308BBB3268214B9A4201D0A3
:10309000204828E01C4B9D4201D01E4823E02368B5
:1030A000B3F1FF3F01D0082B22D16368B3F1FF3F9A
:1030B00001D0092B1ED1A368B3F1FF3F01D00A2B29
:1030C0001AD194F821302BB1E368B3F1FF3F01D05E
:1030D0000B2B13D1E369B3F1FF3F11D00C2B11D1AE
:1030E0000C4800E00C4870BD0C48FCE70948FAE7C2
:1030F0000948F8E70848F6E70748F4E70648F2E722
:103100000448F0E70448EEE70048E8010024F40032
:1031100000A000400000AD0B0400AD0B0300AD0BA0
:10312000234B984234D012D8224B984233D005D941
:10313000214B98421ED14FF0805070471F4B984250
:103140002CD01F4B984215D14FF0806070471D4B1B
:10315000984226D005D91C4B98420BD14FF0A05075
:1031600070471A4B98421FD0194B984202D14FF02A
:103170000040704710B5174C4FF4BF7322461649F4
:10318000164807F06CFB4FF4BF71204607F05EFB5A
:103190004FF0005070474FF0006070474FF00070E4
:1031A00070474FF0206070474FF08040704700BF7D
:1031B00080841E0020A1070040420F0048E8010063
:1031C00090D003000024F4000048E80100093D000D
:1031D00000127A00C46D0300085F0300141F03008F
:1031E00038B50546046820460CF028FD40B104F0CF
:1031F0001F032B6064091DD0012C0ED10E4838BD71
:103200000E4C40F2CA3322460D490E4807F027FB08
:1032100040F2CA31204607F019FB084C40F2D33384
:1032200022460949074807F01AFB40F2D3312046ED
:1032300007F00CFB0548E2E700288440085903002A
:103240003C590300141F0300085F0300002584405D
:10325000F0B583B001900C4617461E4601A8FFF753
:10326000BFFF0199803150F82130094D1D4044EADB
:10327000470444EA86039DF8202043EA02239DF890
:10328000242043EA02432B4340F8213003B0F0BD31
:10329000F0F0FCFF70B582B00C460379097C03EBBB
:1032A000C302204B03EB82039A7F61F341029A77BA
:1032B00094F82330002B30D162691B4B9A422ED0F8
:1032C0000026237E012B94BF002301230093334665
:1032D0000022012120680CF0F5FC00250095334602
:1032E0002A46012160680CF0EDFC00953346A27E71
:1032F0002946A0680CF0E6FC237C83F001030093D0
:1033000033462A460121E0680CF0DCFC01210091E3
:1033100033462A46E0690CF0D5FC02B070BD0326A6
:10332000CFE700BFC8A400200048E80100B583B083
:10333000019001A8FFF754FF019A803250F8221043
:10334000044B0B4043F0020340F8223003B05DF819
:1033500004FB00BFF0F0FCFF2DE9F0438BB0064604
:103360000C4605790123AB4004D091F8213013B10C
:10337000012300E000231F46002B38D094F8229050
:103380006069FFF7CDFE804694F8231005EBC50277
:10339000344B03EB82039A7F61F300029A77214654
:1033A0003046FFF777FF2FB305EBC5052D4B03EB39
:1033B00085054FF0FF332B62236800936368019308
:1033C000A3680293A37C8DF80C30CDF81080237E87
:1033D0008DF81430637E8DF81530E3690693BFB124
:1033E000E3680793BFB1237CB3B1012314E04FF02E
:1033F0000209C5E7E1681B4B05EBC50203EB82023E
:103400001162217C1346927F61F341029A77D3E7E0
:103410004FF0FF33E5E700238DF820308DF8219041
:103420003279012393401AD094F820308DF822305D
:1034300094F824308DF82430694630680CF06FFB26
:10344000337903EBC303074A52F8233023B13068C2
:1034500040F3073008F02EF90BB0BDE8F0830223EB
:10346000E4E700BFC8A4002070B584B004460D4650
:103470009C46136823B103F06043B3F1005F06D1AB
:1034800093684BB103F06043B3F1005F04D00023B5
:103490006B772F4804B070BD1CF0010F2ED00123B4
:1034A000C4F850351CF0020F2CD00123C4F840356D
:1034B0000FCA04AE06E90F00C4F84405C4F8481565
:1034C000C4F83425039BC4F838350023C4F81831F8
:1034D000D4F818310723C4F800351CF0080603D1CE
:1034E0002B689BB1012323612B68FBB11CF0040FF7
:1034F00029D04023C4F808331648CBE70023C4F88A
:103500005035CFE70023C4F84035D1E701232361CC
:10351000D4F81831002BFBD0D4F81831002BE3D0AD
:103520000023C4F81831D4F81831DDE7002128460B
:103530000CF0B0FB0EB10748ACE7294620460CF072
:10354000EAFB0448A6E74023C4F804330148A1E796
:103550000A00AD0B0000AD0B38B505460C4601F175
:103560000C0240210CF008FB28B1236823B121464E
:1035700028460CF0E9FB38BD064C40F219432246C0
:103580000549064807F06BF940F21941204607F05B
:103590005DF900BFC46D0300006E0300141F03003B
:1035A0002DE9F04F83B00193A1B104461746884638
:1035B000067906EBC6021A4B03EB82031B7F63BB43
:1035C000FFF73EFD0546174B984210D0284603B042
:1035D000BDE8F08F144C4FF416732246134914487B
:1035E00007F03DF94FF41671204607F02FF9DFF888
:1035F000309006EBC60309EB830B49F82370019B5F
:10360000CBF8043041462046FFF7A6FE00238BF896
:103610001D3001238BF81C30D8E7064DD6E700BFDC
:10362000C8A400200000AD0BC46D0300386C03007B
:10363000141F03000C00AD0BF0B587B0047904EB48
:10364000C403314E06EB8306337F7BB30546006827
:1036500040F3073008F033F804EBC4032A4A52F869
:1036600023303BB12B68294AC3F808233146286828
:103670000CF051FB2B68D3F808050390D3F80C65C8
:103680000496D3F81075059704EBC4021E4B03EBA8
:1036900082039B7F13F0010F15D004EBC4041A4B77
:1036A00003EB840300221A7707B0F0BD184C40F2F8
:1036B000B92322461749184807F0D1F840F2B9213A
:1036C000204607F0C3F80CF01EFB38460CF01BFB3D
:1036D00030460CF018FB04EBC4020B4B03EB8203E7
:1036E000186A0CF010FB2A7901239340D5D02B687F
:1036F000D3F86C050190D3F8145502950CF003FB38
:1037000028460CF000FBC8E7C8A4002052010800BE
:10371000C46D0300106E0300141F0300F8B590F889
:1037200004C00CEBCC034B4D05EB83052B7F002B2A
:1037300047D007460C4616460B68002B4ED0A368B0
:10374000002B5BD0E389002B68D1E388002B65D187
:1037500016F0080F08D00CEBCC023E4B03EB8203B3
:103760001B6AB3F1FF3F66D10CEBCC02394B03EB84
:1037700082035B7F002B6BD11346364A52F823300D
:103780004BB116F0140F06D10CEBCC02314B03EB0E
:10379000820301225A770CEBCC0C2E4B03EB8C0CE2
:1037A0000CF10C0C94E80F008CE80F000121284666
:1037B0000CF070FA3346224629463868FFF754FE6B
:1037C000F8BD254C40F2AD3322462449244807F089
:1037D00046F840F2AD31204607F038F84B68002B30
:1037E000ADD01D4C40F2AE3322461E491C4807F0B6
:1037F00036F840F2AE31204607F028F8E368002B97
:10380000A0D0154C40F2AF3322461749144807F0B8
:1038100026F840F2AF31204607F018F80E4C4FF46E
:103820006C73224611490E4807F019F84FF46C7179
:10383000204607F00BF8084C40F2B33322460C49FF
:10384000074807F00CF840F2B331204606F0FEFFBF
:103850000848B5E7C8A40020C46D0300106E03003B
:10386000141F03003C6E0300846E0300CC6E030043
:103870007C6F03000B00AD0B08B502490248FFF74F
:103880006BFE08BDC8A4002000A0004038B5054666
:10389000046820460CF083FA40B104F01F032B604B
:1038A00064091DD0012C0ED10E4838BD0E4C40F2DB
:1038B000CA3322460D490E4806F0D1FF40F2CA3104
:1038C000204606F0C3FF084C40F2D3332246094994
:1038D000074806F0C4FF40F2D331204606F0B6FF99
:1038E0000548E2E700288440085903003C590300DA
:1038F000141F0300085F030000258440F0B583B067
:1039000001900C4617461E4601A8FFF7BFFF01991C
:10391000803150F82130094D1D4044EA470444EA03
:1039200086039DF8202043EA02239DF8242043EAE1
:1039300002432B4340F8213003B0F0BDF0F0FCFF10
:1039400010B584B004468368039303A8FFF79EFF75
:10395000039B803350F82310154A0A4040F8232077
:103960006368B3F1FF3F0DD12068B0F1FF3F16D17E
:10397000002101910091A37C0A46E068FFF7BEFF99
:1039800004B010BD039303A8FFF780FF039B8033AF
:1039900050F82310064A0A4040F82320E4E7E37C6D
:1039A0000021019100930B460A46FFF7A7FFDFE7CE
:1039B000F0F0FCFF10B588B04B7DDBB2022B07D0D6
:1039C000032B1DD0012B01D008B010BD4362FBE7D3
:1039D00000238DF80430029303938B681BB189692F
:1039E00001A89847F0E71A4C40F2D713224619492C
:1039F000194806F034FF40F2D711204606F026FFA2
:103A000001238DF80430D0F83C350293D0F84C35C2
:103A10000393D0F844350493D0F848350693D0F892
:103A200034350593D0F8383507938B681BB1896915
:103A300001A89847C8E7064C40F2EF132246054913
:103A4000054806F00CFF40F2EF11204606F0FEFE9E
:103A5000B46F0300F06F0300141F030070B559B179
:103A60008E46B2B106790568214C04EB461C9CF8E1
:103A70001440DCB11F4870BD1F4C4FF481732246C7
:103A80001E491F4806F0EBFE4FF48171204606F0F8
:103A9000DDFE194C40F2031322461A49184806F07D
:103AA000DEFE40F20311204606F0D0FE6446CCF85C
:103AB0000820CCF81830CB7D8CF81C300CF0C2F903
:103AC000A0B10023C5F83435C5F83835C5F84435FC
:103AD000C5F84835637540F20243C5F80433012345
:103AE00023750223C5F800350748C4E70748C2E735
:103AF000ECA400200C00AD0BB46F0300386C030085
:103B0000141F0300107003000000AD0B0400AD0B88
:103B100038B504793D4D05EB441C9CF81450002D3C
:103B200036D0002941D0002B4ED0002C60D1049D0E
:103B3000B5F5803F5ED2B2F5803F5DD221B101F094
:103B40006045B5F1005F59D123B103F06045B5F18F
:103B5000005F55D12D4D05EB44156D7DEDB2012D66
:103B600050D041D9023DEDB2012D4DD8274D4FEA3D
:103B7000441E05EB4414E160236145F80E20049BCC
:103B800063600122614600680CF01BF9204830E0B8
:103B9000204C4FF4047322461F49204806F05FFE74
:103BA0004FF40471204606F051FE002ABBD0194C98
:103BB00040F2112322461A49184806F050FE40F2FE
:103BC0001121204606F042FE049D002DADD0114C7F
:103BD00040F2122322461349104806F040FE40F2FC
:103BE0001221204606F032FE002DBFD00E4800E024
:103BF0000E4838BD0D48FCE70C48FAE70C48F8E7DA
:103C00000B48F6E70B48F4E70748F2E7ECA400207E
:103C10000000AD0BB46F0300106E0300141F03000F
:103C200020700300547003000100AD0B0600AD0BC3
:103C30000A00AD0B0500AD0B08B5024902480CF0B7
:103C4000C5F808BDECA4002000B00040F8B50D4652
:103C500017460C4BDC6900E024680B4B9C420DD0EE
:103C6000A4F14406294654F8440CECF7FBFE002866
:103C7000F2D13E6030460CF01FFA01E06FF0120006
:103C8000F8BD00BF0CA5002028A5002010B50446F3
:103C900000F12403416A826A4A60416A11608362CA
:103CA0004362436803B19847064B9B683BB1054AA2
:103CB0001279062A03D92268034907209847002071
:103CC00010BD00BF0CA5002088700300F8B50546A4
:103CD0000F460C4BDC6800E024680B4B9C420DD077
:103CE000A4F12406294654F8240CECF7BBFE034645
:103CF0000028F1D1002FEFD03E6001E06FF001030A
:103D00001846F8BD0CA5002018A5002020B310B55A
:103D10000446006818B3037823B30021FFF7D6FFE9
:103D200018B304F11C032362E36104F12402124B73
:103D30001969A16203F10C0060621A610A609B6854
:103D4000B3B1A0F10C021279062A13D922680B49EB
:103D500007209847002010BD6FF0150070476FF0E6
:103D60001500F8E76FF01500F5E76FF01000F2E7C7
:103D70000020F0E70020EEE70CA50020A070030073
:103D800038B5134A1368591C11600BB1002038BDB7
:103D9000054614462422002120460DF05FFB2B68C7
:103DA000A3602B79237104F10C032361E36004F118
:103DB0001403A361636104F11C032362E3612846D9
:103DC00000F01AF80028E2D1236801332360DEE70F
:103DD0000CA5002008B5074A1368013B136003B126
:103DE00008BD00F011F82422002102480DF036FB36
:103DF000F6E700BF0CA5002008B50248FFF786FFD4
:103E0000002008BD1889002008B50248FFF73EFFD2
:103E100008BD00BF188900200EB400B582B0431E53
:103E2000DBB2062B00D90020074B53F820100748BF
:103E300006F0ADFA04A901910398EEF7DFFB02B09A
:103E40005DF804EB03B070475C7103009839030020
:103E50002DE9F04F87B004920593DDF840B00028BB
:103E600053D01E460546036A63B11C6854B1119BCA
:103E70000193CDF800B03346A0470346184607B07B
:103E8000BDE8F08FEB6A049A9A4241D800241EE004
:103E9000996898890CF012F9034600223946504679
:103EA0000CF0C6F82B6A9B6A56F80920029201931F
:103EB0005BF8243000934346059A52F82420A1B2BF
:103EC00028460CF044FA03460028D7D10134049B5D
:103ED0009C4218D22E6B04EB44034FEAC30906EB55
:103EE000C30303F10408AA69002ADBD1D3F814A0A4
:103EF0005F68DAF80020BF1ADAF808209742C7D3C3
:103F00004FF0FF37C4E70023B8E76FF01503B5E7BC
:103F1000004BB3E740F4FFFFA0B110B50446028D9B
:103F200043899A420AD0084B9B683BB1064A1279F2
:103F3000032A03D9426805490420984720460DF01A
:103F40004DFA10BD704700BF0CA500207C71030026
:103F500043898B4216D910B4446AB4F802C0013BBD
:103F600003EA0C0304EBC30359609A60BFF35B8F51
:103F7000426A538801335380438D013343850020C7
:103F800010BC70470048704741F4FFFFB2F58062F3
:103F90000AD48A420ADA530950F8230002F01F02B9
:103FA000D04000F00100704701487047004870475A
:103FB0002DF8FFFFB2F580620FD48A420FDA4FEA84
:103FC000521C50F82C3002F01F02012101FA02F2BB
:103FD000134340F82C3000207047024870470148D6
:103FE000704700BF2DF8FFFF30B583B0069C90B13D
:103FF000006A90B19BB1B2F1FF3F12D0002C12DBEE
:10400000D0F884508DB1DDF81CC0CDF804C0009408
:10401000A84703B030BD0648FBE70548F9E7044868
:10402000F7E70348F5E70248F3E70148F1E700BF87
:104030002DF8FFFF30B583B0069C70B1006A70B1F7
:104040007BB1B2F1FF3F0ED0002C0EDBD0F89450C4
:104050006DB10094A84703B030BD0648FBE70548A2
:10406000F9E70448F7E70348F5E70248F3E70148B2
:10407000F1E700BF2DF8FFFF2DE9F04F85B0DDF827
:104080003C80002868D00C4691461D468246002997
:1040900064D0B8F1000F63D001F1640738460CF02A
:1040A0008AFAB5F1FF3F12D0B5F5806F25D304F140
:1040B000500B2A4680215846FFF768FF0646B0B1EC
:1040C000002800DD274E384601F042FD34E0802212
:1040D000216E04F150000CF042FA0546B0F1FF3FAA
:1040E00038D0431C03F07F032366002606E02A46EF
:1040F00080215846FFF75EFF00E00026DAF84430E2
:104100000393109B0293CDF804800E9B00932B46E3
:104110004A46514620460CF0F9FA384601F018FD9F
:104120009AF800303BB194F8A43023B1DAF8283083
:10413000B3F1FF3F04D04EB9304605B0BDE8F08F73
:10414000002150460CF074FA0646F4E750460CF095
:104150004DFAF1E7034EB6E7034EEDE7024EEBE70B
:10416000014EE9E729F8FFFF2DF8FFFF08B5836846
:104170001A0C06D0A3F5803383601B0C0DD10120EF
:1041800008BD074B9B6833B1054A1279022A02D950
:104190000449032098470020F2E70020F0E700BF21
:1041A0000CA50020A071030070B500B3054600F116
:1041B000640630460CF068FBD5F8B4309B691BB937
:1041C000D5F8A840103C00E00024012B06D0002CBC
:1041D0000BDD304601F0BCFC204670BDD5F8BC00BC
:1041E0000CF081F9A0F11004F1E7024CF1E7024C68
:1041F000F2E700BF2EF8FFFF2DF8FFFF70B500B308
:10420000054600F1640630460CF03EFBD5F8B430AC
:104210009B691BB9D5F8AC40103C00E00024012B91
:1042200006D0002C0BDD304601F092FC204670BD1C
:10423000D5F8B8000CF057F9A0F11004F1E7024CE2
:10424000F1E7024CF2E700BF2EF8FFFF2DF8FFFF69
:1042500070B584B0044616461D46D0F8B400806997
:1042600030B1D4F8B4309B69012B18D004B070BDC4
:104270000291039200910123002202A9D4F8B80010
:104280000CF078F80028ECD00E4C7D2322460E4925
:104290000E4806F0E4FA7D21204606F0D7FA3246B1
:1042A0002946D4F8B800FFF753FE0028DED0054CAD
:1042B000832322460449054806F0D1FA832120468B
:1042C00006F0C4FAC471030008720300141F03004F
:1042D0002DE9F04184B003689F6A1FE0304601F089
:1042E00037FC04B0BDE8F081D4F83480AA892946AF
:1042F00051F8103B606C00902046C047002838DB26
:1043000030460CF0C1FA20460CF062F92846FFF75F
:104310002DFF00283AD1304601F01AFC07F164065F
:1043200030460CF0B1FA0DF10A0203A938460CF040
:1043300050FB05460028D1D0BDF80A3083604FF00D
:10434000FF334268002138460CF0B1F904460CF006
:104350003AF9AB6803F58033AB60304601F0F8FB07
:10436000002CCDD0A36AB3F1FF3FBDD12B68A3626F
:10437000BAE70B4C40F25A2322460A490A4806F093
:104380006EFA40F25A21204606F060FA2946384675
:104390000CF03AFBD7F8B8000CF097F8BBE700BF79
:1043A000C471030014720300141F03002DE9F041CF
:1043B00084B004460A9EA3F1100753F8085CADB21E
:1043C00001920091ADF80C6000230293ADF80E301D
:1043D000D0F8C0000168791A8368994221D210236D
:1043E0006A460BF0E4FD10281ED104F16408404633
:1043F0000CF04AFAD4F8B4309B6913BBD4F8A82067
:104400002B46394620460CF02BFB08BBD4F8BC00E9
:104410000CF05BF8404601F09BFB304604B0BDE871
:10442000F0814FF0FF31DAE7104C4FF4DF73224692
:104430000F49104806F013FA4FF4DF71204606F0DA
:1044400005FA2946D4F8BC000BF0DFFF0246D7E797
:10445000064C40F2C91322460749064806F0FFF908
:1044600040F2C911204606F0F1F900BFC471030003
:1044700020720300141F03003C72030008B5410CB6
:10448000C003064BC018064A4FF0000341F100017B
:10449000ECF7CEFA03F0EAFD002008BD3F420F0022
:1044A00040420F002DE9F04784B005460E46904685
:1044B00099460C9F0D9A03A90CF056FB60B38246F7
:1044C000039CBC4200DB3C46D5F8C0000168AAEB67
:1044D0000101836899420FD223464A460BF067FDDB
:1044E00084420CD100945346424631462846FFF799
:1044F0005DFF04B0BDE8F0874FF0FF31ECE7074CFB
:104500004FF4057322460649064806F0A8F94FF411
:104510000571204606F09AF90348EAE7C4710300E2
:1045200048720300141F03002EF8FFFF2DE9F04727
:104530008CB0DDF85080159F002800F011810D46E9
:1045400091461E460446002900F00D81002B00F024
:104550000D810021C0F8D010A8220CF07FFF04F1DB
:104560006400012211460CF0A6FCC4F8B450C4F853
:104570007C90AC62854BC4F88430854BC4F888309D
:10458000844BC4F88C30844BC4F89030834BC4F80F
:104590009430834BC4F89830824BC4F89C30824BE3
:1045A000C4F8A030AB6943B9002F00F0E28004F1F9
:1045B000A80397E8070083E80700AB69012B13D035
:1045C00007A928460CF00EF98146002840F0AE807D
:1045D000079B03F0010384F8A430AB691BBB3B7A53
:1045E0004BB108F10C0307E020460CF01CF98146A2
:1045F0000028E5D09AE04346C4F8C430B8F1000F73
:1046000000F0BA80D8F80820002A00F0B8809B6833
:10461000002B00F0B780654B0A93654B0B93654BFD
:104620000893654B0993AB69012B2FD0C4F8C06088
:1046300004F1C803C4F8CC30C4F8C830002101919B
:1046400008AB00930AAB02222846FFF701FC814623
:1046500000286BD1AB693BB92B6B1B68C4F8B83031
:104660002B6B9B69C4F8BC30AB69012B17D0D4F815
:10467000BC000BF0F8FE0023012B19D82A6B03EBCA
:10468000430152F83120D6620133F5E7484B0A93D3
:10469000464B0B93484B0893464B0993C6E72B6B4D
:1046A0009B69C4F8B8302B6B1B68C4F8BC30DEE7DC
:1046B000D5F818A0BAF1000F31D1D4F8AC30069378
:1046C00010E0D4F8AC30002230460BF0B1FC00977B
:1046D0000123002205A9D4F8B8000BF04BFEE0B985
:1046E0000AF1010AD4F8B8305B89534517D9D4F8D8
:1046F000AC1040460CF0D0F9074640B10590316847
:10470000411AB3689942DCD34FF0FF31D9E7DFF8A3
:10471000AC9028460CF033F808E08146F9E7646075
:10472000246094F8A4302BB9AB698BB148460CB027
:10473000BDE8F087039400230293214B01933523B6
:104740000093204A04F1080120460BF0DFFFEBE75D
:10475000042128460CF034F881460028E6D0D8E73A
:10476000DFF86490E2E7DFF86090DFE7DFF8589069
:10477000DCE7DFF85490D9E7DFF84C90D6E7DFF8B4
:104780003C90D3E7DFF83490D0E700BFA5440200A7
:10479000E10803002D0A0300690B0300AD4302008A
:1047A00099080300FD410200A9410200587203006C
:1047B00060720300D1420200870803002EF8FFFF59
:1047C00003090300687203002DF8FFFF30B587B0BE
:1047D00084468E461546074A03AC07CA84E807009C
:1047E00001940A9A00922A4671466046FFF79EFE9F
:1047F00007B030BD981C030010B5134CA82200214F
:1048000020460CF02BFE0323236163610F4AA26153
:104810000F4BE3614FF4806323620023A362636262
:10482000E36222660B4A62661022A2662367E36691
:10483000636706E0C3F10F020749895C024AD1545D
:1048400001330F2BF6D910BD108400206C720300C9
:1048500010800020008000207872030008B500233B
:104860000F2B0AD8094AD25CD2B2C3F10F01084813
:10487000415C8A4204D10133F2E7002313B908BD39
:104880000123FBE7FFF7B8FFF9E700BF1084002022
:10489000787203002DE9F84304460E461546304B66
:1048A00000EB400003EBC000826A476A601C00EB2B
:1048B000400003EBC00358683844BA423CD804EBCC
:1048C0004401274B03EBC103D3F82080A8EB070971
:1048D00009F1FF339D4204D913449D420ED90020B3
:1048E0002FE02A4631460CF092FD2F4404EB44049D
:1048F0001B4B03EBC4035F62012022E04A463146B2
:104900000CF085FDA7EB080818EB050507D104EBB3
:104910004404134B03EBC4035D62012011E0631CEC
:1049200003EB43030E4A02EBC3032A4606EB0901DD
:1049300058680CF06CFDEAE7D21B013AAA4202D299
:104940000020BDE8F8832A460CF061FD2F4404EBFB
:104950004404034B03EBC4035F620120F1E700BF93
:1049600010840020064B00EB400203EBC202926A67
:1049700000EB400003EBC003586A801A704700BF89
:10498000108400200C4B00E020330C4A934203D8E3
:104990000A4A9342F8D3704710B5094C19232246AE
:1049A0000849094805F05BFF084805F058FF192140
:1049B000204605F04BFF00BFCC1503006C17030029
:1049C0008C720300B0720300141F030084250300DF
:1049D000014B98689830704730A5002004280CD807
:1049E000DFE800F0030D0507090006487047064898
:1049F00070470648704706487047064870470648A3
:104A0000704700BFC8720300EC720300FC72030021
:104A10000873030018730300D872030030B108B59F
:104A20000CF03BFB20B1037823B108BD024870476E
:104A30000148FAE70048F8E7F037030010B50446EC
:104A4000F0F7CAF9034A0121034806F013FD204696
:104A50000CF03CF9287303007C1B03002DE9F047A0
:104A600082B000AF05460C46EFF31188202383F394
:104A70001288BFF36F8FDFF8E491D9F80860FFF771
:104A8000ADFF99F81010E94601233B7103237B71B8
:104A90008AB0EC461CF1100221D04FF0160E5AB12C
:104AA0007346BEF1040F03DDDFF8B4A1CCF814A007
:104AB000082B01DDCCF8185001233B7003237B70D9
:104AC000D2B17346BEF10C0F01DDCCF81C00102BE7
:104AD00001DDCCF820100CF1240300210AE06FF076
:104AE000004EDCE701F10800384410F8080C03F828
:104AF000010B01310129F5D9BEF1150F50DD162347
:104B00004AB10521397100217971B9710121F97119
:104B10007868CCF8100000216FF300016FF34101B9
:104B20006FF382016FF3C501012060F38811C3F3B5
:104B30000A0363F353216FF31F5100234948F0F731
:104B4000B7FACD461CB1E369C3F308035BBB30463B
:104B5000FFF764FFE94601233B7103237B718AB0B1
:104B6000EC461CF1100224D04FF0120E52B17346E5
:104B7000BEF1040F02DD3C49CCF81410082B01DD16
:104B8000CCF8186001233B7003237B70F2B1BEF1B7
:104B90000C0F01DDCCF81C000CF12003002113E008
:104BA0006FF01B03ACE7314A01212E4806F062FC8E
:104BB000CDE76FF0004ED9E701F10800384410F856
:104BC000080C03F8010B01310129F5D9BEF1110FD1
:104BD00033DD12234AB10421397100217971B97191
:104BE0000121F9717868CCF8100000216FF3000101
:104BF0006FF341016FF382016FF3C501012060F390
:104C00008811C3F30A0363F353216FF31F51002389
:104C10001448F0F74DFACD4621462846FFF70EFF1F
:104C2000042D0DD088F31188BFF36F8F3046F1F754
:104C300001FB0837BD46BDE8F0876FF01B03C9E7ED
:104C40000B4C872322460B490B4805F008FE0B4806
:104C500005F005FE8721204605F0F8FD30A500206F
:104C6000387303007C1B030084730300607303002C
:104C70009C730300C0730300141F0300E073030060
:104C800038B505460B4B53F8204002E0236898479F
:104C900008346B1C074A52F82330A34209D96068D4
:104CA0000028F3D0037F13F0010FF1D10CF016F8B8
:104CB000EEE738BD7C74030010B586B0B823104C05
:104CC00003FB004400EB800C0E4B03EB8C030E4AFD
:104CD0000592012204920F22039200220292019275
:104CE00000930A4B4FF4A072094901EB8C11204646
:104CF00002F076F8637B23F00403637306B010BD03
:104D00003899002030A5002018740300A953020030
:104D100070C1002008B553EA020102D103F000FA85
:104D200008BD0249183003F037FEF9E7751103009A
:104D300010B586B0294C14E0636A0593236A049386
:104D4000E3690393A3690293636901932369009361
:104D5000E368A2686168206802F042F823685C6535
:104D600030341F4B9C4206D81D4B9C42E4D302F0CA
:104D70003DFF1A4C0EE01B4C422322461A491B48A9
:104D800005F06DFD1A4805F06AFD4221204605F048
:104D90005DFD3034124B9C420ED8114B9C4219D20F
:104DA000A26AE36AB3F1FF3F08BFB2F1FF3FF0D060
:104DB0002068FFF7AFFFECE70A4C662322460A495A
:104DC0000A4805F04CFD0A4805F049FD66212046D9
:104DD00005F03CFD02F056FF06B010BD941903002B
:104DE000941903002074030044740300141F03008B
:104DF0008425030008B50B4B01221A700320FFF72E
:104E00003FFFF2F7CBF9F0F721FD0420FFF738FF61
:104E1000FFF78EFFECF70EFD034A137B23F001032F
:104E2000137308BDADA50020F099002008B5014618
:104E3000014A0248F1F70AFBF54D0200F099002003
:104E400008B50348034A121A00210BF05EFF08BDA3
:104E5000908C0020B0A5002010B50446FFF72CFF71
:104E6000B8230A4903FB0411094A04EB840302EB4B
:104E70008303D9601C74074B03EBC42303F5006361
:104E800004EB840402EB8402536010BD38990020C7
:104E900030A5002070B9002070B586B002F0A6FFE2
:104EA000104D114B5D61114B0593012304930024B8
:104EB00003940294019400940D4B4FF480520D49D9
:104EC000284601F08DFF06466B7B23F004036B73CD
:104ED000284602F051FB2046FFF7BEFF304606B0E1
:104EE00070BD00BFF099002030A50020747403004D
:104EF000F54D0200B0C2002008B50020FFF7C0FE4B
:104F00001B4B03F5006282F3088883F30A88194C6F
:104F1000E02384F822300023E37723766376A376B8
:104F200084F82030626A42F4E022626284F823301E
:104F3000F1F7F4F8F1F7A6FA4FF0FF33A362E3625A
:104F4000F1F73CFDF1F7CEFAEFF784FE0A4802F0E4
:104F50004DF8FFF717FDF2F7FDF80120FFF790FE7F
:104F60000220FFF78DFEFFF797FFFFF75FFF00BFFF
:104F700070B9002000ED00E0809B002010B50F4CC0
:104F800005E0A268616820460BF0C7FE18340C4BA0
:104F90009C4204D80A4B9C42F3D3002010BD094C1C
:104FA0001A2322460849094805F059FC084805F02B
:104FB00056FC1A21204605F049FC00BF788A0020E3
:104FC000908A00209874030004750300141F0300E6
:104FD00084250300F8B504460E4600F11405EFF3EE
:104FE0001187202383F31288BFF36F8F284603F0C5
:104FF0000BFC80B1284603F031FC31462046ECF72B
:10500000E9FE04F10C000CF0CFF898B139462846BF
:1050100002F08EFDF8BD144C882322461349144833
:1050200005F01DFC2946134805F019FC882120468F
:1050300005F00CFC284603F0F7FB20B187F311883C
:10504000BFF36F8FE6E7084C40F2311322460A495E
:10505000074805F004FC2946084805F000FC40F22A
:105060003111204605F0F2FB00220300302203003C
:10507000141F03004822030060220300782203006B
:10508000836863B14268036813605A600023036059
:105090004360427B22F0020242738360704710B586
:1050A000054C992322460549054805F0D8FB99216E
:1050B000204605F0CBFB00BF207503004C750300B4
:1050C000141F030010B50F4C00200F4B9C4209D851
:1050D0000D4B9C4214D220460BF029FE00280FDB1A
:1050E0002034F2E7094C942322460949094805F087
:1050F000B6FB094805F0B3FB9421204605F0A6FB5A
:1051000010BD00BF188A0020788A00206475030053
:105110008C750300141F0300842503002DE9F04360
:1051200083B004460E4690461F4600F10805EFF393
:105130001189202383F31288BFF36F8F284603F071
:1051400063FBF0B1284603F089FB216900293AD0BE
:10515000316009682161E3690133E36101B32046ED
:105160000BF000FE08B30024284603F05DFB002886
:1051700041D089F31188BFF36F8F204603B0BDE89B
:10518000F083254C882322462449254805F067FBF7
:105190002946244805F063FB8821204605F056FB8C
:1051A00062699342DBD10024DEE71F4CE9232246EB
:1051B0001E491B4805F053FB1D4805F050FBE92133
:1051C000204605F043FB57EA080304D1002333606F
:1051D0006FF00B04C8E7CDF80080019722464946DE
:1051E000284602F0CDFA04460028C6D1114B9B6830
:1051F0001B693360C1E7084C40F2311322460E4967
:10520000074805F02CFB29460C4805F028FB40F226
:105210003111204605F01AFB002203003022030062
:10522000141F03004822030064750300AC750300DB
:105230002876030030A500206022030078220300B6
:105240002DE9F84304460D460BF08CFD10B304F134
:105250000806EFF31187202383F31288BFF36F8FC3
:10526000304603F0D1FA28B3304603F0F7FA236949
:105270007BB323692B602561E369013BE361304621
:1052800003F0D2FA002865D087F31188BFF36F8F3F
:10529000BDE8F883384C40F21113224637493848AC
:1052A00005F0DDFA374805F0DAFA40F21111204630
:1052B00005F0CCFA344C882322463449304805F0B6
:1052C000CEFA3146324805F0CAFA8821204605F068
:1052D000BDFAEFF31183202282F31288BFF36F8FA0
:1052E00083F31188BFF36F8FDBB1D4F8008044459E
:1052F00025D0B8F1000918BF4FF00109B8F1000F2F
:1053000020D1B9F1000FB4D00023C8F8B030C8F8EC
:105310001050404602F030F93946304602F008FCA1
:10532000B6E71C4CB02322461B49154805F097FAF6
:105330001A4805F094FAB021204605F087FA4FF09C
:105340000008D6E74046FFF79BFE08F1180003F07F
:105350001DFCD6E70C4C40F2311322461049084898
:1053600005F07DFA31460F4805F079FA40F2311127
:10537000204605F06BFA00BF64750300085F030068
:10538000141F0300447603000022030030220300B0
:10539000482203002075030068760300BC33030035
:1053A000602203007822030008B50D4B9B6893F937
:1053B0000E30002B09DBEFF31183202383F31288D7
:1053C000BFF36F8F06F092F9F5E7064C1C232246D7
:1053D0000549064805F043FA1C21204605F036FA37
:1053E00030A5002080760300A4760300141F03007C
:1053F000EFF31183202282F31288BFF36F8F0BB17A
:1054000000BF704710B5074C632322460649074882
:1054100005F025FA064805F022FA6321204605F03A
:1054200015FA00BF80760300CC760300141F03003A
:10543000F0760300836863B14268036813605A60C2
:10544000002303604360427B22F0020242738360C8
:10545000704710B5054C992322460549054805F0CB
:10546000FEF99921204605F0F1F900BF20750300EF
:105470004C750300141F03002DE9F04182B0EFF3D7
:10548000058100292ED1044616461D46EFF31187EB
:10549000202383F31288BFF36F8F784803F0B4F9A9
:1054A00000282DD0754803F0D9F9E168002936D1DC
:1054B000002940F08180724B9B6893F90E30236184
:1054C0000131E1606E4B9B68A3606C4803F0ACF95E
:1054D000002873D087F31188BFF36F8F002002B0CC
:1054E000BDE8F081674C6F2322466749674805F0A5
:1054F000B6F9674805F0B3F96F21204605F0A6F923
:10550000644C882322466449604805F0A8F95B4949
:10551000624805F0A4F98821204605F097F9A268B1
:10552000574B9B689A42C3D055EA060157D092F96F
:105530000E80414693F90E000BF02AFC80456ADC90
:105540004FF0000800960195224639464B4802F07C
:1055500017F90028C3D0EFF31185202383F31288B5
:10556000BFF36F8F454803F04FF9002859D04348E7
:1055700003F074F9A368002B64D023689C425FD0C9
:10558000002B5DD0216993F90E000BF001FC014660
:1055900020460BF008FC002857D1B8F1000F54D179
:1055A000364803F041F9002856D085F31188BFF33F
:1055B0006F8F6FF00A0092E7236980E7354C40F265
:1055C000311322463649314805F049F92B4935480F
:1055D00005F045F940F23111204605F037F927482A
:1055E00003F022F930B187F31188BFF36F8F6FF0AA
:1055F0000F0074E7274C40F2311322462849234814
:1056000005F02DF91D49274805F029F940F231111F
:10561000204605F01BF9014620460BF0C4FB8046EE
:1056200090E71C4C882322461B49184805F017F9BF
:1056300012491A4805F013F98821204605F006F9A9
:105640002169A5E7B8F1000FAAD029460B4802F05E
:105650006FFA6FF00A0042E70E4C40F23113224617
:105660000F490A4805F0FBF804490E4805F0F7F821
:1056700040F23111204605F0E9F800BF54A50020A2
:1056800030A500202077030044770300141F030097
:105690005877030000220300302203004822030051
:1056A0006022030078220300F8B5EFF3058393B975
:1056B00004468368002B00F0A080534A926893420E
:1056C00040F09E80C368A3B1012B1DD9013BC3608C
:1056D00000252846F8BD4D4CD72322464C494D485D
:1056E00005F0BDF84C4805F0BAF8D721204605F082
:1056F000ADF8464CEF2322464849464805F0AFF83E
:10570000EF21204605F0A2F8EFF31187202383F361
:105710001288BFF36F8F424803F076F838B34048E1
:1057200003F09CF8216920460BF03DFBEFF3118359
:10573000202282F31288BFF36F8F83F31188BFF3A7
:105740006F8F1BB32668A6422ED0351E18BF0125C9
:1057500066BBA66095BB0023E360314803F064F8A4
:10576000002839D087F31188BFF36F8FB1E72D4C34
:10577000882322462C49274805F071F828492B48F0
:1057800005F06DF88821204605F060F8284CB0231C
:10579000224628491F4805F062F8274805F05FF8BF
:1057A000B021204605F052F80026CEE73046FFF73C
:1057B00041FE06F1180003F0E9F9CAE796F90E3048
:1057C00023610025C6F8B050304601F0D5FE3946B9
:1057D000134802F0ADF97CE7124C40F23113224637
:1057E00016490C4805F03BF80D49154805F037F807
:1057F00040F23111204605F029F86FF0150568E7F1
:105800004FF0FF3565E700BF30A50020207703008B
:1058100044770300141F03005877030080770300C8
:1058200054A5002000220300302203004822030078
:105830002075030068760300BC3303006022030078
:1058400078220300836863B14268036813605A607A
:10585000002303604360427B22F0020242738360B4
:10586000704710B5054C992322460549054804F0B8
:10587000F6FF9921204604F0E9FF00BF20750300E0
:105880004C750300141F03002DE9F84F04460F4622
:10589000154699469DF8286000F10808EFF3118A33
:1058A000202383F31288BFF36F8F404602F0ACFFD2
:1058B00000283AD0404602F0D1FF06B16768EFF306
:1058C0001183202282F31288BFF36F8F83F3118834
:1058D000BFF36F8F002B37D004F10C02E668B242A1
:1058E00040D0B6F1000B18BF4FF0010B002E3BD19A
:1058F000BBF1000F40D1B9F1000F42D100232B6062
:105900002A46394620460BF070FA042104F11400AF
:1059100003F0A2FC00283FD05146404602F008F9AF
:105920004FF0000B5846BDE8F88F284C88232246DC
:105930002749284804F093FF4146274804F08FFF89
:105940008821204604F082FF244CB02322462449BB
:10595000204804F084FF234804F081FFB021204652
:1059600004F074FF0026BCE73046FFF76BFF06F13A
:10597000180003F00BF9BBE7294630460BF05AFA42
:10598000CAE7082003F0DEFD20B145600122026075
:105990000546B5E76FF00B0B404602F045FF20B11E
:1059A0008AF31188BFF36F8FBCE7084C40F23113C4
:1059B00022460D49074804F052FF41460B4804F0C7
:1059C0004EFF40F23111204604F040FF0022030058
:1059D00030220300141F0300482203002075030037
:1059E00068760300BC3303006022030078220300C2
:1059F0002DE9F04182B004461746984600F10805AB
:105A0000EFF31186202181F31288BFF36F8F2846B0
:105A100002F0FAFEE0B1284602F020FF20680028DC
:105A200038D0036823F003032360626890421ED0DD
:105A300001210BF007FA0446284602F0F5FEC0B13A
:105A400086F31188BFF36F8F204602B0BDE8F08166
:105A5000274C882322462749274804F000FF29467F
:105A6000264804F0FCFE8821204604F0EFFE636027
:105A7000DEE71F4C40F23113224621491E4804F054
:105A8000EEFE29461F4804F0EAFE40F2311120469E
:105A900004F0DCFE58EA07031AD1284602F0C4FEDF
:105AA00028B186F31188BFF36F8F0024CCE7104C28
:105AB00040F23113224612490F4804F0D0FE294625
:105AC000104804F0CCFE40F23111204604F0BEFE36
:105AD0000097CDF8048004F10C023146284601F00D
:105AE0004FFE18B9084B9B681C69ADE70024ABE773
:105AF0000022030030220300141F03004822030089
:105B0000602203007822030030A50020836863B17F
:105B10004268036813605A60002303604360427B5D
:105B200022F0020242738360704710B5054C99233E
:105B300022460549054804F092FE9921204604F0CA
:105B400085FE00BF207503004C750300141F030081
:105B50002DE9F0410446EFF31187202383F31288E7
:105B6000BFF36F8F414802F04FFE002837D0054643
:105B70003E4802F073FEEFF31183202282F3128875
:105B8000BFF36F8F83F31188BFF36F8F002B35D076
:105B90002668B44240D0B6F1000818BF4FF00108A3
:105BA000002E3BD1B8F1000F40D1A368E2689342C8
:105BB00043D001221344A360022104F1100003F03A
:105BC0004BFB0546002D3AD1284802F02DFE002857
:105BD0003AD087F31188BFF36F8FBDE8F081244C72
:105BE000882322462349244804F039FE1F492348CC
:105BF00004F035FE8821204604F028FE204CB02316
:105C0000224620491C4804F02AFE1F4804F027FEC3
:105C1000B021204604F01AFE0026BCE73046FFF70C
:105C200075FF06F1180002F0B1FFBBE70023C6F8CC
:105C3000B030304601F0A0FCC4E70022BAE7394694
:105C40000A4801F075FFC8E7094C40F231132246BB
:105C50000E49094804F003FE04490D4804F0FFFD15
:105C600040F23111204604F0F1FD00BF58A500209C
:105C70000022030030220300141F03004822030007
:105C80002075030068760300BC3303006022030024
:105C900078220300F0B583B0044616461D46EFF3A4
:105CA000058111B155EA02031DD1EFF311872023BD
:105CB00083F31288BFF36F8F354802F0A5FD00B360
:105CC000334802F0CBFDA16800293AD00139A16028
:105CD0002F4802F0A9FD18B387F31188BFF36F8F27
:105CE000002003B0F0BD2B4C882322462A492B48C4
:105CF00004F0B5FD2A4804F0B2FD8821204604F0E6
:105D0000A5FD284C882322462749244804F0A7FDF6
:105D10001F49264804F0A3FD8821204604F096FD83
:105D2000204C40F23113224621491C4804F097FDD3
:105D30001749204804F093FD40F23111204604F049
:105D400085FD55EA06031BD1114802F06DFD30B107
:105D500087F31188BFF36F8F6FF00F00C1E7114C0D
:105D600040F23113224612490C4804F078FD0849EC
:105D7000104804F074FD40F23111204604F066FD35
:105D80000096019522463946014801F0F9FCA8E742
:105D900058A5002098770300B8770300141F03006C
:105DA000BC3303000022030030220300482203001A
:105DB00060220300782203002DE9F0410546EFF34D
:105DC0001188202383F31288BFF36F8F394802F0C4
:105DD0001BFD28B10746374802F040FD002626E0AB
:105DE000354C882322463549354804F038FD314981
:105DF000344804F034FD8821204604F027FD324C5D
:105E0000B023224631492E4804F029FD304804F0E1
:105E100026FDB021204604F019FDD4B90CB36FF073
:105E20000A03C4F8B030204601F0A6FB3E46EFF36B
:105E30001183202282F31288BFF36F8F83F31188BE
:105E4000BFF36F8F002BDAD02C68A542E5D1002478
:105E5000E3E72046FFF75AFE04F1180002F096FE31
:105E6000DCE70023AB60022105F1100003F0F4F938
:105E700000B92EB141460F4801F05AFEBDE8F0814D
:105E80000C4802F0D1FC20B188F31188BFF36F8F6A
:105E9000F4E7094C40F2311322460E49084804F059
:105EA000DEFC04490C4804F0DAFC40F231112046D3
:105EB00004F0CCFC58A5002000220300302203008F
:105EC000141F0300482203002075030068760300B6
:105ED000BC330300602203007822030000B583B0C6
:105EE000064B00934FF0FF334FF40062044905481E
:105EF00000F002FC002003B05DF804FB14780300FE
:105F0000B0D20020A89A002080B338B50D460446D0
:105F10001C4B9A68D0F8B8309A421BD000231A461E
:105F2000D4F8D430C3F38001C3F3C00013F0010FE1
:105F30001FD001B102B300B109B300232B60D4F824
:105F4000C03073B11D60C4F8C05020460BF025F876
:105F5000012038BD0BF09BF808B90123DFE70023CF
:105F6000DDE7C4F8C050C4F8BC50EEE76FF0150090
:105F700070476FF01200ECE76FF00F00E9E76FF089
:105F80000F00E6E730A5002070B50D46C36813F09A
:105F9000020F30D1044613F0040F31D10B68B3B1B6
:105FA000E36813F0010F22D0A3689BB12B60022697
:105FB00021462868FFF7A8FF00281EDBE36843F0AE
:105FC0000403E3602B68A3609EB1304617E083684A
:105FD0000B60E5E70B4C4FF4AA7322460A490B48C5
:105FE00004F03DFC4FF4AA71204604F02FFC01267A
:105FF000DEE7304601E06FF00F0000232B6070BD3C
:106000000020FAE71C78030040780300141F030007
:1060100070B582B00446A0F11006EFF3118520237D
:1060200083F31288BFF36F8F214802F0EDFBB8B104
:106030001F4802F013FC0023019354F8043C23F0A2
:10604000080244F8042C13F0080F18D1184802F085
:10605000EBFBD8B185F31188BFF36F8F02B070BD31
:10606000144C882322461449144804F0F8FB1049C4
:10607000134804F0F4FB8821204604F0E7FBA369F1
:10608000019301A93046FFF77FFFDFE7094C40F29B
:10609000311322460B49094804F0E1FB04490A4840
:1060A00004F0DDFB40F23111204604F0CFFB00BFCD
:1060B00064A500200022030030220300141F030007
:1060C00048220300602203007822030038B504460A
:1060D0000D460830012200210AF0EDFE6560002324
:1060E0002360054B5B681BB11C60034B5C6038BDD3
:1060F000014B5C601C60FAE75CA5002010B5C3682A
:1061000023F00203C360134B1C687CB1236803B106
:106110000CB100210FE02346FBE722460D480AF0B0
:10612000F6FE04F10800FFF713FD10BD2346F0E76B
:106130001A461C461346002CF7D062688242ECD007
:106140002146002BF4D01A68002AF2D0002BF0D19F
:106150001A46EEE75CA50020F0B585B0054643E0A1
:10616000804C882322468049804804F078FB80498F
:10617000804804F074FB8821204604F067FBD5F8C2
:10618000D43023F00402C5F8D42013F0040F14D146
:1061900012F0100F1AD00023C5F8D430744802F062
:1061A00043FB002800F0878086F31188BFF36F8FD0
:1061B00005B0F0BDC5F8C03030E005F1CC040022D8
:1061C0000121204602F09AF90028F8D10023029319
:1061D0004FF0FF324FF0FF33CDE9002305F1C40249
:1061E0003146634802F0F2F9EFF31186202383F37E
:1061F0001288BFF36F8F5E4802F006FB0028AFD015
:106200005B4802F02BFBD5F8BC40002CB7D02368CC
:10621000C5F8BC30D5F8C0209442CBD0D5F8D430E6
:1062200043F00203C5F8D430E36843F00102E260B2
:1062300023F0040343F00103E36067684C4802F075
:10624000F3FA002848D086F31188BFF36F8F002F30
:1062500053D02046B847EFF31186202383F31288EA
:10626000BFF36F8F424802F0CFFA002852D0404867
:1062700002F0F4FAE36823F00103E36013F0100F77
:1062800057D1E36813F0020F57D1D5F8D43023F07B
:106290000203C5F8D430C3F30024354802F0C4FA31
:1062A00000284ED086F31188BFF36F8F002C9BD14E
:1062B00001F0A4FD98E72B4C40F2311322462E4901
:1062C0002A4804F0CCFA2A492C4804F0C8FA40F2D3
:1062D0003111204604F0BAFA224C40F23113224622
:1062E0002549224804F0BBFA2149244804F0B7FAB2
:1062F00040F23111204604F0A9FA214C40F2AB23C0
:1063000022462049194804F0AAFA40F2AB2120465F
:1063100004F09CFA134C882322461349134804F0D6
:106320009EFA1349134804F09AFA8821204604F093
:106330008DFA20460AF055FEA3E72046FFF7DEFE61
:10634000A3E7084C40F2311322460B49074804F0FA
:1063500086FA0749094804F082FA40F231112046D2
:1063600004F074FA0022030030220300141F03001B
:1063700064A5002048220300602203007822030065
:106380001C7803005C78030008B58446084653EA8D
:1063900002010CD0C16841F00801C160DCF80010B6
:1063A00081620549103002F0F7FA012008BD61460C
:1063B000FFF7EAFDFAE700BF1160020010B538B13F
:1063C00089B10022026042608260C260416010BDFB
:1063D0000A4C992322460A490A4804F040FA9921B6
:1063E000204604F033FA054C9A2322460649054814
:1063F00004F035FA9A21204604F028FA1C780300AC
:1064000074780300141F03005C78030010B5044681
:106410001030012200210AF04EFD04492046FFF70A
:10642000CDFFE36843F01003E36010BD550F030098
:1064300038B5C36803F00503002B14BF0124002402
:1064400009D085684DB10A46014628460AF0EBFDA1
:1064500028460AF0A2FD204638BD064C4FF4DF73F3
:1064600022460549054804F0FAF94FF4DF71204649
:1064700004F0ECF91C78030088780300141F030073
:1064800070B582B0019009B30C464B685BB3EFF373
:106490001186202383F31288BFF36F8F284802F000
:1064A000B3F968B3264D284602F0D8F901A9204671
:1064B000FFF76AFD0446284602F0B6F978B386F382
:1064C0001188BFF36F8F204602B070BD1D4C4FF492
:1064D000BD7322461C491D4804F0C1F94FF4BD713B
:1064E000204604F0B3F9174C40F27B1322461849BA
:1064F000164804F0B4F940F27B11204604F0A6F9E6
:10650000144C882322461449104804F0A8F90C4979
:10651000124804F0A4F98821204604F097F90D4CA4
:1065200040F2311322460E49084804F098F92946F2
:106530000C4804F094F940F23111204604F086F939
:1065400064A500201C78030074780300141F030066
:10655000A078030000220300302203004822030039
:10656000602203007822030008B5014601480AF0C2
:1065700078FD08BDA89A0020F8B568B30C4605461A
:10658000C36813F4807F34D10AF081FD00283DD127
:10659000002C48D0EFF31187202383F31288BFF338
:1065A0006F8F3C4802F030F9002849D0394E304610
:1065B00002F054F921462846FFF73AFF05463046D7
:1065C00002F032F900284AD087F31188BFF36F8FA9
:1065D000002D55D12846F8BD2F4C4FF4E5732246C7
:1065E0002E492F4804F03BF94FF4E571204604F0A2
:1065F0002DF9294C40F2CB1322462A49284804F0B1
:106600002EF940F2CB11204604F020F9224C4FF431
:10661000E67322462449224804F021F94FF4E6713A
:10662000204604F013F91C4C40F2CD1322461F49BA
:106630001B4804F014F940F2CD11204604F006F98D
:106640001B4C882322461B49154804F008F91149C0
:10665000194804F004F98821204604F0F7F8144C96
:1066600040F23113224615490D4804F0F8F831463E
:10667000134804F0F4F840F23111204604F0E6F833
:1066800004F110004FF0FF324FF0FF33FFF702FB31
:10669000A0E700BF64A500201C7803007478030005
:1066A000141F0300C078030048440300F07803007F
:1066B000002203003022030048220300602203006E
:1066C0007822030010B520B1D82200210AF0C6FEBE
:1066D00010BD064C4FF4337322460549054804F0BB
:1066E000BEF84FF43371204604F0B0F81C78030074
:1066F00088780300141F0300F0B589B00E9D0028B0
:1067000043D0044600294DD0D0F8D40010F0010F3A
:1067100055D10020C4F8BC00C4F8C00004F1C40086
:10672000C4F8C400C4F8C80004F1CC00C4F8CC001C
:10673000C4F8D000002D4FD0287900284ED1012078
:10674000C4F8D4004FF0FF364FF0FF37CDE90667AD
:10675000002004900393029001900094214B204666
:1067600000F006FC55B1296811B1204600F026FB67
:106770006B791BB1237B43F001032373204601F0A7
:10678000CFFCC4F8B84009B0F0BD174C40F2F1237B
:1067900022461649164804F062F840F2F1212046DC
:1067A00004F054F8104C40F2F223224611491048EC
:1067B00004F055F840F2F221204604F047F80A4C64
:1067C00040F2F32322460C49094804F048F840F20D
:1067D000F321204604F03AF80120B1E740F201101D
:1067E000AEE700BF596102001C780300387903004E
:1067F000141F0300407903000479030070B584B0CE
:1068000000283AD00D4604460AF041FC002841D148
:10681000EFF31186202383F31288BFF36F8F39487B
:1068200001F0F2FF002842D0364802F017F8D4F801
:10683000D43013F0060F04D11DB9D4F8BC20002ABF
:1068400044D043F00402C4F8D4201DB143F00C033B
:10685000C4F8D43020460AF0A0FB002302934FF086
:10686000FF324FF0FF33CDE9002304F1CC02314673
:10687000244801F0ABFE04B070BD234C4FF44773C5
:1068800022462249224803F0EAFF4FF4477120468E
:1068900003F0DCFF1C4C40F21D3322461D491C480E
:1068A00003F0DDFF40F21D31204603F0CFFF1A4C0C
:1068B000882322461949164803F0D1FF1149184888
:1068C00003F0CDFF8821204603F0C0FF0D4801F002
:1068D000ABFF28B186F31188BFF36F8F0020CAE7A2
:1068E0000D4C40F2311322460E49094803F0B7FF20
:1068F00004490D4803F0B3FF40F23111204603F084
:10690000A5FF00BF64A500201C78030038790300B0
:10691000141F030048440300002203003022030038
:1069200048220300602203007822030038B558B1E2
:106930000C460546A9B1302200210AF08FFD6C609B
:106940004FF48073EB6038BD0C4C40F2923322461A
:106950000B490C4803F083FF40F29231204603F0CC
:1069600075FF064C40F2933322460749054803F071
:1069700076FF40F29331204603F068FF1C78030055
:1069800048790300141F03005C780300F0B583B05E
:10699000019010B30C4616461D4659B3EFF311870C
:1069A000202383F31288BFF36F8F2D4801F02CFF53
:1069B00068B32B4801F052FFE36813F01E0F35D087
:1069C0000024274801F030FF002837D087F31188D2
:1069D000BFF36F8F204603B0F0BD224C40F20D4351
:1069E00022462149214803F03AFF40F20D4120465A
:1069F00003F02CFF1B4C40F20E4322461C491B485F
:106A000003F02DFF40F20E41204603F01FFF194C0A
:106A1000882322461849154803F021FF10491748DA
:106A200003F01DFF8821204603F010FF32462B465D
:106A3000214601A8FFF7A8FC0446C2E70D4C40F22E
:106A4000311322460E49094803F009FF04490D4855
:106A500003F005FF40F23111204603F0F7FE00BFBE
:106A600064A500201C78030088780300141F03002D
:106A7000487903000022030030220300482203006B
:106A8000602203007822030008B501460148FFF7A1
:106A90007DFF08BDA89A00202DE9F04182B0019049
:106AA00040B30C4617461D4689B3EFF311882023E7
:106AB00083F31288BFF36F8F2B4801F0A5FE98B3C4
:106AC000294E304601F0CAFE20460AF093FA3A46B3
:106AD0002B46214601A8FFF757FC0446304601F03B
:106AE000A3FE80B388F31188BFF36F8F204602B0F6
:106AF000BDE8F0811D4C4FF4866322461C491D48B9
:106B000003F0ADFE4FF48661204603F09FFE174C64
:106B100040F2314322461849164803F0A0FE40F2E5
:106B20003141204603F092FE144C8823224614493A
:106B3000104803F094FE0C49124803F090FE88219F
:106B4000204603F083FE0D4C40F2311322460E49DD
:106B5000084803F084FE31460C4803F080FE40F202
:106B60003111204603F072FE64A500201C7803005A
:106B700088780300141F03004879030000220300F3
:106B80003022030048220300602203007822030021
:106B900008B501460148FFF77FFF08BDA89A00200D
:106BA00070B5E8B10446EFF31186202383F3128811
:106BB000BFF36F8F214801F027FEF0B11F4D28462B
:106BC00001F04CFE20460AF026FA0446284601F061
:106BD0002BFE08B386F31188BFF36F8F204670BD7C
:106BE000174C40F2524322461649174803F037FE2D
:106BF00040F25241204603F029FE144C88232246DD
:106C00001349114803F02BFE0C49124803F027FEEC
:106C10008821204603F01AFE0C4C40F23113224624
:106C20000D49094803F01BFE29460C4803F017FEE6
:106C300040F23111204603F009FE00BF64A5002098
:106C40001C78030048790300141F0300002203008E
:106C50003022030048220300602203007822030050
:106C60002DE9F04168B30C460646002936D00AF0FB
:106C70000EFA054600283ED1EFF31188202383F356
:106C80001288BFF36F8F3B4801F0BEFD00283FD054
:106C9000384801F0E3FDF36803F01F03002B14BF35
:106CA0000127002743D1334801F0BEFD002847D01B
:106CB00088F31188BFF36F8F002D52D13846BDE89D
:106CC000F0812D4C40F2634322462C492C4803F0BE
:106CD000C6FD40F26341204603F0B8FD264C40F269
:106CE000644322462749264803F0B9FD40F2644137
:106CF000204603F0ABFD204C40F26543224622497A
:106D00001F4803F0ACFD40F26541204603F09EFDB4
:106D10001E4C882322461E49194803F0A0FD154940
:106D20001C4803F09CFD8821204603F08FFD30466F
:106D30000AF071F9214630460AF044F90546B2E7F7
:106D4000124C40F23113224613490D4803F087FDDF
:106D50000849124803F083FD40F23111204603F048
:106D600075FD04F108004FF0FF324FF0FF33FEF7DE
:106D700091FFA3E764A500201C7803004879030075
:106D8000141F0300F07803004844030000220300AE
:106D9000302203004822030060220300782203000F
:106DA00008B553EA020102D101F0BAF908BD02495F
:106DB000183001F0F1FDF9E77511030010B5044634
:106DC00040B11F2204F178000AF062FB002084F831
:106DD000970010BD014B9C68F3E700BF30A5002071
:106DE0002DE9F04F85B004460E4617461D46DDF8E6
:106DF00038B0DDF83CA0DDF84090DDF84480B8F113
:106E00000F0F5DD008F110031E2B5DD804F158035D
:106E1000A365E365129B0422414620460AF03FF930
:106E20003A46314620460AF026F90746CDF8089042
:106E3000CDF804A0CDF800B02B46024631462046DE
:106E4000EFF7DEFA002363656566C4F868B0C4F83E
:106E50006CA0C4F87090EFF31186202383F312889E
:106E6000BFF36F8F364801F0CFFC002840D0344D7F
:106E7000284601F0F3FC334B1A6A62671C6228460D
:106E800001F0D2FC002842D086F31188BFF36F8F47
:106E9000139B002B4CD01F22194604F178000AF0F6
:106EA000F7FA002384F89730264B9B68002B43D0D9
:106EB000D3F8A830C4F8A830384605B0BDE8F08F44
:106EC000214B9D429ED1A1E7204C40F20523224652
:106ED0001F49204803F0C3FC6FF00F030E22414608
:106EE0001D4803F0BCFC40F20521204603F0AEFC37
:106EF0001A4C882322461A49164803F0B0FC104960
:106F0000184803F0ACFC8821204603F09FFC134C8A
:106F100040F23113224614490E4803F0A0FC2946E2
:106F2000124803F09CFC40F23111204603F08EFC25
:106F3000002384F87830B7E7C4F8A830BCE700BF76
:106F400078A5002030A50020A95302006079030035
:106F500084790300141F0300047A03000022030055
:106F6000302203004822030060220300782203003D
:106F700070B586B00446109E119DEFF30580B8B938
:106F8000002005900E9804900D9803900C980290A4
:106F90000B9801900A9800902046FFF721FFB5F169
:106FA000FF3F08BFB6F1FF3F12D1204606B070BDCB
:106FB0000A4C40F29223224609490A4803F04FFC4A
:106FC000094803F04CFC40F29221204603F03EFCBD
:106FD00032462B462046FFF7E3FEE6E760790300E2
:106FE00044770300141F0300387A030010B50446E9
:106FF0000123437303730023C0F89C30C0F8A03012
:1070000002F09AFA014B9C6010BD00BF30A5002031
:107010000A4A9368C3F8AC006FF00A01C3F8B010D5
:1070200007494B6843F080534B60002383F311887A
:10703000BFF36F8F9368D3F8B000704730A500207E
:1070400000ED00E0836863B14268036813605A6032
:10705000002303604360427B22F00202427383609C
:10706000704710B5054C992322460549054803F0A1
:10707000F6FB9921204603F0E9FB00BF20750300D1
:107080004C750300141F030010B5EFF305833BB9E3
:10709000114B9A68D37B012B10D0013BD37310BDE9
:1070A0000E4C8F2322460E490E4803F0D8FB0E48A3
:1070B00003F0D5FB8F21204603F0C8FB074C90233B
:1070C00022460A49074803F0CAFB074803F0C7FBFA
:1070D0009021204603F0BAFB30A500202075030064
:1070E00044770300141F0300BC330300607A0300DD
:1070F000437B90F90D20002A6EDB13F01F0F6BD13C
:1071000010B563F07F034373344B984206D0344A82
:1071100052F8183F934219D1002317E0314C4F2306
:1071200022463149314803F09AFB4F21204603F0B3
:107130008DFB5A6842600360106058601EE01A467A
:107140002749C9698A420FD01B687BB173B190F996
:107150000E1093F90E209142F1D0521A002AE8DC69
:107160001A46002BECD1F0E70023EEE71C4BDA695E
:1071700003F11801016042601060D861184B53F8A8
:10718000184F9C420FD074B1154B9B6873B15A7B5A
:1071900012F01F0F18D1DA897F2A15D9A2699AB97E
:1071A0000F4A536117E00E4BDC68EDE7104CD52316
:1071B000224610490D4803F052FB0F4803F04FFBE5
:1071C000D521204603F042FBA34202D0204601F025
:1071D0006DFA034B5C6110BD704700BF3899002009
:1071E00030A50020947A0300B87A0300141F03002E
:1071F000DC7A0300087B0300BC33030010B5437B3B
:1072000090F90D20002A15DB234B9A6853F8184F8C
:107210009C4228D03CB3824236D03AB3537B13F021
:107220001F0F31D1D3897F2B2ED9A36963BB1A4B92
:107230005A6130E003F07F034373184B984207D044
:107240004268036813605A60002303604360DBE711
:10725000134C562322461349134803F000FB5621D2
:10726000204603F0F3FA0C4BDC68D4E70F4CD5232F
:1072700022460F490C4803F0F2FA0E4803F0EFFAE9
:10728000D521204603F0E2FAA24202D0204601F0C6
:107290000DFA014B5C6110BD30A50020389900202B
:1072A000947A0300B87A0300141F0300DC7A030009
:1072B000087B0300BC3303002DE9F84305460C4668
:1072C0004D4B9E68737B13F0600F28D013F0200F96
:1072D0002FD008271F4222D13B43737313F0800F36
:1072E00029D1082F40D04FF00009434B53F8188F95
:1072F000984555D0B8F1000F52D03F4B9B6843459D
:1073000002D0404601F0D2F93B4BC3F81480102F55
:1073100005D0304601F0AAFAB9F1000F44D1374840
:1073200001F082FA002843D084F31188BFF36F8FF5
:107330005CE01027CEE703F07F037373304B9E426F
:1073400007D07268336813605A600023336073603B
:10735000C7E72C4C562322462B492C4803F07FFAD2
:107360005621204603F072FAB36813B13046FFF796
:1073700069FE304609F0D2FE06F1580009F0D3FE4E
:107380001D4B9B689E4202D04FF00009ADE7EFF322
:10739000058313B94FF00009A7E74FF00109A4E7EF
:1073A000154BD3F80C80A8E71948FFF71FFEB6E786
:1073B000184C40F2311322461749144803F04FFA93
:1073C0000E49164803F04BFA40F23111204603F003
:1073D0003DFAEFF31184202383F31288BFF36F8FFC
:1073E000FEF706F884F31188BFF36F8F6B7B13F001
:1073F000600FEED1BDE8F88330A5002068A500201D
:1074000038990020947A0300B87A0300141F03000F
:10741000809B0020002203006022030078220300EA
:10742000B3F1FF3F08BFB2F1FF3F00D1704708B58D
:107430000249183001F0B0FA08BD00BF7511030011
:1074400010B5437B90F90D20002A0DDB437B63F0E0
:107450007F034373404B98421FD0404A52F8183F75
:10746000934232D1002330E003F07F0343733A4B61
:10747000984207D04268036813605A600023036093
:107480004360E3E7364C562322463649364803F03C
:10749000E6F95621204603F0D9F9314C4F23224614
:1074A0003049314803F0DBF94F21204603F0CEF993
:1074B0005A6842600360106058601EE01A4627490F
:1074C000C9698A420FD01B687BB173B190F90E1065
:1074D00093F90E209142F1D0521A002AE8DC1A46A4
:1074E000002BECD1F0E70023EEE71C4BDA6903F147
:1074F0001801016042601060D861184B9A6853F817
:10750000184F9C420FD074B182421DD072B1537B90
:1075100013F01F0F18D1D3897F2B15D9A3699BB9FD
:107520000E4B5A6117E00D4BDC68EDE70F4CD5238D
:1075300022460F490C4803F092F90E4803F08FF9E8
:10754000D521204603F082F9A24202D0204601F064
:10755000ADF8024B5C6110BD3899002030A50020C9
:10756000947A0300B87A0300141F0300DC7A030046
:10757000087B0300BC33030070B50546EFF31186AA
:10758000202383F31288BFF36F8F1E4801F03CF96C
:1075900020B100241B4801F061F917E01A4C882340
:1075A00022461A491A4803F05AF91649194803F0B5
:1075B00056F98821204603F049F9124801F034F9C0
:1075C00070B186F31188BFF36F8F0124CCB92846C0
:1075D00009F070FD0028F0D12846FFF789FDECE79F
:1075E000094C40F2311322460B49094803F037F9A0
:1075F00004490A4803F033F940F23111204603F000
:1076000025F970BD68A50020002203003022030088
:10761000141F0300482203006022030078220300A5
:1076200070B50546EFF31186202383F31288BFF36C
:107630006F8F1D4801F0E8F820B100241A4801F0CE
:107640000DF91AE0194C882322461949194803F00C
:1076500006F91549184803F002F98821204603F07D
:10766000F5F82846FFF7EEFC0F4801F0DDF848B1C9
:1076700086F31188BFF36F8F0124A4B9AB68002B88
:10768000EFD1F1E7094C40F2311322460B4909488A
:1076900003F0E5F804490A4803F0E1F840F231113B
:1076A000204603F0D3F870BD68A500200022030037
:1076B00030220300141F030048220300602203004D
:1076C0007822030070B50446EFF31186202383F37C
:1076D0001288BFF36F8F234801F096F820B1002580
:1076E000204801F0BBF81EE01F4C882322461F49AA
:1076F0001F4803F0B4F81B491E4803F0B0F8882176
:10770000204603F0A3F8637B23F004036373204651
:10771000FFF7EEFC134801F087F880B186F311887B
:10772000BFF36F8F0125DDB9637B13F0280FF1D113
:10773000A368002BE7D02046FFF784FCE3E70A4C60
:1077400040F2311322460C49094803F088F80549F4
:107750000A4803F084F840F23111204603F076F82D
:1077600070BD00BF68A50020002203003022030086
:10777000141F030048220300602203007822030044
:10778000F8B5344B9D68344B1D60344B984223D080
:1077900004460F461646EFF31183202383F3128825
:1077A000BFF36F8F2D4801F02FF810B32B4801F075
:1077B00055F8DDE9062331462648806809F0CEFCFD
:1077C000204601F031F818B3244801F02DF880B3B9
:1077D0003846FFF71DFCF8BD214C40F272232246CB
:1077E0002049214803F03BF840F27221204603F083
:1077F0002DF81E4C882322461D491B4803F02FF804
:1078000016491C4803F02BF88821204603F01EF887
:10781000164D40F26B132A461749134803F01FF820
:107820002146164803F01BF840F26B11284603F07E
:107830000DF80E4C40F26B1322460F490A4803F034
:107840000EF806490D4803F00AF840F26B11204685
:1078500002F0FCFF30A500206CA5002068A50020E8
:10786000947A0300307B0300141F030000220300FE
:107870003022030048220300602203007822030024
:10788000F8B50546EFF31187202383F31288BFF381
:107890006F8F204800F0B8FF28B100261D4800F087
:1078A000DDFF002418E01C4C882322461B491C489D
:1078B00002F0D5FF17491B4802F0D1FF882120466E
:1078C00002F0C4FF0024134800F0AEFF70B187F34C
:1078D0001188BFF36F8F0126CEB92C68A542F1D075
:1078E000002CF0D02046FFF7ADFBECE70A4C40F24D
:1078F000311322460C490A4802F0B1FF05490B48F2
:1079000002F0ADFF40F23111204602F09FFF204609
:10791000F8BD00BF68A5002000220300302203004C
:10792000141F030048220300602203007822030092
:107930002DE9F84304460D46EFF31189202383F324
:107940001288BFF36F8F6D4800F05EFF28B10027EB
:107950006A4800F083FF00266FE0694C88232246C6
:107960006849694802F07BFF6449684802F077FF84
:107970008821204602F06AFF03F07F036373644BA3
:107980009C4213D06268236813605A60002323600E
:10799000636069B2A173637B63F07F0363735D4AC5
:1079A00052F8183F934219D1002317E05A4C56233E
:1079B00022465A49544802F052FF5621204602F00E
:1079C00045FF5A686260236014605C601CE01A46E0
:1079D0005048C06982420DD01B686BB163B193F906
:1079E0000E209142F3D0521A002AEADC1A46002BEC
:1079F000EED1F2E70023F0E7464BDA6903F1180114
:107A0000216062601460DC61424B53F8187F9F4232
:107A100022D00FB33F4B9B689F4202D0384600F004
:107A200045FE3C4B5F61354800F0FEFE002851D01A
:107A300089F31188BFF36F8F0127002F5BD1637B20
:107A400003F01F02002A0CBF0126002694D013F079
:107A5000020F04D1A573E6E72E4BDF68DAE7A268D0
:107A60006AB1616823680B6059600023236063601A
:107A700068B2A07313689A4218D1002316E0284C0C
:107A8000992322462749204802F0E9FE9921204601
:107A900002F0DCFE5A686260236014605C60C2E73A
:107AA0009C4651688C450DD01B686BB163B193F94E
:107AB0000E108842F4D0091A0029EBDC9C46002BFA
:107AC000EFD1F2E70023F0E75368226063601C60A7
:107AD0005460A8E70A4C40F23113224612490A4882
:107AE00002F0BDFE0549114802F0B9FE40F2311125
:107AF000204602F0ABFE3046BDE8F88368A50020C2
:107B00000022030030220300141F03004822030058
:107B10003899002030A50020947A0300B87A030039
:107B2000207503004C7503006022030078220300D7
:107B300070B505460E46F9B9EFF30583E3B91B4B63
:107B40005A699B689A4217D000F06EFE18B1304611
:107B5000FFF75EFA18E0164C40F26B132246154907
:107B6000154802F07CFE2946144802F078FE40F2E7
:107B70006B11204602F06AFE284600F055FE20B147
:107B800086F31188BFF36F8F70BD094C40F231133B
:107B900022460849084802F062FE2946074802F0DA
:107BA0005EFE40F23111204602F050FE30A500206A
:107BB0000022030060220300141F03007822030048
:107BC00008B5034650B9EFF305823AB9064A516940
:107BD0009268914202D0FFF71BFA03E083F3118809
:107BE000BFF36F8F08BD00BF30A5002038B5EFF39D
:107BF0001185202383F31288BFF36F8F1A4800F09A
:107C000003FE80B10024184800F028FE5CBBFFF79B
:107C10003BFA154800F008FEA0B185F31188BFF3C8
:107C20006F8F0124F2E7114C882322461049114836
:107C300002F015FE0C49104802F011FE8821204682
:107C400002F004FE094C40F2311322460B49094868
:107C500002F005FE04490A4802F001FE40F231112B
:107C6000204602F0F3FD38BD68A500200022030085
:107C700030220300141F0300482203006022030087
:107C80007822030038B5EFF31185202383F312889F
:107C9000BFF36F8F474800F0B7FD20B1002445487F
:107CA00000F0DCFD4FE0444C882322464349444821
:107CB00002F0D5FD3F49434802F0D1FD882120461E
:107CC00002F0C4FD404C40F20D3322463F493C488F
:107CD00002F0C5FD3E4802F0C2FD40F20D312046E3
:107CE00002F0B4FD384C40F20E3322463949344894
:107CF00002F0B5FD364802F0B2FD40F20E312046EA
:107D000002F0A4FD344AD46831E0344CD523224635
:107D100033492B4802F0A3FD2D4802F0A0FDD521E8
:107D2000204602F093FDA34202D0204600F0BEFCA4
:107D3000294B5C611F4800F077FD38B385F311884B
:107D4000BFF36F8F0124002C31D1234B9B68DA7B6A
:107D5000002AB7D0EFF305810029C3D10132DA73CD
:107D60001D4A52F8184F9442CCD0002CCAD0002B98
:107D7000CBD05A7B12F01F0FD5D1DA897F2AD2D906
:107D8000A269002ACFD1144A5361D3E70A4C40F2CA
:107D90003113224613490A4802F061FD0549124891
:107DA00002F05DFD40F23111204602F04FFD09F076
:107DB000F0F938BD68A5002000220300302203003E
:107DC000141F030048220300947A03006C7B030015
:107DD000BC3303004477030030A50020DC7A0300A5
:107DE000087B0300602203007822030008B50248E4
:107DF00009F0F1F908BD00BF44A5002038B5EFF344
:107E00000583C3B9EFF31184202383F31288BFF3F2
:107E10006F8F404800F0F8FCE8B13E4800F01EFDCE
:107E20003D4B9A68DB699A4224D013685168126806
:107E30000A60516025E0394C40F22443224638491B
:107E4000384802F00CFD384802F009FD40F22441A8
:107E5000204602F0FBFC354C882322463449314849
:107E600002F0FDFC2B49334802F0F9FC8821204642
:107E700002F0ECFC0023D9E7274AD269934212D0E2
:107E80001B6893B1244A906890F90E1093F90E2064
:107E90009142F1D0521A002AEEDD5A684260036026
:107EA000106058600AE00023EBE71B4B9A68D96921
:107EB00003F11800106051600A60DA61164B53F844
:107EC000185F9D4211D085B1134B9B689D4202D033
:107ED000284600F0EBFB104B5D610E4800F0A4FC5F
:107EE00030B12046FFF794F838BD0B4BDD68EBE767
:107EF0000E4C40F26B1322460F490A4802F0AFFCC9
:107F000004490E4802F0ABFC40F26B11204602F02F
:107F10009DFC00BF68A5002030A50020947A0300D6
:107F200044770300141F0300BC3303000022030046
:107F3000302203004822030060220300782203005D
:107F40002DE9F041EFF30583002B3AD105460C46AD
:107F500051EA000345D0EFF31188202383F3128800
:107F6000BFF36F8F344800F04FFC00283DD0324FF4
:107F7000384600F073FC314EB068314B1860FFF7A3
:107F80003DF9B0682A4623462E49183000F004FD1A
:107F90000446B268537B43F004035373384600F041
:107FA00043FC88B34046FFF733F8244B9B689A6A3A
:107FB000DB6AB3F1004F08BF002A36D00020BDE8CD
:107FC000F081214C40F23C4322462049204802F0F7
:107FD00046FC204802F043FC40F23C41204602F0BF
:107FE00035FCFFF70BFF0020E9E71B4C88232246F6
:107FF0001A49174802F033FC0F49194802F02FFCC8
:108000008821204602F022FC134C40F26B132246DA
:1080100014490F4802F023FC3946134802F01FFCB4
:1080200040F26B11204602F011FC09F00AF9201A07
:108030000028C4DC0020C2E768A5002030A500208D
:108040006CA5002075110300947A030044770300A7
:10805000141F0300BC33030000220300302203007E
:1080600048220300602203007822030038B5EFF3B2
:108070000583BBBB04460D46FFF762FF84462046DE
:10808000B5F1FF3F08BFB4F1FF3F3CD04FEAEC72BF
:10809000510141EADC614FEA4C13B3EB0C0361EB95
:1080A0000201890041EA93719B0013EB0C0042EB43
:1080B0000103DB0043EA5073C00047F6FF728018EB
:1080C00043F10003B0F5004F73F100021AD36FF4CF
:1080D0000042824243F6FF729A4115D3C00B40EA38
:1080E000434010E00A4C40F26643224609490A48E0
:1080F00002F0B5FB094802F0B2FB40F266412046AF
:1081000002F0A4FB002038BD6FF00040FBE700BF89
:10811000947A030044770300141F0300BC33030068
:1081200038B50446EFF31185202383F31288BFF39B
:108130006F8F224800F068FBB0B1204800F08EFB42
:10814000637B13F0040F1ED004F1180000F01EFD35
:10815000637B23F0040363732046FEF7C9FF2946BF
:108160001648FFF7E5FC38BD154C88232246154913
:10817000154802F074FB1149144802F070FB882185
:10818000204602F063FB0D4800F04EFB20B185F362
:108190001188BFF36F8FE6E7094C40F23113224696
:1081A0000B49094802F05BFB04490A4802F057FBFF
:1081B00040F23111204602F049FB00BF68A50020C3
:1081C0000022030030220300141F03004822030092
:1081D0006022030078220300014B9868704700BFBB
:1081E00030A500202DE9F0470446067BEFF3118708
:1081F000202383F31288BFF36F8FB04800F004FB95
:1082000000B306F001068046AC4800F027FB657B12
:1082100015F0080F25D1BA4604F15809204608F098
:1082200049FF002855D045F020056573EFF305831D
:108230008BB339462046FFF73FF8002E40F02D81E2
:10824000BDE8F0879E4C882322469E499E4802F056
:1082500006FB9A499D4802F002FB8821204602F065
:10826000F5FA964800F0E0FA20B187F31188BFF3E1
:108270006F8FE5E7924C40F23113224694499248C1
:1082800002F0EDFA8D49934802F0E9FA40F231111B
:10829000204602F0DBFA49468F4B986808F00CFF45
:1082A000864800F0C1FA18B13846FEF7B1FEC4E7BF
:1082B000834C40F26B1322468549834802F0CFFA83
:1082C0007E49844802F0CBFA40F26B11204602F05E
:1082D000BDFA45F00803637313F0800F34D1A3682F
:1082E00013B12046FEF7AEFE04F1180000F04EFC7C
:1082F000484608F018FF784B9A6894423FD04FF0F8
:108300000008754B53F8185F9D423FD0002D3DD0BB
:10831000AA4202D0284600F0C9F96F4B5D612046A1
:1083200000F0A4FAB8F1000F33D16B4B9B689C426C
:1083300033D0624800F078FA002800F09D8087F37F
:108340001188BFF36F8F78E705F07F0545F00805CA
:108350006573624B9C4207D06268236813605A6061
:10836000002323606360BAE75D4C562322465D49D3
:10837000554802F074FA5621204602F067FAEFF3EE
:108380000583002BBDD14FF00008BAE7524BDD68E2
:10839000BEE75548FEF72AFEC7E7EFF30583002B3B
:1083A000C7D1237B13F0010F1DD0444800F03CFAE5
:1083B00088B387F31188BFF36F8F002383F311888D
:1083C000BFF36F8F0423184602DFEFF3118A2023D7
:1083D00083F31288BFF36F8F384800F015FA58B353
:1083E000364800F03BFA354800F01EFA002832D03B
:1083F0005046FEF70DFE3A4C4FF4DD7322463B49E2
:10840000314802F02CFA3A4802F029FA4FF4DD71B3
:10841000204602F01BFA2A4C40F2311322462C4926
:10842000294802F01CFA25492A4802F018FA40F2BD
:108430003111204602F00AFA214C882322462149B4
:10844000214802F00CFA1D49204802F008FA882160
:10845000204602F0FBF91A4C40F26B1322461C49ED
:10846000194802F0FCF915491A4802F0F8F940F2EF
:108470006B11204602F0EAF9114C40F2311322460A
:108480001349114802F0EBF90C49124802F0E7F9E0
:1084900040F23111204602F0D9F9114D40F23D531E
:1084A0002A461449084802F0DAF92146124802F037
:1084B000D6F940F23D51284602F0C8F968A50020DF
:1084C0000022030030220300141F0300482203008F
:1084D000602203007822030030A500203899002094
:1084E000947A0300B87A0300809B0020A07B0300ED
:1084F000AC7B0300D07B0300DC7B03002DE9F0475D
:1085000005460F469046EFF31186202383F3128829
:10851000BFF36F8F264800F077F938B10024824608
:10852000234800F09BF94FF0000917E0214C882305
:1085300022462149214802F092F91D49204802F0C3
:108540008EF98821204602F081F9194800F06CF973
:10855000D0B186F31188BFF36F8F01242CBB2C6838
:10856000A542F2D0002CF0D0C4F8B070C4F810804E
:108570002046FEF767FD04F1180000F007FB2046D7
:10858000FEF7B6FDD146E0E70A4C40F23113224631
:108590000C490A4802F063F905490B4802F05FF9FB
:1085A00040F23111204602F051F94846BDE8F0870B
:1085B00068A500200022030030220300141F0300DE
:1085C0004822030060220300782203002DE91048AE
:1085D00083B0089CDDE906BCCDE900BCFFF7D0F80C
:1085E0001CB1034B9B681B69236003B0BDE8108876
:1085F00030A50020D8B10346134A904217D302F1A8
:108600001801884213D2811A104AA2FB01021209F2
:1086100002EB4202B1EBC20F09D10B4A9B1ADB10ED
:108620000A4A02FB03F30A4A0121D154704710B5EC
:10863000084C382322460849084802F010F938212E
:10864000204602F003F900BF389C0020ABAAAAAA7A
:1086500070A50020FC7B0300247C0300141F030092
:10866000C3897F2B11D80E4B1B687BB190F90E206C
:108670000C4B1B689A420CDB437B13F01F0F0AD193
:10868000094B984209D0012300E0002303F00100C8
:1086900070470023FAE70023F8E70023F6E700BF5E
:1086A0004489002074A500203899002070B5054643
:1086B0000D4B1E7C06EB46030C4C04EBC30420461A
:1086C00000F064FA0A4B00229A552846FFF7C8FFCB
:1086D00000B970BD074B1A68013AD3170649204606
:1086E00000F05AF9F5E700BF30A50020389C0020C3
:1086F00070A5002044890020F585020038B5EFF30D
:108700001185202383F31288BFF36F8F344800F064
:108710007BF820B3324800F0A1F8324B9C68324B12
:108720001B68A3422AD0304B00221A602D4B1B7CC1
:108730002E4AD35C53B12046FFF792FF30B1637BE2
:1087400013F01F0F37D02046FFF7B0FF244800F08A
:108750006BF8A0B385F31188BFF36F8F38BD244C3D
:10876000882322462349244802F079F81C492348EB
:1087700002F075F88821204602F068F82046FFF7DD
:1087800095FF174800F050F820B185F31188BFF32A
:108790006F8FE3E7164C40F2311322461849164812
:1087A00002F05DF80E49174802F059F840F2311115
:1087B000204602F04BF82046FEF742FEC3E70C4C81
:1087C00040F2311322460E490B4802F048F80449A2
:1087D0000C4802F044F840F23111204602F036F81D
:1087E00068A5002030A500206CA5002070A5002001
:1087F0000022030030220300141F0300482203005C
:10880000602203007822030003683BB103F00303F6
:10881000044A127C934203D0012070470120704724
:108820000020704730A50020016800230360EFF3AB
:1088300005832BB1084B9B685B7B13F0010F07D1BD
:10884000054A137C926813438B4203D10120704781
:10885000012070470020704730A50020024A137C99
:10886000926813430360704730A5002038B5044672
:10887000EFF31185202383F31288BFF36F8F204815
:10888000FFF7C2FF50B11E48FFF7E8FF1D4B1B6A00
:10889000A34213D15A6F1B4B1A6216E01A4C88235D
:1088A00022461A491A4801F0DAFF1549194801F021
:1088B000D6FF8821204601F0C9FF134613B15A6F35
:1088C000A242FAD10BB1626F5A670D48FFF7ACFFB5
:1088D00020B185F31188BFF36F8F38BD0A4C40F289
:1088E000311322460C490A4801F0B9FF04490B48EC
:1088F00001F0B5FF40F23111204601F0A7FF00BFA3
:1089000078A5002030A500200022030030220300BB
:10891000141F030048220300602203007822030092
:1089200008B50648064A121A064908F0F2F9064840
:10893000064A121A064908F0ECF908BDC084002066
:10894000908C0020E8800300B8840020C0840020C0
:10895000E0800300034B1868984200D07047002065
:10896000FCE700BF4889002030B1044A52689042B9
:1089700001D0006870470020704700BF4889002080
:1089800008B5044B1B680BB1002008BDF8F744FA8A
:10899000FBE700BF7CA500202DE9F04F83B0B3F1C9
:1089A000FF3F08BFB2F1FF3F1BD0044690461E4672
:1089B0000368F3B981604FF00009EFF3118A2023B7
:1089C00083F31288BFF36F8F6348FFF71DFF019099
:1089D000E8B16148FFF742FF4FF0000B5D464B46A0
:1089E0005AE04FF0000B5D465846294603B0BDE8FB
:1089F000F08F5A4C7223224659495A4801F02FFFF2
:108A0000594801F02CFF7221204601F01FFF574CFE
:108A1000882322465649534801F021FF4E495548C4
:108A200001F01DFF8821204601F010FFFFF7A8FF8D
:108A3000009018F1010B46F1000510EB0B0345EB1C
:108A4000E075236165614C490A68496813EB020BC4
:108A500045EB0105DDF8049046E0C91A67EB020218
:108A6000016142614368636020601C60446005E00E
:108A7000424B5A682360626014605C60FFF76AFFD3
:108A8000844245D03448FFF7CFFE002852D08AF305
:108A90001188BFF36F8F0123002BA5D1C346354644
:108AA0006FF00103B3EB08034FF0FF3363EB0603F2
:108AB000002BBBDB304B19685B6818EB010143EB03
:108AC00006036FF00102521A4FF0FF3161EB03030E
:108AD00010461946012A73F1000301DA0120002132
:108AE000206161614FF00009FFF734FF0028BFD01B
:108AF00001694769236962698B4272EB070CACDB41
:108B00005B1A62EB070223616261FFF72DFFEDE75D
:108B10001B4B1B68002BB5D1B9F1000F06D0009894
:108B200008F074FB0021F8F73DF9ABE7FFF728FFE9
:108B30000090F4E70D4C40F23113224611490948E8
:108B400001F08DFE0449104801F089FE40F2311118
:108B5000204601F07BFE00BF80A500205C7E030064
:108B6000807E0300141F0300BC33030000220300B7
:108B70003022030048220300509C00204889002036
:108B80007CA5002060220300782203002DE9F0413B
:108B90000546EFF31186202383F31288BFF36F8F0E
:108BA0002948FFF731FE30B100242748FFF756FE71
:108BB0006FF015081FE0254C8823224624492548DC
:108BC00001F04DFE2049244801F049FE882120464D
:108BD00001F03CFEFFF7D4FE08F018FB0021F8F787
:108BE000E1F8B8461848FFF71FFEC0B186F31188B8
:108BF000BFF36F8F0124274614BB2B68002BF1D0E5
:108C0000FFF7A8FE0446284608F0E9FA00224FF0D4
:108C10000043C5E90423AC42DCD0B846E2E70B4C84
:108C200040F2311322460D490A4801F018FE064968
:108C30000B4801F014FE40F23111204601F006FE0F
:108C40004046BDE8F08100BF80A50020002203005F
:108C500030220300141F0300482203006022030097
:108C60007822030070B50446EFF31185202383F3C7
:108C70001288BFF36F8F5748FFF7C6FD002841D019
:108C80005448FFF7EBFD544B1C60FFF763FE0446AE
:108C9000002C66D0266961694F4B1A68D317B2421F
:108CA0008B415EDB4D4A136851689B1941EBE671BD
:108CB0001360516000220023C4E90423204608F019
:108CC0008EFA4448FFF7B0FD58B385F31188BFF31F
:108CD0006F8FA36820469847EFF31185202383F315
:108CE0001288BFF36F8F3B48FFF78EFD50B33948B2
:108CF000FFF7B4FD384A13689B1B1360FFF72AFE89
:108D00000446C5E7364C882322463649364801F0EA
:108D1000A6FD3049354801F0A2FD8821204601F02A
:108D200095FD2F4C40F23113224631492E4801F077
:108D300096FD28492F4801F092FD40F2311120465E
:108D400001F084FD264C882322462649264801F05E
:108D500086FD2049254801F082FD8821204601F04A
:108D600075FD44B1236962691B4909685B1A62EBAE
:108D7000E17223616261194A174E306813685168C5
:108D80001B1841EBE07113605160002434602046F1
:108D900008F03CFA2146F8F705F80E48FFF744FDC5
:108DA00030B185F31188BFF36F8FFFF7A7FC70BD5B
:108DB0000B4C40F2311322460D490B4801F04FFD98
:108DC00004490C4801F04BFD40F23111204601F0FE
:108DD0003DFD00BF80A500207CA50020509C002008
:108DE0000022030030220300141F03004822030066
:108DF0006022030078220300F8B5EFF311862023E8
:108E000083F31288BFF36F8F1F48FFF7FDFCC0B1DB
:108E100000271D48FFF722FD002425468FBBFFF7E2
:108E2000AFFD1A4A14685568041945EBE0751648F9
:108E3000FFF7FAFCA0B186F31188BFF36F8F01270B
:108E4000ECE7134C882322461249134801F007FD32
:108E50000D49124801F003FD8821204601F0F6FC7F
:108E60000B4C40F2311322460D490B4801F0F7FC40
:108E700005490C4801F0F3FC40F23111204601F0A5
:108E8000E5FC20462946F8BD80A50020509C002026
:108E90000022030030220300141F030048220300B5
:108EA00060220300782203002DE9F0410446EFF32D
:108EB0001185202383F31288BFF36F8F7A48FFF761
:108EC000A3FC78B17848FFF7C9FC2E4623684BB362
:108ED0007548FFF7A9FCA0B185F31188BFF36F8F28
:108EE000BDE8F081714C882322467149714801F038
:108EF000B6FC6D49704801F0B2FC8821204601F0B3
:108F0000A5FC6A4C40F2311322466C49694801F0D5
:108F1000A6FC65496A4801F0A2FC40F231112046E6
:108F200001F094FCA26AE36A52EA030105D0B3F1AE
:108F3000FF3F08BFB2F1FF3F39D1236B01332363F9
:108F4000236AD3B15848FFF76FFC002860D085F33F
:108F50001188BFF36F8F236A20469847EFF311867D
:108F6000202383F31288BFF36F8F4F48FFF74CFC29
:108F700000285ED04C48FFF771FC04F11803A46987
:108F8000A34265D0002C63D02046FEF749FB0023A6
:108F9000C4F8B0304448FFF747FC002872D086F38D
:108FA0001188BFF36F8F2046FEF7E6FA98E7174661
:108FB0009846012A73F1000302DA01274FF00008F6
:108FC000013F48F1FF3808F040F9013041F100015C
:108FD000C01948EB0101012871F1000108DA6FF0B6
:108FE00001024FF0FF3337492046FFF7D5FCA4E7D5
:108FF00008F02BF9013041F10001C01948EB0103E1
:109000006FF00102121A4FF0FF3161EB0303EAE740
:10901000264C40F2311322462849264801F01FFC15
:109020002149274801F01BFC40F23111204601F094
:109030000DFC1E4C882322461D491E4801F00FFCE2
:1090400019491D4801F00BFC8821204601F0FEFB68
:109050001548FFF7E9FB20B186F31188BFF36F8F46
:109060003EE7124C40F2311322461449114801F0F8
:10907000F6FB0D49124801F0F2FB40F23111204697
:1090800001F0E4FB094C40F2311322460B49094838
:1090900001F0E5FB04490A4801F0E1FB40F231111F
:1090A000204601F0D3FB00BF84A50020002203006E
:1090B00030220300141F0300482203006022030033
:1090C00078220300A98E0200F8B5064614461D4614
:1090D000EFF31187202383F31288BFF36F8F3A4891
:1090E000FFF792FB58B33848FFF7B8FB2946B5F1B4
:1090F000FF3F08BFB4F1FF3F30D06FF00102121BF9
:109100004FF0FF3262EB0502002A41DB3046FFF7E9
:109110003DFDDDE90623C6E90A2300233363224629
:109120002B462A493046FFF737FC2748FFF77CFBE0
:10913000002837D087F31188BFF36F8FF8BD244C18
:10914000882322462349244801F089FB1E492348ED
:1091500001F085FB8821204601F078FB1A48FFF7D3
:1091600063FB20B187F31188BFF36F8FE6E7184CDC
:1091700040F2311322461A49174801F070FB124998
:10918000184801F06CFB40F23111204601F05EFB03
:10919000012C71F1000101DA01240025013C45F1A7
:1091A000FF35B3E70A4C40F2311322460C490A4816
:1091B00001F055FB04490B4801F051FB40F231111D
:1091C000204601F043FB00BF84A50020A98E0200C9
:1091D0000022030030220300141F03004822030072
:1091E000602203007822030038B50D46806808F03D
:1091F000BAF830B10446437B13F0020F11D10020BE
:1092000038BD114C4FF4867322461049104801F0C6
:1092100026FB104801F023FB4FF48671204601F035
:1092200015FB07F0ADFF082D0AD00023C4F8B030BD
:10923000637B13F01F0FE2D12046FEF79DF9DEE7B6
:109240006FF00303F2E700BFA07E0300E47E03009B
:10925000141F0300FC7E0300F8B505460E46EFF32D
:109260001187202383F31288BFF36F8F2148FFF704
:10927000CBFAE0B11F48FFF7F1FA2C68A54225D0E0
:109280006268236813605A6000232360636031467C
:10929000204608F081F81748FFF7C6FAC0B187F3F7
:1092A0001188BFF36F8F201E18BF0120F8BD124C2C
:1092B000882322461149124801F0D1FA0D4911487C
:1092C00001F0CDFA8821204601F0C0FA0024E2E73F
:1092D000094C40F2311322460B49094801F0BFFA0C
:1092E00004490A4801F0BBFA40F23111204601F06E
:1092F000ADFA00BF88A50020002203003022030041
:10930000141F030048220300602203007822030098
:1093100070B504460D46EFF31186202383F31288BF
:10932000BFF36F8F2348FFF76FFAC8B12148FFF7EB
:1093300095FAE5600123A360206884421FD042684B
:10934000036813605A60002303604360012108F042
:1093500023F8044631461748FEF7EAFB204670BD65
:10936000154C882322461549154801F078FA114911
:10937000144801F074FA8821204601F067FA0D487C
:10938000FFF752FA28B186F31188BFF36F8F0024DC
:10939000E4E7094C40F2311322460B49084801F03A
:1093A0005EFA0449094801F05AFA40F231112046A8
:1093B00001F04CFA88A500200022030030220300AF
:1093C000141F0300482203006022030078220300D8
:1093D0002DE9F84F01F1FF3818EA010F30D10646A8
:1093E0000D469A460023141D38D2002B68D145F053
:1093F000040B06F11407EFF31189202383F312887D
:10940000BFF36F8F3846FFF7FFF948B33846FFF7D1
:1094100025FA224659463046D04704463846FFF7DB
:1094200003FA60B389F31188BFF36F8F2CB144F84E
:10943000046B15B114EA080F32D12046BDE8F88F4D
:10944000204C172322462049204801F008FA2048E2
:1094500001F005FA1721204601F0F8F90123C4E7CD
:109460001C4C882322461C49184801F0F8F939465B
:109470001A4801F0F4F98821204601F0E7F9154C6B
:1094800040F2311322461649104801F0E8F93946F6
:10949000144801F0E4F940F23111204601F0D6F908
:1094A000084E342332461049084801F0D8F92A46BC
:1094B00021460E4801F0D3F93421304601F0C6F9B7
:1094C0000024BAE71C7F0300407F0300141F030041
:1094D0005C7F0300002203003022030048220300C7
:1094E00060220300782203007C7F0300B07F03002A
:1094F00070B506460C46154607F0C9FD50B9064B37
:109500009B68D3F8A80020B12B4622463146FFF7CE
:109510005FFF70BD0148F7E730A50020788A002082
:1095200008B50246024B00210248FFF751FF08BD73
:109530005DA20200788A0020014BC0F8A830704775
:10954000788A002008B50146024A0020FFF7D0FFC4
:1095500008BD00BF5DA202000268124B9A4215D1FD
:10956000C269A3F11023A3F1EF139A4210D18368CB
:10957000012B0FD8C36813B1026993420CD0436921
:1095800063B1826993420BD000207047012070477D
:10959000012070470120704701207047002070476C
:1095A0000120704755AA00FF70B5114B9D68B5B1F9
:1095B0002846FFF7D1FF064698B9EB6813B101269C
:1095C000304670BD2C69002CFAD02046FFF7C4FF4E
:1095D00048B9E368AB4208D125462469F3E7012680
:1095E000EEE70126ECE70126EAE70126E8E700BFFF
:1095F0008CA50020002800F08F8038B50446474B2A
:109600001B68002B78D0454A9268002A74D08342A8
:1096100056D8424A52681344834251D9A0F12005DA
:109620002846FFF799FF00284DD154F8183C012B2C
:109630004CD1002344F8183C54F8143CCBB19A6840
:10964000002A46D15A6854F81C1C0A4420325A6039
:1096500054F8143C54F8102C1A6154F8144C236933
:1096600003B1DC6020220021284607F0F7FE2B46DC
:1096700025462869002839D08268002A36D16B68CF
:109680004268134420336B6003692B616B6913B329
:109690002BB3AA699A61AB690BB16A695A614369D4
:1096A0006B618269AA61F3B19D61AB6903B15D61D0
:1096B0002B6903B1DD602022002107F0CFFE16E008
:1096C000012000F0FFF8012000F0FCF8012000F07C
:1096D000F9F80023CDE7AA69002AD9D1DFE7AA6902
:1096E0000E4BDA60D7E70D4BDD60DEE72BB10B4B9D
:1096F0001B6913F0020F08D138BD084BDB68AB6162
:1097000003B15D61054BDD60F1E7FFF74DFF002818
:10971000F2D0012000F0D6F8704700BF8CA50020E1
:1097200070B54A4BDC681D68002D00F089809D688B
:10973000002D00F0858001FB00F600287BD0002979
:109740007BD0B6FBF0F0884279D116F1040F79D8BE
:1097500016F0030F2DD026F00302043200E0A469B6
:1097600014B163689342FAD3002C6DD0A36813BB85
:109770006168891A232928D80123A3606369EBB1A2
:10978000A2699A61A3690BB162695A61002363619E
:10979000A3612E4B1B6913F0010F02D0FFF704FFEA
:1097A00080B904F1200532460021284607F056FE14
:1097B00046E03246D4E7012000F084F8A269234B4A
:1097C000DA60DFE7012000F07DF802F120002318C5
:1097D0002039596000219960DC60216919611C4DB4
:1097E00025501C48D86101B1CB6061695961A069FD
:1097F0009861D1B18B61996901B14B610121A1607F
:109800006260236100236361A361104B1B6913F045
:10981000010F02D0FFF7C8FE50B904F1200532460F
:109820000021284607F01AFE0AE00849CB60E2E76B
:10983000012000F047F8002502E0002500E00025A7
:10984000284670BD0025FBE72546F9E78CA50020DA
:1098500055AA00FF669911EE38B505460C46154B22
:1098600000221A605A609A60DA601A61124913483D
:10987000F7F7DCFA232C1CD915F0030304D01C44A1
:10988000043CC3F104031D4422460021284607F08E
:10989000E5FD084B1D605C609D60203C6C609A6833
:1098A000074911609A68A1F11021A1F1EF11D1616E
:1098B000DA6038BD8CA50020F595020021970200E2
:1098C00055AA00FF08B5074B044613B10021AFF3BA
:1098D0000080054B1868836A03B198472046EDF76E
:1098E0001DF900BF00000000D87F03002DE9F843F8
:1098F0001F46804689461646E7F716FA4E4B044641
:109900000D4693F90030013315D032463B463046C0
:109910003946E7F777F870B942464B464046494624
:10992000E7F770F80022002348B130463946E7F7E0
:1099300037F800287CD120462946BDE8F883404608
:109940004946E7F72DF8E0B10022002330463946BA
:10995000E7F726F800286BD13046394607F0BBFD03
:109960000028E8D00022002330463946E7F722F8E5
:109970000028E0D001F058FF2123036000242F4D80
:10998000D9E72046294607F0A6FDB0BB4046494628
:1099900007F0A1FD88B33046394607F09CFD60B35F
:1099A00022462B4620462946E7F72CF860B101F005
:1099B0003BFF212300220360002310461946E6F7EF
:1099C000B1FE04460D46B6E701F02EFF2223002229
:1099D0004946036000234046E6F7ECFF10B9002437
:1099E000174DA8E73046394600F0ECF832463B46C2
:1099F000E6F7D6FF0028F2D1C0E700220023204678
:109A00002946E6F7CDFF002895D04046494607F0A5
:109A100062FD00288FD03046394607F05CFD0028F3
:109A200089D001F001FF222300240025036082E792
:109A30000024044D7FE700BFB08900200000F0FF44
:109A40000000F07F0000F03F5A4A0B468A432DE9A0
:109A5000F04104460D4606460ED10246E6F738FDB3
:109A600002460B4620462946E6F77CFB04460D4697
:109A700020462946BDE8F08100290CDC21F0004297
:109A80000243F5D089B10246E6F76AFB02460B466F
:109A9000E6F748FEEAE70A1515D1002109E0F30AC6
:109AA000153A7605002BFAD0F7E70A46FAE75B008D
:109AB0000131DC02FBD5481E121AC1F1200026FA42
:109AC00000F08E400343C3F31303D007A2F2FF3527
:109AD0004FF0000743F480134FF0160E4FEA650570
:109AE000B84658BF5B004FF400125CBF03EBD6735F
:109AF00076005B0003EBD673760008EB0201994217
:109B0000DEBF5B1A02EB0108BF18BEF1010E4FEA7F
:109B100043034FEA520203EBD6734FEA4606ECD1F9
:109B2000F44620204FF00041984501EB0E022FDB58
:109B30000BD1B24209D8002A01EB020E02DABEF1C3
:109B4000000F2CDA0023B61A8C445B0001384FEA70
:109B5000510103EBD6734FEA4606E5D1334308D0F3
:109B6000BCF1FF3F13BF0CF101030137844623F022
:109B7000010C7A10F9074FEA5C0302F17F5248BFEB
:109B800043F0004302F50012184602EB05516DE761
:109B9000002A01EB020E0BDABEF1000F08DB08F120
:109BA0000104B242A3EB080300D9013BA046CAE777
:109BB0004446F6E70000F07F00200149704700BFEF
:109BC0000000F87FC1F30A5C0B46F7B5ACF2FF3634
:109BD00002460D460446132E4FEAD1775BDC002E79
:109BE0002EDA21F00041014326D0C3F313016A0CA1
:109BF00005F000450C435204634223431B0B03F45E
:109C0000002343EA020102460B46324901EBC70139
:109C1000D1E9006739463046E6F7A4FA3B463246BA
:109C2000CDE90001DDE90001E6F79AFA21F00043F1
:109C3000024645EA03073B461046194603B0F0BD0D
:109C40002549314101EA03001043F5D04B0805EAEC
:109C500051010C430BD0A6F1130225EA03034FF484
:109C60008025544245FA06F554411D43E40719493D
:109C70002B46224601EBC701D1E900452046294683
:109C8000E6F770FA22462B46CDE90001DDE9000136
:109C9000E6F766FA06E0332E07DDB6F5806FCBD126
:109CA000E6F760FA02460B46C6E7ACF2134C4FF0FB
:109CB000FF3121FA0CF10842BED04B0810EA5101E5
:109CC0001FBF4FF0804420EA030344FA0CF41C4306
:109CD000CDE700BFE81C0300FFFF0F007047F8B599
:109CE00004460D4601F128073846E8F73BF8C4E979
:109CF000000105F150063046E8F734F8C4E90201E6
:109D000078352846E8F72EF8C4E904013846E7F725
:109D1000EFFFC4E906013046E7F7EAFFC4E90801AE
:109D20002846E7F7E5FFC4E90A01F8BD0368C36008
:109D30000021016100220023C0E906230162816243
:109D4000C0E90C23C0E90E23C0E91023C0E91223A7
:109D50000165C0E91623C0E91823C0E91A23C0E948
:109D60001C238167C0E92023C0E92223C0E9242302
:109D7000C0E9262380F8A010C0F8A41080F8A8102D
:109D8000704700EBC1018368B3F5004F0AD322B1DD
:109D90004B6843F001034B6070474B6823F00103AD
:109DA0004B60704722B14B8843F001034B807047F2
:109DB0004B8823F001034B807047C9008368B3F5DB
:109DC000004F03D308231944084470470423FAE7DB
:109DD00010B400EBC10C8468B4F5004F19D3DCF863
:109DE0000C30994218D0B4F5004F21D3DCF808109C
:109DF000043240F8223000EBC102B4F5004F1AD310
:109E0000D36000EBC3038268B2F5004F15D39960AD
:109E10000CE0BCF80630E4E7C3680121914023EA76
:109E20000103C3600432002340F8223010BC7047A5
:109E3000BCF80410DCE7D380E3E79980F6E7131D54
:109E400050F82330DBB9C3684FF0010C0CFA02FC68
:109E500043EA0C03C360043240F8221000EBC10354
:109E60008268B2F5004F06D399608268B2F5004F60
:109E700003D3D96070479980F7E7D980704710B550
:109E800000EBC30C8468B4F5004F1CD3DCF8082049
:109E900000EBC10EB4F5004F18D3CEF8082084684B
:109EA000B4F5004F15D3CEF80C3000EBC202836836
:109EB000B3F5004F10D3D1608368B3F5004F0DD3D5
:109EC000CCF8081010BDBCF80420E1E7AEF804207F
:109ED000E5E7AEF80630E8E7D180EDE7ACF804102E
:109EE000F0E730B400EBC10C8468B4F5004F29D31F
:109EF000DCF80450531A891A01EB55015D00B4F5E2
:109F0000004F22D3CCF804504C0000EBC20C856803
:109F1000B5F5004F1CD3CCF804408468B4F5004F6D
:109F200019D340F832308368B3F5004F16D3DCF80C
:109F3000044002EB5402B3F5004F12D340F8321044
:109F400030BC7047BCF80250D4E7ACF80250DBE7F5
:109F5000ACF80240E1E720F83230E4E7BCF8024018
:109F6000E7E720F83210EBE730B400EBC10184687A
:109F7000B4F5004F1ED34B685B0800EBC20CB4F580
:109F8000004F19D3DCF8045003EB55035D00B4F522
:109F9000004F14D34D608168B1F5004F11D3DCF848
:109FA000044002EB5402B1F5004F0DD340F83230BB
:109FB00030BC70474B88DFE7BCF80250E4E74D80C7
:109FC000E9E7BCF80240ECE720F83230F0E78368BC
:109FD000B3F5004F04D30823C91A081AC008704704
:109FE0000423F9E708B58368B3F5004F07D300EB06
:109FF000C10252685208012A02D0002200E0002269
:10A00000A2B900EBC102B3F5004F10D35268520859
:10A01000B3F5004F0DD308230833A2EBD30201326E
:10A02000B2FA82F2C2F11F02FFF7D2FE08BD5288D7
:10A03000EDE70423F0E708B58368B3F5004F07D3D5
:10A0400000EBC10252685208012A02D0002200E04F
:10A050000022A2B900EBC102B3F5004F10D3526841
:10A060005208B3F5004F0DD308230833A2EBD302F7
:10A070000132B2FA82F2C2F11F02FFF7E0FE08BD20
:10A080005288EDE70423F0E7F8B504460D46CE000C
:10A0900000EBC1078368B3F5004F1FD3796805EB68
:10A0A000510104EBC102B3F5004F19D3536813F00B
:10A0B000010F17D0A368B3F5004F24D3A159691A33
:10A0C00004EBC102B3F5004F1FD3536813F0010F27
:10A0D0001DD029462046FFF7AEFFF8BD7988DEE7A0
:10A0E0005388E4E72046FFF77DFFA368B3F5004FF0
:10A0F00007D37A6805EB520229462046FFF734FF62
:10A10000D8E77A88F6E7A15BD9E75388DEE72046EF
:10A11000FFF768FFA368B3F5004F0CD3A1592A4697
:10A12000691A2046FFF720FFA368B3F5004F04D358
:10A13000A359ED1ACDE7A15BF1E7A35BF9E7F8B509
:10A140008568B5F5004F10D308230833A1EBD3037E
:10A150000133B3FA83F3C3F11F02C3F1230450F8B0
:10A16000246046B34FF0030C12E00423EDE7BEF881
:10A17000027017E02146FFF72BFE24E0BEF80640F0
:10A18000171D40F82740BCF1010C14D0A64212D094
:10A19000141D50F8244000EBC40EB5F5004FE6D373
:10A1A000DEF80470B1EB570FE4D9B5F5004FE5D3F5
:10A1B000DEF80C40E4E7C468C3F1200201239340B9
:10A1C0005B421C4001D12046F8BD94FAA4F2B2FAD9
:10A1D00082F2131D50F823402146FFF7F9FDF2E704
:10A1E00070B50568A1B30B46AA68B2EBD10F31D99F
:10A1F000B2F5004F1DD308229C180734E40821460D
:10A200002846FFF79CFF064630B305EBC003AA685B
:10A21000B2F5004F0FD35B68B4EB530F0DD301229F
:10A2200031462846FFF7ADFD31462846FFF7C5FD0C
:10A2300070BD0422E0E75B88EEE7344422463146F5
:10A240002846FFF74EFE21462846FFF7F4FEE6E7D4
:10A250000020EDE70020EBE70020E9E708B5114614
:10A26000FFF7BEFF08BD10B50C4611461A46029B0B
:10A27000A04710BD4038C0B23A288CBF0020012052
:10A28000704770B5144668B10D46194606462BB99D
:10A290001046E6F7F1FB83B2013399B22A46204615
:10A2A000B04770BD1046E6F7E7FB0130F9E75BB356
:10A2B0002DE9F04782B00746884691461D461A7838
:10A2C0005E789C78DB7804EB820404EB43042C4436
:10A2D0004FF0000A0AE014F8013B45F823402046FD
:10A2E000E6F7CAFB013004440AF1010AB245F2D391
:10A2F00005F1080300936B684A4641463846FFF76C
:10A30000B2FF02B0BDE8F0876FF0150070472DE98D
:10A31000F0410446884600273E4607E0702D18D0DD
:10A320002846FFF7A7FFB8B9252D0ED014F8015B1A
:10A3300075B1002EF8D04745F0D02846FFF79AFFB8
:10A340000028F1D001370026EEE786F00106EDE7A0
:10A3500000263046BDE8F0810026FAE7002070476D
:10A3600010B40C6864B18A684B689A4208DA013B01
:10A370009A4209D0A0548B6801338B6010BC70479F
:10A380008B6801338B60F9E70023A354F3E70FB424
:10A3900000B583B004A951F8040B0191E8F72EF938
:10A3A00003B05DF804EB04B070470CB400B583B0A3
:10A3B00004AB53F8042B0193E8F72EF903B05DF8D2
:10A3C00004EB02B0704708B50446084611461A4629
:10A3D000A047FDF701FFEBF72DFF30B583B0044632
:10A3E0000191037843F0800303700D460B782A2B0C
:10A3F00018D001A8E8F728F9019B9D420FD02378D7
:10A4000043F0800323706060DBB2C3F34003002895
:10A4100010DB00221343227863F34102227001987B
:10A4200003B030BD437843F0010343700846013068
:10A430000190F5E70122EDE710B582B001910B78AC
:10A440002E2B14BF00230123427863F34102427094
:10A45000C3B10446019B5A1C01925B782A2B13D08E
:10A4600001A8E8F7F1F8A0602378C3F340030028BF
:10A4700012DB00221343227863F341022270019819
:10A4800002B010BD0846FBE7437843F00403437075
:10A49000104601300190F3E70122EBE702460B780A
:10A4A0004C3B2E2B5BD8DFE803F04F5A5A5A5A5ACE
:10A4B0005A5A5A5A5A5A5A5A5A5A5A5A5A5A5A5AFC
:10A4C0005A5A5A5A5A5A185A3A5A295A5A5A5A5A7F
:10A4D0005A5A485A5A5A5A5A4100481C4B78682BC3
:10A4E00005D05378022161F3C60353707047537847
:10A4F000012060F3C6035370881C7047481C4B78DA
:10A500006C2B05D05378032161F3C6035370704759
:10A510005378042060F3C6035370881C7047537847
:10A52000052060F3C6035370481C7047537806201B
:10A5300060F3C6035370481C70475378072060F3DC
:10A54000C6035370481C70475378082060F3C60355
:10A550005370481C137843F002031370704753780C
:10A560006FF3C60353700846704700B502460846AD
:10A5700010F8013BD370782B17D86E2B45D2692B7E
:10A5800013D8582B17D3A3F1580C5FFA8CFC012178
:10A5900001FA0CF111F4624F15D140F6010C11EAE9
:10A5A0000C0F71D111F4043F56D1137843F001031D
:10A5B000137000215EE0412B05D0F6D3A3F14501D5
:10A5C000C9B20229F1D891784FF0040C6CF3020162
:10A5D0009170612B6CD0412B68D00021537861F3CE
:10A5E000C7135370DBB292F90110002974DB03F03A
:10A5F0007803182B5ED0002B70D0402B70D01378CE
:10A6000043F001031370002134E0A3F16E01C9B2DD
:10A610004FF0010C0CFA01FC40F282411CEA010FE0
:10A6200014BF4FF0010E4FF0000E2DD11CF0240F7F
:10A6300014BF0121002143D11CF0010CB5D0937847
:10A640004FF0030E6EF302039370537803F0780318
:10A65000402B0FD161460DE091784FF0010C6CF367
:10A6600002019170517801F07801402913D0632BD9
:10A6700018D000211378C3F3400C41EA0C0161F3B8
:10A68000410313705DF804FB91784FF0020C6CF3FA
:10A6900002019170E6E792F800C04CF0010C82F8DC
:10A6A00000C0E4E7003918BF0121E3E7012195E785
:10A6B000012193E753786FF3C60353700021D9E764
:10A6C00093784FF0030C6CF302039370537813F0FC
:10A6D000780FCFD17146CDE70121CBE70021C9E743
:10A6E0000021C7E710B504460846002323606360D5
:10A6F000A3604B78252B14D001312046E7F7BAFF31
:10A7000001462046FFF769FE01462046FFF794FE0A
:10A7100001462046FFF7C2FE01462046FFF725FF0F
:10A7200010BDE3700230FBE700B5026841684FF0EE
:10A7300033339E46A2FB032C12EB0E0E43EB0C0EA2
:10A7400012EB0E024CF1000CA1FB03138A1843EB31
:10A750000C02891843F10003016043605DF804FBBB
:10A7600008B502684168520842EAC17249080260AD
:10A770004160FFF7D9FF08BD84460B68002B17DD49
:10A78000013B0B6001684368980040EA91708A00C1
:10A79000521843EB000392185B41CCF80020CCF830
:10A7A0000430180F303023F07043CCF80430704779
:10A7B000302070476F280CD005D970280BD078282E
:10A7C0000BD110207047582801D00A207047102064
:10A7D000704708207047102070470A207047437860
:10A7E000C3F3C303072B18D8DFE803F00406080AF5
:10A7F0000C1014160A6070470A7070470A80704780
:10A800000A607047D3170A604B607047D3170A601D
:10A810004B6070470A6070470A6070472DE9F0414D
:10A8200080460F4614461E46002506E0394614F8B9
:10A83000010BC047002807DB0135B442F6D316B937
:10A840002378002BF2D12846BDE8F081002383F362
:10A850001188BFF36F8F0423184602DF70470FB4CF
:10A8600000B583B004A951F8040B0191E7F7C6FEC7
:10A8700003B05DF804EB04B07047036913F0080FF0
:10A8800008D1C3680268934207D8436A9B1A0B60D9
:10A89000012070470020086070479B1A0B60002061
:10A8A0007047036913F0080F07D1826843689A4222
:10A8B00003D89B1A0B6000207047436A82689B1A7A
:10A8C0000B600120704710B582B0044601A9FFF764
:10A8D000D4FF20B1E368019A1344013B0193606AFD
:10A8E000019BC01A013802B010BD38B5036913F0DE
:10A8F000040F00D138BD0446856AFFF7E4FF8542A6
:10A9000002D9A06AA062F5E72046FFF7DCFFF9E76D
:10A91000C3681944036913F0010F04D1426A9142DC
:10A9200004D3891A02E0426A013A1140C16023F05F
:10A9300008030361704710B400236FF3000343F072
:10A94000020361F39F03026A046842F8243003683B
:10A950000B44026912F0010F04D1446AA34204D3EC
:10A960001B1B02E0446A013C23400360C4689C4214
:10A970000AD043681944036913F0010F08D1436AF0
:10A98000994208D3C91A06E042F008020261F0E7D2
:10A99000436A013B1940416010BC70472DE9F04FFC
:10A9A00083B00446019117469846056AC66805EBD0
:10A9B000860B15F8263003F00303022B24D0002168
:10A9C00000233B60C8F8003019BB236913F0020F65
:10A9D00075D0E36958469847824615F8269019F0D5
:10A9E00001096ED015F8263013F0020F3BD0019B01
:10A9F000BBB962685244236913F0010016D1616A41
:10AA00008A4216D3521A14E055F82610C1F39D015C
:10AA1000D6E72046FFF77CFFE368A3604FF001090B
:10AA20004FE019462046FFF786FFE2E7616A0139E9
:10AA30000A406260E168A268914206D0A268226082
:10AA4000E26043F0080323613BE0524420B9616AAD
:10AA50008A4204D3521A02E0616A01390A40A260B4
:10AA60004FF00009EAE701462046FFF751FFE3688F
:10AA7000A360019B23B1236A2268002143F82210BE
:10AA8000019B5344C8F8003022681344226912F035
:10AA9000010F04D1616A8B4204D35B1A02E0616A40
:10AAA00001390B40236042F00802226115F826307C
:10AAB0006FF3000305F82630C7F800B001E04FF04F
:10AAC0000009484603B0BDE8F08F30B4531804695C
:10AAD00014F0010F04D1456AAB4204D35B1B02E0C2
:10AAE000456A013D2B4005689D4214D000236FF359
:10AAF000000343F0020362F39F03046A44F8213029
:10AB000043681344026912F0010F09D1426A93426B
:10AB100009D39B1A07E0016024F00804046103E0F4
:10AB2000426A013A1340436030BC704701F00701AC
:10AB3000838B23F007030B43838370472DE9F04198
:10AB400006460F469046816821B10C683CB131B988
:10AB50000C4604E00C4602E0234621461C4669B13F
:10AB60004D6843463A463046A847002CF4D0236847
:10AB7000002BF2D0002CF0D12346EEE7BDE8F081A7
:10AB8000838B13F0070303D102680AB103207047D7
:10AB9000022B03D0012B06D000207047C28B002A65
:10ABA000F8D10420704703680BB1052070470020DE
:10ABB000704750B110B50C4651B1081D00F054F863
:10ABC00010B9A368032B06D810BD6FF015007047AD
:10ABD0006FF01500F8E76FF01500F5E72DE9F0418B
:10ABE00007460C4616461D461946201DE9F716FA7B
:10ABF00028B180462B46324621463846C047BDE83C
:10AC0000F0812DE9F04180460C4617461E4604E0CF
:10AC100033463A464046FFF7E1FF216831B10D68FF
:10AC2000256063688B42F3D16560F1E7BDE8F08190
:10AC300070B138B50C46054669B10B6873B14B6805
:10AC40007BB12022002106F009FC2C61002038BDD8
:10AC50006FF0150070476FF01500F8E76FF0150002
:10AC6000F5E76FF01500F2E70246B0B1436803F074
:10AC70000303022B0BD0032B04D0012B04D06FF065
:10AC80001500704703685BB100209060704703684F
:10AC9000002BF9D16FF0150070476FF01500704769
:10ACA0006FF015007047704710B584468E46134606
:10ACB0000068DCF804108268546814B17246A0473A
:10ACC00010BD6FF05700FBE708B583681B680BB138
:10ACD000984708BD6FF05700FBE708B583681B690C
:10ACE0000BB1984708BD6FF05700FBE700FB01F17F
:10ACF000033121F00301C31C5B0003EB001303339A
:10AD000023F0030303EBC000083008444000704701
:10AD10000023012B08D8C3EB031200EBC20292F808
:10AD20006C201AB90133F4E7012070470020704706
:10AD3000C86828B108B500220969FFF7C5FF08BD3A
:10AD400070470369D3F8B00370476FF08500704710
:10AD500010B5436804691B68C4F8A83304F5EC70A7
:10AD600006F02CF804F56B740020D4E8EF3FC4E83B
:10AD7000E20F002AF9D110BD31B108B508461146DD
:10AD800005F07CFC002008BD6FF00100704731B178
:10AD900008B50846114605F066FC002008BD6FF0B6
:10ADA0000100704708B58446084611461A46DCF88B
:10ADB000103003F56B73D3E8AF3F022B04D132B1EF
:10ADC00040B1E9F71BFA08BD6FF00F00FBE76FF029
:10ADD0004C00F8E76FF00100F5E72DE9F0419046EF
:10ADE0001E46069A079B0069A1B30F46B8F1000FF3
:10ADF00033D0AEB314461D46B3F1FF3F08BFB2F1E6
:10AE0000FF3F01D013431ED133681BB1D0F8B023EC
:10AE100093421BD804EA0502B2F1FF3F14BF00229F
:10AE200001223146384605F034FC034628B9B5F115
:10AE3000FF3F08BFB4F1FF3FECD0A3B1C8F800302A
:10AE40000020BDE8F0816FF08500FAE732606FF016
:10AE50000B00F6E76FF00100F3E76FF01500F0E785
:10AE60006FF01500EDE76FF06800EAE708B505F050
:10AE70006FFC08BD70B505460E460024012C0FD8A6
:10AE8000C4EB0413DB004833E9183046E5F7EAFD6C
:10AE900008B10134F2E7C4EB041405EBC40000E090
:10AEA000002070BD38B505460C461146FFF7E2FF9D
:10AEB00010B12060012038BD2846E9F7E3F910B150
:10AEC00020600020F7E700202060F4E7F0B583B0B1
:10AED00007460D4600F5EC764FF0FF324FF0FF339A
:10AEE0003046FAF7C9FA2A6801A93846FFF7DAFFAF
:10AEF000019CB4B105F108032367AB6963670023C4
:10AF000084F86C30646480B13046FAF7CDFB019967
:10AF10008B6E2A683846E9F7BDF9019C204603B0DC
:10AF2000F0BD3046FAF7C0FBF8E72022296804F1AB
:10AF3000480006F0ADFA002384F867303046FAF78F
:10AF4000B3FBEAE72DE9F04182B0D0F8C44029B163
:10AF50001646A4F5E2770D460B7813B902B0BDE8AA
:10AF6000F08114344FF0FF324FF0FF332046FAF7F0
:10AF700083FA2A4601A93846FFF794FFDDF80480DA
:10AF8000B8F1000F0AD068B12046FAF78DFB3346BE
:10AF90002A4601993846E9F77DF9DFE72046FAF7B6
:10AFA00083FBDBE72022294608F1480006F070FA0F
:10AFB000002388F86730C8F868602046FAF774FB09
:10AFC000CCE7F8B506460D46E9F75CF90446A8B1AA
:10AFD00005F108030367AB694367002780F86C70CD
:10AFE000606420222968483006F052FA84F86770BD
:10AFF000224601213046E9F7A3FA08B92046F8BDF8
:10B000003C46FBE7006900F56B73D3E8AF3F022BCA
:10B0100012D110B50C461146136883B11B788BB161
:10B02000D0F8A8332BB9FFF751FF70B12060002092
:10B0300010BDFFF7C6FFF8E76FF00F0070476FF025
:10B040001500F5E76FF01500F2E76FF01500EFE778
:10B0500010B5029B42B1084611461A6F94680CB1B4
:10B060005A6FA047002010BD93F86C20002AF9D138
:10B07000012283F86C201846E9F760F9F2E738B549
:10B0800043680569002299695869FFF726FE04465E
:10B0900008B1204638BD012105F53470FBF7AEFB41
:10B0A000D5F88803EBF7C6F8F3E72DE9F04104463D
:10B0B000D0F80480066906F56B770123D7E8EF2FF7
:10B0C000022A03D1C7E8E13F0029F7D137D1304642
:10B0D000FFF71EFEB0B3D6F8A813304600F097F87D
:10B0E000054648B10223D7E8EF2FC7E8E13F002922
:10B0F000F9D12846BDE8F0812046FFF7C0FF05469C
:10B100000028EFD106F5F874D8F80010204600F0BA
:10B11000EFF805460028E5D1D0220021204606F0B0
:10B120009DF94FF4F6720021304606F097F900239E
:10B13000D7E8EF2FC7E8E13F0029DAD0F8E76FF052
:10B140007705D6E76FF00F05D3E770B50E46051FFC
:10B15000012400E0013431462046FFF7C7FDA84234
:10B16000F8D3601E05D0B0FA80F04FF0004323FA08
:10B1700000F070BDF8B506460D46896AA868FFF76D
:10B18000E4FF30B307466C68073424F00304F4642A
:10B19000A96AFFF7ABFD3065AB6A07FB03F3033326
:10B1A00023F0030304EB43047464FB1C5B0003EB18
:10B1B0000713033323F0030303EBC70306331C44D5
:10B1C000033424F0030434646B68F363B764002031
:10B1D000F8BD6FF00B00FBE708B502F5307102F522
:10B1E000347005F03EFF08BD08B5D0F8E830A0F592
:10B1F0003070003B18BF0123AA3300EB8300406886
:10B2000005F083F908BD08B505F0A2FA08BD80B1C4
:10B2100038B50C460546F03005F0F8FC0CB10020BE
:10B2200038BD0020C5F8C401C5F8C801C5F8CC0177
:10B23000F6E76FF01500704708B50268D2F8C8301D
:10B2400013B1D2F8C410984708BD704783690BB991
:10B25000C36B19707047012070478369012B01D0BF
:10B2600004207047C36B1878C0B2704710B504460D
:10B27000C36A03B1984738220021204606F0EEF851
:10B2800010BD38B5C41DE4002046FEF749F9054657
:10B2900018B12246002106F0E1F8284638BD38B53D
:10B2A00004463822002106F0D9F80025C4F8A4503D
:10B2B000C4F8A850C4F8AC50C4F8B050C4F8B450A6
:10B2C000C4F8B850C4F88C50C4F89050C4F89450E6
:10B2D000C4F89850C4F89C50C4F8A050D4F8C000EA
:10B2E000F8F71AFED4F8BC00F8F716FE284638BD69
:10B2F00038B50446FFF7D3FF054608B1284638BDE8
:10B3000004F15400FFF7B2FFF8F764FDF6E70378A5
:10B3100013F0040F01D0002070470368C3F34A20E4
:10B3200000EB1350173020F0070080087047002012
:10B3300070470120704708B503F0EEFE08BD08B560
:10B3400020EAE070C117C90341EA5041C00340F24E
:10B35000E733C0184FF47A724FF0000341F1000157
:10B36000E5F766FBFCF782FE08BD08B50022002366
:10B37000E7F7C8FF08BD08B5E8F7DEF908BD08B56E
:10B38000E8F75AFA08BD08B50120E9F7E7FB08BD60
:10B3900008B5E9F7ADFC08BD08B5E8F7C3F8E9F76B
:10B3A0005DFD08BD0020704708B54368DA71E9F714
:10B3B00033FEE9F7C3FB08BD70B5536896689B1B65
:10B3C0008B420CD30C46154613680A460146981961
:10B3D00006F01DF8AB682344AB60204670BD6FF0EB
:10B3E0001B00FBE770B588B10E46144619460546AA
:10B3F00033B11030C2F34A23120D184406F007F897
:10B400002C606E602846E9F7A3FD70BDE9F7A6FB46
:10B41000FBE72DE9F04383B006460F4615461C4670
:10B4200003F101094FEA890808F1170020F007002D
:10B430008008E9F755FC002201928DF8049068B16C
:10B4400000F1140C019B0361964605E055F82E307F
:10B450004CF8043B0EF1010EA645F7D3002267F32A
:10B46000881268F3532200233146FFF7BBFF03B075
:10B47000BDE8F08300B583B00192012301AAFFF774
:10B48000C8FF03B05DF804FB00B583B000920193E0
:10B4900002236A46FFF7BDFF03B05DF804FB00B569
:10B4A00085B001920293069B0393032301AAFFF741
:10B4B000B0FF05B05DF804FB08B5E9F7F9FD08BD7C
:10B4C0002DE9F04180460768856843681C685E681E
:10B4D00005E0324621462846B847241A0544002C88
:10B4E000F7D1D8F8043000221A60BDE8F08138B5F1
:10B4F00004460D460A2805D029462046E9F7A4FE51
:10B50000002038BD0D20E9F79FFEF5E710B582B0A9
:10B5100000240094E7F764FB02B010BD08B51346A1
:10B520000122E9F719FF08BD08B513460022E9F723
:10B5300013FF08BD38B505460C4601F00101FFF7C1
:10B54000F3FF21462846E9F7ADFF38BD2DE9F0436A
:10B5500083B080460E4615461F46DDF828902C46DF
:10B56000102D28BF1024CDF800903B4622463146CE
:10B570004046E9F7ABFF26442D1BF0D103B0BDE8F0
:10B58000F0832DE9F04387B006460C469046D1F88B
:10B5900008900F88C7F382170878C0F3C2050846E1
:10B5A000E9F746FE011E1ADA0023214651F8105B26
:10B5B000C5F34A256288C2F30B12481905B9002168
:10B5C000CDF814800492039002910197002200921A
:10B5D00049463046E9F7DCFF07B0BDE8F08328466E
:10B5E000E9F740FD0346E0E72DE9F04180460768B2
:10B5F000856843681C685E6805E032462146284637
:10B60000B847241A0544002CF7D1D8F8043000229A
:10B610001A60BDE8F08108B520EAE070C117C903DF
:10B6200041EA5041C00340F2E733C0184FF47A7248
:10B630004FF0000341F10001E5F7FAF9FCF716FDC0
:10B6400008BD08B5EAF7A6F808BD08B501460068C8
:10B65000EAF7D0F908BD08B5EAF7E8F9EAF7EAF938
:10B6600008BD0020704708B500231370CB1E092BBE
:10B670001AD8DFE803F005090D1119191919191461
:10B680001146EAF75DFC08BD0021EAF727FBFAE75F
:10B690000021EAF7CDFBF6E7EAF72EFAF3E71146C9
:10B6A000EAF7A2FA0020EEE7EAF7ACFA0020EAE7B0
:10B6B0007047704708B540B2EAF71AFE08BD08B5F2
:10B6C00040B2EAF723FE08BD08B500210120EAF7E1
:10B6D00091F908BDD0F89C3083F30B88704761B6B0
:10B6E00062B680F31188BFF36F8F704708B572B6EA
:10B6F000002383F31188BFF36F8F00F03BF950B143
:10B70000BFF34F8F30BF00BF00BF00BF00BF00BFFF
:10B7100000BF00BF00BF62B6BFF36F8F08BD10B59A
:10B72000044672B6002383F31188BFF36F8F00F0D5
:10B7300021F950B1BFF34F8F20BF00BF00BF00BF42
:10B7400000BF00BF00BF00BF00BF84F31188BFF37C
:10B750006F8F62B610BD40E800F010F4803F01D05A
:10B76000C0B270476FF01500704708B50B6823F042
:10B770001F0C0B7A03F01F0ECA6822F01F025B0930
:10B7800042EA430242F001024CEA0E01EAF7D4FE1B
:10B7900008BD43681F2B08D913F01F0F07D103689A
:10B7A00013F01F0F05D000207047002070470020C5
:10B7B00070470120704770B504460E46FFF7CBFF77
:10B7C00005463444601EFFF7C6FF854201D1284676
:10B7D00070BD6FF01505FAE710B584B00B680093E3
:10B7E0004C68B1F808C09DF808206CF304028DF88D
:10B7F00008204989D2B261F347128DF8082023F05E
:10B800001F032344013B23F01F0303936946EAF718
:10B81000EDFE04B010BD4FF0FF30704708B508468C
:10B820001146EBF761F908BD08B5F9F7D1F808BD85
:10B8300038B5044690F824301B3323F00303028C00
:10B84000521A056B03FB0255EBF772F9A87294F8D4
:10B850002430EB72284638BD70472DE9F04104468C
:10B860000D4617461E46807AEBF76EF9C36A1B68D1
:10B87000D3F800803A46334629462046C047BDE803
:10B88000F08138B50446807AEBF75EF905466169C8
:10B8900051B1637A13F0010F04D1C36A1B689B682E
:10B8A00020469847002363612146284605F0F2FAB6
:10B8B00038BD10B50446807AEBF746F990F824308D
:10B8C0001B3323F00303026BA41AB4FBF3F010BD87
:10B8D00070B504460D46807AEBF736F9C36A5A68AC
:10B8E0009E682E6015682046FFF7E3FF00FB0650B8
:10B8F00070BD08B5C16A8968EBF756F908BDD0F884
:10B9000000C042688368C1F800C04A608B6070471D
:10B9100010B503681C880221EBF718FB204610BD08
:10B9200002688068101A704710B50C460121EBF7C9
:10B9300049FB047010BD38B50446C588FFF7F0FF19
:10B940002D1AA088281A38BD38B50D461446114660
:10B95000EBF75AFB2246294605F059FD38BD10B5D4
:10B960000C460121EBF750FB047010BD08B5EBF756
:10B97000BFFB08BD08B5EBF77DFB08BD08B5EBF7CD
:10B9800063FB08BD70B5044619B10123C0F8143635
:10B9900070BDEBF71BFC18B90023C4F81436F7E7A9
:10B9A0000126C4F818660025C4F81456052003F0D3
:10B9B00045FCC4F81466304603F040FCC4F8145645
:10B9C000C4F81856E4E700B583B001AB03F003FCFC
:10B9D00002280ED003280FD020B14FF0FF3003B063
:10B9E0005DF804FB019B0BB90020F8E74FF0FF3036
:10B9F000F5E76FF01500F2E76FF08500EFE710B59F
:10BA00008AB00C4605A9EBF74BFD69462046EBF7DB
:10BA100047FD10220DF101010DF1150005F0E7FCC5
:10BA20000AB010BD08B503780A78934207D1012BFC
:10BA30000CD0022B0ED02BB16FF0150008BDFFF714
:10BA4000DEFFFBE740884B88C01AF7E740684B6889
:10BA5000C01AF3E710220131013005F0C8FCEDE710
:10BA600000B50346042A0FD0102A1DD0022A02D0A6
:10BA700000205DF804FB0022027048780A7842EA50
:10BA800000225A800120F4E701201870CA7891F84A
:10BA900002C04CEA022C91F801E00A7842EA0E2238
:10BAA00042EA0C425A60E4E70246022002F8010B27
:10BAB000D1F800E0D1F804C08868C968C3F801E093
:10BAC000C2F804C09060D1600120D2E710B50446EE
:10BAD000012300F8013B0621EDF738FB18B9A379E3
:10BAE00063F03F03A37110BD08B5ECF7A5FA082079
:10BAF000EBF728FD08BD38B50446807AEBF724F84B
:10BB00000546616951B1637A13F0010F04D1C36A2C
:10BB10001B689B682046984700236361214628469E
:10BB200005F0B8F938BD08B5FFF7E5FF0220EBF7DF
:10BB300009FD08BD438A1BB9C3681BB100207047CB
:10BB400000207047012070471070C0F30723537026
:10BB5000030C9370000ED0701171C1F30723537161
:10BB60000B0C9371090ED171704700B5C3798179BF
:10BB700041EA03214279037943EA0223C27890F82B
:10BB800002C04CEA022C90F801E0027842EA0E2250
:10BB900042EA0C4043EA01415DF804FB0020704793
:10BBA00038B50446807AEAF7CFFF0546616951B19E
:10BBB000637A13F0010F04D1C36A1B689B682046A7
:10BBC0009847002363612146284605F063F938BD94
:10BBD00001F01F0C012303FA0CF352B1490900EBE9
:10BBE0008100D0E8EF2F1A43C0E8E12F0029F8D1F7
:10BBF0007047490900EB8100DB43D0E8EF2F1A4082
:10BC0000C0E8E12F0029F8D17047028843889A42A2
:10BC100017D8052A17D9B3F5486F16D88188B1F51A
:10BC2000FA7F14D2C088A0F10A0292B240F6764C94
:10BC300062450ED801FB0333B3EB800F0BD201201A
:10BC40007047002070470020704700207047002098
:10BC50007047002070470020704700207047002088
:10BC6000704700B583B0FFF799FF48B9002211462D
:10BC700040F60340ECF7B4FA034648B9EBF702FE8E
:10BC800001AA002141F20300ECF7AAFA034618B119
:10BC9000184603B05DF804FB0198EBF7B5FD019879
:10BCA000EBF776F801AA002141F20100ECF798FACF
:10BCB00003460028ECD10198EBF76CFD0198EBF7F7
:10BCC00067F801AA002141F20200ECF789FA034665
:10BCD0000028DDD10198EBF77DFD0198EBF758F8CE
:10BCE000EDF722FA03460028D2D1ECF7B3FB034666
:10BCF000CEE710B5ECF768FE044608B1204610BD4B
:10BD0000EEF74CFB04460028F8D1ECF727F9F5E7ED
:10BD100070B505460C464FF0FF304FF0FF31EBF7A2
:10BD2000B5FE68B1064603210C30EBF76DF90580CE
:10BD300084700022314640F20640ECF751FA70BDA3
:10BD40006FF06800FBE708B500200021ECF730FA3F
:10BD500010B9EEF7A9F808BDECF714F9FBE728B124
:10BD600039B108B50846ECF7B7FE08BD6FF015000D
:10BD700070476FF015007047A0B110B582B004464F
:10BD800006216846EDF7E2F908B102B010BD9DF852
:10BD9000053003F03F038DF8053069462046FFF774
:10BDA000DEFFF2E76FF0150070474B0900EB8300F0
:10BDB000D0E8AF0F01F01F01084100F0010070470B
:10BDC00038B500F110040E212046FFF7EEFF80B1D8
:10BDD00000250A212046FFF7E8FF08B145F00105DC
:10BDE0000D212046FFF7E1FF08B145F00405284684
:10BDF00038BD0225EDE700B501F01F020123934095
:10BE0000490900EB8100D943D0E8EF2F02EA010C89
:10BE1000C0E8EECFBEF1000FF6D1134214BF0120EF
:10BE200000205DF804FB70B586B005460C464FF067
:10BE3000FF304FF0FF31EBF729FED0B106469CB141
:10BE400001210C30FFF78BFD0094072305F1100250
:10BE500003A93046EBF708FE0022314642F20A0001
:10BE6000ECF7BEF906B070BD00210C30FFF777FD8E
:10BE7000EAE76FF06800F5E708B5FFF7D4FF08BD03
:10BE80000B4639B11168196041688A4209D0002314
:10BE9000136070471368036041688A42F7D14360BA
:10BEA000F5E74360F3E708B50A460368002101E0BF
:10BEB00019461B682BB19342FAD1FFF7E1FF01202D
:10BEC00000E0002008BD0020704700207047807807
:10BED000012814BF00200120704710B50446FFF769
:10BEE000F6FF28B92046FFF7EEFF10B1012000E071
:10BEF000012010BDD0F8B000003818BF01207047F5
:10BF0000D0F8A4304BB1D0F8A83043B1D0F8AC3061
:10BF10000BB10020704701207047012070470120BD
:10BF2000704708B52438EDF747FA08BD00B501F0B1
:10BF30001F0201239340490900EB8100D943D0E857
:10BF4000EF2F02EA010CC0E8EECFBEF1000FF6D1F0
:10BF5000134214BF012000205DF804FB4B0900EBE5
:10BF60008300D0E8AF0F01F01F01084100F001008D
:10BF70007047837A072B0ED110B50446D0F8AC3049
:10BF8000984708B9012010BDC034D4E8AF3F022B58
:10BF9000F9DC0020F7E70120704708B50C30FFF707
:10BFA000BFFC052801D0002008BD0120FCE72DE9D9
:10BFB000F04180460D461446032A27D8DFE802F0F8
:10BFC0000202030202BB2846FFF7E7FF074605F11E
:10BFD0000C0604213046EAF7F5FFB8F8002004F01B
:10BFE0000304BB0003F004031C4342EA0433038050
:10BFF0002B8A043B438005213046FFF795FC2846F9
:10C00000EBF7A0FFBDE8F0810027E0E76FF0150037
:10C01000F8E7F8B506460C46032A1BD8DFE802F01D
:10C0200002180218002704F10C0504212846EAF73B
:10C03000C9FF338843EA07330380238A043B4380E4
:10C0400002212846FFF770FC2046EBF77BFFF8BD86
:10C050000127E8E76FF01500F9E710B50446EDF7A2
:10C060004DFA01462046EBF701FBEBF78BFF10BDC5
:10C0700008B5EDF779FA8068B0FA80F0400908BD9C
:10C0800010B504460AE0EBF77DFF10BD2046EDF742
:10C09000D3F92046EDF768FAF9F75AFD61690029EE
:10C0A000F1D00B686361A2698A42EFD1A361EDE729
:10C0B00010B50446006918B1EAF76AFE002323614F
:10C0C00010BD38B504460088FFF722FE054610B9BA
:10C0D000A37A072B01D0284638BD08212046EDF76A
:10C0E0000BFDF8E738B5037A8B421ED1044615469E
:10C0F000072200F17001284605F079F9B8B1E3781C
:10C100004BB1072204F17701284605F070F9B0FA27
:10C1100080F040090AE0072204F17E01284605F07C
:10C1200066F9B0FA80F0400900E0002038BD012037
:10C13000FCE728B183780B4214BF01200020704730
:10C140000020704710B504460121FFF7F2FF10B13F
:10C1500004F1700010BD0020FCE770B505460C46E8
:10C160004FF0FF304FF0FF31EBF790FCC8B10646BF
:10C170000E210C30EAF748FF002202604260826024
:10C1800082812B8803802388438063888380A388EF
:10C19000C380E3880381314642F21300ECF720F8B4
:10C1A00070BD6FF06800FBE70B4639B1116819608C
:10C1B00041688A4209D00023136070471368036006
:10C1C00041688A42F7D14360F5E74360F3E708B579
:10C1D0000A460368002101E019461B682BB193420F
:10C1E000FAD1FFF7E1FF012000E0002008BD006B5D
:10C1F000003818BF01207047838C403B9BB23F2B17
:10C2000005D8008D0B8A984228BF18467047088AC7
:10C210007047012070477047704710B504460146CB
:10C2200051F84C0BB030FFF7D2FF50340023D4E864
:10C23000EF2FC4E8E13F0029F9D110BD10B5D0F8C7
:10C24000B0406CB14C3C5CB12046FFF7D0FF38B930
:10C250002046EEF7D1F8E46C002CF4D04C3CF2E729
:10C26000204610BD08B500F150030121D3E8EF2F9F
:10C27000C3E8EC1FBCF1000FF8D152B9034653F8E4
:10C280004C2B0021C164D2F8B41031B10B60C2F85C
:10C29000B4300068EDF720FB08BDC2F8B430C2F836
:10C2A000B030F6E738B5044645680368A3B1FFF738
:10C2B000B4FF02E01846EAF76BFD04F130000022FB
:10C2C0000023F9F795FB03460028F3D16B680BB107
:10C2D0002046984700232360E3680BB12046984727
:10C2E0002B6A0BB12046984738BD10B5406B38B16A
:10C2F000083810F1080408D0846834B1083C04E020
:10C30000044602E0234620461C4640B1FFF7CAFF20
:10C31000002CF7D0A368002BF5D0083BF3E710BD45
:10C32000406B10B1083800E0184650B1838C8B4246
:10C3300007D010F10803F7D080680028F5D008383E
:10C34000F3E7704702B1704708B589B2FFF7E8FF1D
:10C3500018B14268926902B1904708BD38B50C46E1
:10C360000521FFF7DDFF00231A462146EEF734F9D9
:10C37000054608B9284638BD2046EAF709FDF9E721
:10C380002DE9F843804617461C469DF82060B21CF4
:10C390000120EEF7FFF888B1054600F10C090221F3
:10C3A0004846EAF731FE078024B132462146484626
:10C3B000FFF7CAFA29464046FFF7D0FFBDE8F883E9
:10C3C000406B10B1083800E0184650B1838A8B42A8
:10C3D00007D010F10803F7D080680028F5D008389E
:10C3E000F3E7704770B506460C46EDF7F7FF0146D8
:10C3F00008221220EEF7CEF888B1054608210C304D
:10C40000EAF702FE2388038063884380A388838041
:10C41000E388C38029463046FFF7A0FF70BD6FF068
:10C420000B00FBE770470B4639B111681960416892
:10C430008A4209D000231360704713680360416883
:10C440008A42F7D14360F5E74360F3E708B50A464F
:10C450000368002101E019461B682BB19342FAD111
:10C46000FFF7E1FF012000E0002008BD0020704739
:10C470000346408D5B8B984228BF184670470346A1
:10C48000006820B102681A605968884200D070477D
:10C490005A60FCE720B119B1884206D801207047E4
:10C4A0000AB1002313800020704702B110800020E1
:10C4B000704710F1FF0F01D20E2070474042C0B20A
:10C4C00070470120704710B4D468237823B9023133
:10C4D0002170012010BC704702318B4205D0038AC5
:10C4E000023B038200201061F4E70120F2E7D068EC
:10C4F00003781BB9043101700120704704318B426D
:10C5000006D091680B8A043B0B82002010617047B3
:10C5100001207047012070470620704706207047B1
:10C520004068704738B50446807AEAF70DFB054647
:10C53000616951B1637A13F0010F04D1C36A1B68BA
:10C540009B6820469847002363612146284604F0F3
:10C55000A1FC38BD4B0900EB8300D0E8AF0F01F020
:10C560001F01084100F00100704708B500220023B8
:10C57000F9F73EFA08BD38B504460D46836A43B163
:10C5800005F1B003A26AC5F8B020A362E26A22B145
:10C5900038BD0C3004F065FCF2E7E362F8E72DE902
:10C5A000F04182B0064614464FF495720146206869
:10C5B00001F09DF8207548BB05462768314638468E
:10C5C000FFF7A8FF28B1237A33B1182B18D02B46D8
:10C5D00003E0082323751AE00223D6F808800193AC
:10C5E000638A0093238AE26831463846C0470028B0
:10C5F00002DB238A984205D0FFF75BFF207506E037
:10C600000423EAE700232375012500E000252846DE
:10C6100002B0BDE8F08101F01F02012393404909F7
:10C6200000EB8100D0E8EF2F42EA0301C0E8EC1FE5
:10C63000BCF1000FF6D1134214BF01200020704757
:10C640002DE9F04F85B080468946144602921D467A
:10C6500043680393FFF70CFF2346002202E0198A88
:10C660000A445B68002BFAD1904204D8002420468B
:10C6700005B0BDE8F08F0298EAF7D2FB07464FF00D
:10C68000000A86E0198A0A445B68002BFAD1841AF2
:10C6900007F10C063046FFF74EF9844228D33046A6
:10C6A000FFF749F90646002E2FD0D9F80440F96863
:10C6B0003A8A0095B3B20A4449460398A047041E3B
:10C6C00058DB0E9B2BB10F9A21463846984700281D
:10C6D00065D0A346214607F10C00EAF795FCA24479
:10C6E0002C44A5B24046FFF7C3FE029B00224AE05D
:10C6F0004046FFF7BDFE029B002202E0198A0A4471
:10C700005B68002BFAD1861ACDE7029B987AEAF78C
:10C710001BFA00220023FFF7ECF8074650B1014650
:10C72000029C2046EAF7C8FB4046FFF7A1FE3246CE
:10C73000234604E054469AE7198A0A445B68002BB2
:10C74000FAD1841A07F10C0B5846FFF7F4F884422B
:10C7500004D35846FFF7EFF80646A6E74046FFF732
:10C7600087FE029B02E01A8A16445B68002BFAD10E
:10C77000861B9AE7BAF1000F3FF479AF544676E78B
:10C78000198A0A445B68002BFAD1904207D9B34555
:10C7900005D14046FFF76CFE029B002275E7544628
:10C7A00065E72DE9F04182B007461446D2F80080D3
:10C7B000D8F804600023137395220146304600F038
:10C7C00096FF207340BB054639463046FFF779FE99
:10C7D000D8B14046FFF74CFEA268138AC31A012B5A
:10C7E0001BDD022102F10C00EAF70EFC06460023D5
:10C7F00001930093A388A26839464046FFF720FFC3
:10C80000002805DB3080012507E00823237304E0BE
:10C81000FFF74FFE207300E00025284602B0BDE878
:10C82000F0812DE9F04182B007461446D2F800802D
:10C83000D8F804600023137395220146304600F0B7
:10C8400056FF2073C8B9054639463046FFF739FE12
:10C8500010B90823237311E0002301930093A388E8
:10C86000A26839464046FFF7EBFE002801DB0125B0
:10C8700004E0FFF71EFE207300E00025284602B00A
:10C88000BDE8F0812DE9F84306460F461446D2F87C
:10C89000008093684BB1A3681D78012D13D0022D41
:10C8A0002ED000252846BDE8F883506801210C30C1
:10C8B000EAF7AAFBA06033681B7813B90123037061
:10C8C000E9E70223FBE7336893F80090B9F1000F22
:10C8D00001D00025E6E7606804210C30EAF794FBFC
:10C8E000E06007803268E36852885A804046FFF76C
:10C8F000BFFD63681B8AC01A0428D3D84D46D1E710
:10C9000033681B78022B01D00025CBE76068122129
:10C910000C30EAF779FBE0600780E3683268D2F810
:10C920000150D2F80500D2F80910D2F80D20C3F852
:10C930000250C3F80600C3F80A10C3F80E204046A0
:10C94000FFF796FD63681B8AC01A122801D80025DC
:10C95000A8E70125A6E770B50668B36A53B1B03BF6
:10C9600013F1B00403D0D3F8B04004B1B03C0022BE
:10C97000114604E01C46FAE7254623462C468BB1B7
:10C98000834207D05D8DA94238BF29465B8B9A420E
:10C9900038BF1A46002CEFD0D4F8B050002DECD0A0
:10C9A000B03DEAE7438D8B4202D8448B944209D9CB
:10C9B000408B824238BF0246994238BF19463068E0
:10C9C000F0F710FB70BD08B5EEF762FB08BDF8B5D7
:10C9D00005460C46FFF74CFDA368002203E0B3F8C0
:10C9E00010C062445B68002BF9D1904219D32C66C9
:10C9F000A668A360FBF7FAF831462846FFF7E3FF85
:10CA0000074630B1A66000232B66FBF73BF938469A
:10CA1000F8BD2846FFF72CFD0146204600F0D5FE64
:10CA2000F3E76FF07907F2E770B504460846002196
:10CA3000FFF790FD28B1261F54F8043C0BB1E26DBE
:10CA400002B170BD5D68002DFBD02A685A609968FC
:10CA50008D420FD029463046FFF7B9FF0028F0D0AD
:10CA600054F8043C5A682A605D609A68002AE8D14C
:10CA70009D60E6E79A60EDE72DE9F8430746846A92
:10CA800084B3B03C14F1B00503D0D4F8B05005B174
:10CA9000B03D4FF00008464629E08EB12146381DD2
:10CAA000FFF7EDFC0646D8B101462046FFF78FFFA1
:10CAB00048B37B6833607E60BB6873B1A0461AE000
:10CAC000B8F1000FEAD02046FFF7D0FC814640467F
:10CAD000FFF7CCFC8145E1D10DE0BE60A0460AE045
:10CAE000A04608E02546D4E72B462C461D4654B107
:10CAF000236E002BD1D0002DF6D0D5F8B030002B0E
:10CB0000F3D0B03BF1E7BDE8F88370B504460D46BD
:10CB100001462846FFF729FD68B106460146204632
:10CB2000FFF751FF044608B9204670BD314628463C
:10CB300004F0B0F9F8E76FF00104F5E7F8B5044642
:10CB4000061F50F8045C00F15803D3E8EF1F21F0F2
:10CB50000401C3E8E21F002AF7D13DB1E36D33B110
:10CB600004F160013046FFF7D0FFC0B9F8BD6F682F
:10CB7000002FF5D03B686B60AA68BA420DD03946E9
:10CB80003046FFF724FF0028F0D06B683B606F60F1
:10CB9000AB68002BE4D1AF60E2E7AB60EFE705F1F3
:10CBA0000C013046FFF7B1FFE0E72DE9F84381467D
:10CBB000846A54B3B03C14F1B00503D0D4F8B0503B
:10CBC00005B1B03D002637460EE009F10C012046C4
:10CBD000FFF79BFF0646E0B1CDB1D5F8B03003B109
:10CBE000B03B27462C461D469CB116F1020FECD1F6
:10CBF000002FEAD02046FFF739FC80463846FFF781
:10CC000035FC8045E1D13C46E6E72546DAE72B4690
:10CC1000E7E7BDE8F88338B504460D46EEF738FA85
:10CC200000B938BD294604F1640004F027F9F8E79B
:10CC300030B587B00546EEF703FA8446EE46044663
:10CC40000FCCAEE80F0094E803008EE80300002349
:10CC5000CCF80030CCF80430CCF80830CCF80C30EC
:10CC6000CCF81030CCF814302846FFF75BFC9DF868
:10CC700004300BB907B030BD6846EEF785FAF9E726
:10CC800001B970472DE9F041064615461C460F468E
:10CC900004220121EEF7C6FA804658B104210C3077
:10CCA000EAF7B2F90770A0F80150C4704146304667
:10CCB000FFF7B1FFBDE8F08130B585B005460C4601
:10CCC00001F10C00FEF724FE0346E268218A02917E
:10CCD0000192002100910A462846EEF767FB05B055
:10CCE00030BD30B585B005460C4601F10C00FEF7AD
:10CCF0000FFE0346E268218A02910192002200920F
:10CD0000132212212846EEF751FB05B030BDF0B5D5
:10CD100089B0054608460C7C043CE4B2022C01D0E4
:10CD2000102C42D104210C30EAF72EF906884788EE
:10CD30002246011D01A8FEF793FEC8B30DF11602AD
:10CD400039463046FFF7A6FBF0B100238DF81830C6
:10CD50004FF42053ADF81A3006A901A8FEF762FE81
:10CD600058B100238DF81C3042F60103ADF81E3097
:10CD700007A901A8FEF756FE78B93B46324601A93D
:10CD80002846EEF7EDFB11E00123BDF81620102137
:10CD90002846FFF775FF002008E0102332461946A9
:10CDA0002846FFF76DFF002000E0042009B0F0BD29
:10CDB0000E20FBE700B583B0CA6813885288009242
:10CDC0000D220C21EEF7AEFC03B05DF804FB00B5BC
:10CDD00083B0CB681B88002200920B220A21EEF759
:10CDE000A1FC03B05DF804FBF0B589B00546084628
:10CDF0000C7C043CE4B2022C01D0102C52D1042152
:10CE00000C30EAF7C1F8068847882246011D01A8C0
:10CE1000FEF726FE002847D00DF1160239463046AF
:10CE2000FFF738FBC0B10121686800F085FC58B9F4
:10CE300000238DF8183042F60203ADF81A3006A927
:10CE400001A8FEF7EFFD80B93B46324601A928460E
:10CE5000EEF7BAFC09B0F0BD0123BDF81620082199
:10CE60002846FFF70DFF0020F4E700238DF81C3063
:10CE700042F60303ADF81E3007A901A8FEF7D2FD64
:10CE80000028E1D0012E03D14FF6FF739F42DBD083
:10CE9000032105F15C00FFF7BEFB08B91220D9E7BA
:10CEA0000020D7E70420D5E70E20D3E72DE9F04393
:10CEB00087B007460C46062104F10C00EAF764F837
:10CEC00005884688B0F80480D4F80C900DF10E0265
:10CED00031462846FFF7DEFAD0B100238DF8103036
:10CEE000ADF812808DF814304FF42053ADF81630A1
:10CEF00005A904A8FEF796FD98B9237C00934B463C
:10CF0000324629463846EEF7A5FC07B0BDE8F08367
:10CF10000123BDF80E2006213846FFF7B1FE0020A0
:10CF2000F3E70A232A4606213846FFF7A9FE002028
:10CF3000EBE770B582B00446CB681D885E880DF1C2
:10CF4000060231462846FFF7A5FA30B13246294697
:10CF50002046EEF7C3FC02B070BD0123BDF80620E9
:10CF600004212046FFF78CFE0020F4E7F8B50446C4
:10CF70000D46FFF77BFAF0B9EB681E88B3B2162BAB
:10CF80001BD903212046EEF7BBFA0746B8B10221B0
:10CF90000C30EAF739F8002517230370457039463D
:10CFA0002046FFF738FE1723638366852046FFF788
:10CFB000D2FC2846F8BD0620FCE70420FAE70E2044
:10CFC000F8E708B5EFF76AF908BD08B500230A8A43
:10CFD000C968EEF725FD08BD10B50446014651F8B5
:10CFE000B00B2830FFF732FA02E01846E9F7D0FE1E
:10CFF00004F1640000220023F8F7FAFC034600283D
:10D00000F3D1236E33B16FF067030022114620463F
:10D01000EEF706FD002344F85C3BD4E8EF3F23F035
:10D020000103C4E8E23F002AF7D110BD38B5044639
:10D0300050F8045C25B10438FFF7CEFFAB6A03B1AA
:10D0400038BD2846EEF7B8FC2068EFF7E7FFF7E7B2
:10D050000120704708B5EDF7C5FC98B1836A03B1AC
:10D06000B03B7BB103F15C02D2E8EF0F20F0080087
:10D07000C2E8E10F0029F7D1D3F8B030002BF0D08F
:10D08000B03BEEE708BD08B50421FFF799F920B1E0
:10D0900003215830FFF75EFA08BD0020FCE770B5A9
:10D0A0000E4615461C46EDF7CBFFC6600561012311
:10D0B000C380047570BD0023B3EB510F10D200B5CF
:10D0C00010F803C0CA1A013A10F802E000F803E0B1
:10D0D00000F802C00133B3EB510FF1D35DF804FB4C
:10D0E0007047036813F4805F02D043F480630360E9
:10D0F000036813F4005F02D043F4006303607047D9
:10D10000B0F800C0624512D300B5B1F800E0734535
:10D1100008D9624500D202800A88934204D90B8064
:10D12000012002E0002000E001205DF804FB6245E0
:10D1300000D202800A88934202D90B8001207047F6
:10D140000120704710B5002301E001339BB2022B90
:10D1500019D84FEAD30CB2EBD30F12D900EB0C0461
:10D16000247A03F0070E24FA0EF414F0010FECD029
:10D1700011F80C4024FA0EF414F0010FE5D1002050
:10D1800016E0002300E00023934210D26BB9C418CC
:10D1900094F808C011F803E00EF0070E4CEA0E0CEC
:10D1A00084F808C001339BB2EEE7012000E00120C3
:10D1B00010BD106000207047FF2801D8C0B2704732
:10D1C0000E20704770B5049CA6683EB1054608461F
:10D1D000FFF7F2FF024621462846B047A37D013BF8
:10D1E000DBB2A375E26812B10BB92046904770BD5F
:10D1F0001060918000207047F0B589B006683578DE
:10D20000002D60D1074614467388B3F5245F19D00A
:10D2100013D903F55643FF339BB2042B59D8ADF80D
:10D220000A1002220DF10A012046EEF75FFD0028E8
:10D2300039D06FF01503A36046E0A3F520539BB2ED
:10D24000032B44D8ADF80A1002220DF10A01204642
:10D25000EEF74CFD18B16FF01503A36034E073884E
:10D26000ADF80A3002220DF10A012046EEF73EFD2C
:10D2700078B97E6800200090132303AA3946B0478E
:10D28000021E0ADB03A92046EEF730FD38B901255E
:10D290001AE06FF01503A36016E0A26014E06FF0CF
:10D2A0001503A36010E07388ADF80A3002220DF177
:10D2B0000A012046EEF71AFD08B9012504E06FF0D7
:10D2C0001503A36000E00125284609B0F0BD012543
:10D2D000FAE70125F8E700230360436083607047A5
:10D2E00000238360704708B5EEF7A0FD08B1FFF793
:10D2F000F2FF002008BD4B0900EB8300D0E8AF0F20
:10D3000001F01F01084100F00100704701F01F0209
:10D3100001239340490900EB8100D0E8EF2F42EA56
:10D320000301C0E8EC1FBCF1000FF6D1134214BF9B
:10D3300001200020704700B501F01F020123934037
:10D34000490900EB8100D943D0E8EF2F02EA010C34
:10D35000C0E8EECFBEF1000FF6D1134214BF01209A
:10D3600000205DF804FB08B539B100210C30FFF74F
:10D37000CDFF80F00100C0B208BD00210C30FFF7E6
:10D38000DAFFF9E708B5FFF7EEFF08BD08B5022A96
:10D3900003D0EEF753FE022008BD00231A4600F129
:10D3A0007001007AEEF7CCFDF5E738B50446154676
:10D3B000FFF74EFE48B93DB904F17001207AEEF74F
:10D3C00035FD08B1FFF78CFF38BD2046EEF708FDAC
:10D3D0000028F0D0027A12F0010FECD00121FFF703
:10D3E000D1FFE8E7994222D838B505460C4691426C
:10D3F0001FD3049B23B101681846FEF713FBD0B975
:10D40000059B2BB1EB68059A934201D0012011E0F6
:10D41000069B1B88013B069A1380089A21462846E2
:10D42000079B9847069B1B8823B9002002E0002039
:10D430007047012038BD0120FCE7F8B507460D46CE
:10D440000026344603E01046ECF7FCFA0134012CC8
:10D4500014D804EB840305EB4301013115F81300E4
:10D46000ECF70CFE02460028F0D004EB840305EB39
:10D4700043031B89B342E6D91E46E4E7AB8A9E42CA
:10D4800005D0AE82AB6913B1314638469847F8BD36
:10D4900038B505460C464FF470200021EEF752FADD
:10D4A000034608B14560C460184638BD70B50446EF
:10D4B000EEF796FC50B1054604F170063146207A2D
:10D4C000FEF7CDFB18B92846EEF7D2FE70BD236FEC
:10D4D000C5F80130B288B379A5F80520EB71F5E7FE
:10D4E00010B586B01824ADF810402824ADF81240CD
:10D4F0000024ADF814402A24ADF816400824029404
:10D5000004AC0194BDF820400094EEF7F1FE06B0A3
:10D5100010BDF0B587B004460D4616461F46FEF70F
:10D520009CFBADF81600022302930DF11603019344
:10D53000BDF8303000933B46324629462046EEF790
:10D54000D7FE07B0F0BD2DE9F04184B004460D468A
:10D5500016461F46EAF712FD8046E3F78DFA80B2C1
:10D560000290CDF80480BDF8283000933B46324647
:10D5700029462046EEF7BCFE04B0BDE8F081F0B5C8
:10D5800087B004460D4616461F4600238DF814301A
:10D59000EEF726FC10B1037A8DF8143001230293C4
:10D5A00005AB0193BDF8303000933B463246294627
:10D5B0002046EEF79DFE07B0F0BD70B586B0BDF811
:10D5C0002850CC68267846B1013410260296019482
:10D5D0000095EEF78DFE06B070BD6488ADF816407C
:10D5E000022402940DF1160401940095EEF780FEDA
:10D5F000F1E7F0B587B005460C4616461F46C968E8
:10D60000EEF738FC90B10389ADF81630022302938F
:10D610000DF116030193BDF8303000933B463246BE
:10D6200021462846EEF764FE07B0F0BD0023ADF8B2
:10D630001630EBE7B8B110B582B0044600238DF880
:10D64000043042F60303ADF8063001A90068FEF786
:10D65000E9F950B9E368988840B92046EEF770FEC2
:10D66000013080B202E000207047002002B010BDFF
:10D670002DE9F0418AB005460C4616461F46D1F802
:10D680000C8098F806308DF814300846FFF7D2FF6A
:10D69000ADF81500D8F800100B7893B94B88ADF8A9
:10D6A00017300523029305AB0193BDF8403000937A
:10D6B0003B46324621462846EEF71AFE0AB0BDE840
:10D6C000F081D1F801C0D1F80500D1F80920D1F8D6
:10D6D0000D30CDF817C0CDF81B00CDF81F20CDF8C8
:10D6E00023301323DEE708B5EEF758FF08BD12F02C
:10D6F000010F05D04B8A03F095039BB14B689BB19A
:10D7000012F0020F05D04B8A03F4957373B18B6846
:10D7100073B14B8AC3F30E03134013F4DE7F09D1B8
:10D720000020704702207047022070470320704796
:10D7300003207047052070472DE9F04107460C464D
:10D74000EEF74EFB00283ED00646037A13F0010F99
:10D7500003D101252846BDE8F08100F10C08002125
:10D760004046FFF7C8FD05460028F3D10CB9254611
:10D77000F0E701214046FFF7DEFD0546D8B93846FF
:10D78000FFF766FC05460028E4D03846FFF77BFC2F
:10D7900005460028DED0D8E8EF3F23F00203C8E8B2
:10D7A000E23F002AF7D13846FFF754FC012130460A
:10D7B000FFF7E8FDCEE73846FFF74CFC0121304685
:10D7C000FFF7E0FDC6E70125C4E77047F8B5054659
:10D7D0004FF0FF324FF0FF3300210846ECF7BEFE5A
:10D7E000044600F10C0701213846E9F70DFC052637
:10D7F000067001213846E9F707FC067000231A4637
:10D8000021462846ECF7E8FE08B90020F8BD20467E
:10D81000E9F7BEFAF9E76FF085007047002070471E
:10D8200003783E2B01D0002070478378022B01D073
:10D83000002070470120704708B513460A4601468C
:10D840001846EFF7BDFD08BD08B500692830F8F7A8
:10D850007FF908BD08B50020E9F724FD002008BDC8
:10D8600008B50120E9F71EFD002008BD006901EBA5
:10D8700041018900803108447047406801EB410153
:10D8800000EB81007047006900EB41107047EFF337
:10D890001182202383F31288BFF36F8F036813F084
:10D8A000C00301D08B4207D101230360002082F323
:10D8B0001188BFF36F8F70474FF0FF30F7E7EFF33A
:10D8C0001182202383F31288BFF36F8F036803F064
:10D8D000C00C03F00703012B08D08C4509D04FF092
:10D8E000FF3082F31188BFF36F8F70470160002013
:10D8F000F7E76FF07700F4E7EFF31182202383F36B
:10D900001288BFF36F8F036803F0C00343F0020374
:10D91000036082F31188BFF36F8F7047F8B5064636
:10D920000C46FFF7A3FF05684768002340F8083B53
:10D93000FFF7E2FF1DB13A4621463046A847F8BD41
:10D940002DE9F041064690461F46CDB22946FFF725
:10D950008DFF044606990830FFF7B1FF002809DB68
:10D96000C4F80080676029463046FFF786FF0368E9
:10D9700098470020BDE8F08110B582B08024009463
:10D98000FFF7DEFF02B010BD10B51446C9B2FFF7B5
:10D990007AFF0021A04710BD08B50120F3F740FF32
:10D9A00008BD08B50320F3F73BFF08BD08B502200A
:10D9B000F3F736FF08BD08B50020F3F731FF08BDC7
:10D9C00008B50120F3F7D0FF08BD08B50320F3F731
:10D9D000CBFF08BD08B50220F3F7C6FF08BD08B5A8
:10D9E0000020F3F7C1FF08BD08B58022EFF77CFEE9
:10D9F00008BD08B520EAE070C117C90341EA5041EB
:10DA0000C00340F2E733C0184FF47A724FF00003BE
:10DA100041F10001E3F70CF8FAF728FB08BD08B55F
:10DA20001046F8F795F808BD0020704708B508467D
:10DA30001146EBF709F808BD08B508461146F3F79B
:10DA400043FD00B908BD6FF00400FBE708B501F025
:10DA5000C0FB00B908BD6FF00400FBE70B68FF2BAB
:10DA60001BD0C0F824354B68FF2B19D0C0F82835DF
:10DA70008B68FF2B17D0C0F83035CB68FF2B15D043
:10DA8000C0F834350B69FF2B13D0C0F838354B691B
:10DA9000FF2B11D0C0F83C3570474FF0FF33E0E763
:10DAA0004FF0FF33E2E74FF0FF33E4E74FF0FF338F
:10DAB000E6E74FF0FF33E8E74FF0FF33EAE7D0F84F
:10DAC0002435DBB20B60D0F82835DBB24B60D0F8E0
:10DAD0003035DBB28B60D0F83435DBB2CB60D0F8B8
:10DAE0003835DBB20B61D0F83C35DBB24B617047A7
:10DAF0004FF400020023C1E900230020704708B55D
:10DB000000694FF0FF324FF0FF33F8F7C3F808BD5C
:10DB10004B1EDBB2012B20D800B587B002291AD0EA
:10DB20000521FF238DF817300DF11703039301230F
:10DB3000049300220092019202928DF8001003AB30
:10DB400002936946EFF7E2FF002801DB9DF817001A
:10DB500007B05DF804FB3521E3E76FF0150070476F
:10DB600070B5064615461C4608E001213046FFF711
:10DB7000CFFF00280ADB10F0010F07D054EA05039D
:10DB8000F3D028462146FAF771FAEEE700EAE07092
:10DB900070BD00B585B0002301930293039351B18A
:10DBA00004238DF80430002201A9EFF7AFFF20B95C
:10DBB00005B05DF804FB0623F3E76FF00400F7E718
:10DBC00000B587B0049103230593002201920292CD
:10DBD00003929F238DF8043004AB039301A9EFF760
:10DBE00095FF07B05DF804FB00B1704708B501F17F
:10DBF0001800F7F7ADFF08BD10B582B0044601AAC2
:10DC000000F0A8F9002805DB019B22681979186843
:10DC1000F1F7F4F802B010BD4B6803444B600B6899
:10DC200003440B608B681B1A8B60704710B50C4661
:10DC300001F063FE002320606360184610BD38B514
:10DC400004460D4601F059FE002C06DBA04206D921
:10DC5000001B854205D9002000E0002038BD0020CF
:10DC6000FCE70120FAE738B5044601F04AFE054614
:10DC70006068F4F779FCA3685B1BA36062682A44C0
:10DC80006260002BF4D1002038BD00B585B00023C0
:10DC90000193029303930290039101A8FFF7E3FF1E
:10DCA00005B05DF804FB10B5044608E02368196868
:10DCB0006068F4F78DFC21460420FFF7ADFFA368F0
:10DCC000032BF3D8F0F790FB002010BD00B585B012
:10DCD00001910290039201A8FFF7E5FF05B05DF8FE
:10DCE00004FB0B4639B11168196041688A4209D0BA
:10DCF0000023136070471368036041688A42F7D1BC
:10DD00004360F5E74360F3E708B50A46036800217E
:10DD100001E019461B682BB19342FAD1FFF7E1FFEE
:10DD2000012000E0002008BD43090AD0012B0BD1DF
:10DD30004FF6FF7300F01F0023FA00F000F001001F
:10DD400070474FF0FF33F5E70020704738B50546C0
:10DD50000C460321A047002806DB01212846A047E6
:10DD6000002800DB002038BD10F1860FFBD1F4E75E
:10DD70000069003818BF0120704710F0100F04D15F
:10DD800010F0200F03D100207047032070470120BE
:10DD9000704743685B681B690B60002070474368ED
:10DDA0005B6802EA010021EA02019860D960002064
:10DDB000704743685B6899600020704743685B6800
:10DDC000D9600020704743685A68536821EA03000D
:10DDD0000B409060D36000207047B0F5800F07D0F3
:10DDE000B1F1C06F0DD0B1F1007F08D001207047B4
:10DDF000B1F1007F01D00520704704207047022058
:10DE0000704703207047002070470020704708B516
:10DE100021B1012905D06FF0850008BDFFF7F3FFA0
:10DE2000FBE7FFF7F2FFF8E708B500690430F0F709
:10DE3000CFFB08BD00B583B0019001A8F0F712FC3C
:10DE4000019B803350F8230000F0010003B05DF81F
:10DE500004FB2DE9F04182B00190884615461C462E
:10DE6000089F099E01A8F0F7FDFB019A02F18003CB
:10DE700050F82310B8F1000F31D04FF0010C8DB3E2
:10DE800002234CEA030C7CB30C234CEA030C6FB363
:10DE90004FF470634CEA030C56B34FF440334CEA32
:10DEA000030C21EA0C01B8F1000F23D098F80030E0
:10DEB00015B32D786D002B4304B32478A4002343BD
:10DEC000F7B13C7824022343E6B134782404234399
:10DED0000B43803240F8223002B0BDE8F0814FF0B1
:10DEE000000CCCE70023CCE70023CEE70023D1E7EA
:10DEF0000023D4E70023DBE70025DCE70024DEE78E
:10DF00000024E0E70024E2E710B500F01F04400918
:10DF1000F0F750FB30B1014600690122A240043005
:10DF2000F0F7D8FB10BD08B51146103001F0BAFC6F
:10DF300008BD00690F2906D840F82120103140F8AB
:10DF40002130002070476FF01500704700207047A7
:10DF50001020704700B54368136001E00833136078
:10DF6000136890F808C0D0F804E00EEBCC0C6345C1
:10DF700005D293F805C08C45F0D1002001E06FF088
:10DF800001005DF804FB43090AD0012B0BD14FF6C9
:10DF9000FF7300F01F0023FA00F000F0010070474B
:10DFA0004FF0FF33F5E70020704700B583B00190D4
:10DFB00001A8F0F7C9FE019A01239340C36003B0A2
:10DFC0005DF804FB00B583B0019001A8F0F7BCFE3A
:10DFD000019A01239340836003B05DF804FB08B508
:10DFE00011B9FFF7E2FF08BDFFF7ECFFFBE738B51B
:10DFF00005460C460321A047002806DB01212846E0
:10E00000A047002800DB002038BD10F1860FFBD1AF
:10E01000F4E743681B68EFF31182202181F3128833
:10E02000BFF36F8FD3F8201131B10021C3F8201155
:10E03000D3F820110121D96082F31188BFF36F8FCB
:10E04000704743681B68D3F88004C3F880047047A6
:10E0500043681A685B6803F00103D2F8581129B9C4
:10E0600033B9D2F820312BB9002070470120704716
:10E07000002070470120704708B503691A681368CB
:10E080000BB15268984708BD00B587B000230193D3
:10E09000029303930493059304238DF804300291B3
:10E0A0000DEB0301FFF7E8FF07B05DF804FB4368E1
:10E0B000187D012814BF00200120704700B587B0EB
:10E0C00002690023019302930393049305930223AF
:10E0D0008DF8043013681B6C029313689B6C0393D8
:10E0E000049101A9FFF7C8FF07B05DF804FB10B564
:10E0F00003691B6840680068EFF3118C4FF0200E35
:10E100008EF31288BFF36F8F1C6CACB1DC6CB4B9AA
:10E11000D9641A65C0F83415C0F83825042A11D915
:10E12000D0F8003243EA0E03C0F8003200208CF32E
:10E130001188BFF36F8F10BD6FF00C00F7E76FF021
:10E140000F00F4E70020F2E70369186820B10160CE
:10E150001B685A60002070476FF08500704700B55B
:10E1600087B0002301930293039304930593032341
:10E170008DF8043003691A6843681968936DD26D8D
:10E18000134302D00423C1F8043301A9FFF774FF3D
:10E1900007B05DF804FB43681A689B6AC2F834351F
:10E1A0000523C2F838350123D362D2F81031002B91
:10E1B000FBD00023C2F81031D2F81031D2F84C0154
:10E1C00030B10023C2F84C31D2F84C31D2F83C05C2
:10E1D000C0B2704710B4445844B11A4201D1002073
:10E1E00005E0002343504358012000E0002010BC0C
:10E1F0007047426813680069006868B9D3F8100175
:10E2000068B1126B12780A700020C3F81001D3F8BD
:10E21000102101221A6070476FF0850070474FF09F
:10E22000FF30704708B520EAE070C117C90341EA22
:10E230005041C00340F2E733C0184FF47A724FF0F8
:10E24000000341F10001E2F7F3FBF9F70FFF08BD0E
:10E2500070B5064612E075B1EFF31184202383F305
:10E260001288BFF36F8F3046FFF7F2FE98B984F340
:10E270001188BFF36F8F0120FFF7D4FF642430466D
:10E28000FFF7E6FE05460028E5D1012000F0D6FFA5
:10E29000013CF4D1DFE7204670BD10B582B00446E2
:10E2A00001AAFFF757FE002805DB019B22681979B8
:10E2B0001868F0F7A3FD02B010BD10B543681C68E4
:10E2C0000021D868FFF7E9FF0823C4F8003510BD26
:10E2D00008B5026993681943916013F0030F00D0E9
:10E2E00008BDFFF7EAFFFBE710B543681C68C4F8F8
:10E2F0004415C4F848250022C4F82021D4F8201180
:10E30000C4F85821D4F858215B6813F0040F02D1E7
:10E310000123A36010BD0121FFF7DAFFF8E738B54C
:10E3200005460C4643681B684FF48002C3F804237B
:10E33000FFF78EFE20B92368012283F8B82038BD8C
:10E340002368002283F8B82023684FF0FF32C3F817
:10E35000B4202368D3F8AC20D3F8A8102846FFF7E0
:10E36000C3FFECE743685A6812F0040F00D070470F
:10E3700010B504460021D868FFF78FFF2046FFF74D
:10E380009CFF10BD012904D108B5FFF7EBFF002069
:10E3900008BD6FF08500704710B502694468936846
:10E3A00023EA0101916011F0030F00D010BD436812
:10E3B0001B680022C3F800250121E068FFF76DFF0C
:10E3C000F4E730B587B00446426803691968002352
:10E3D0000193029303930493059305208DF80400A1
:10E3E00081F86130536813F0040F05D101A920466C
:10E3F000FFF742FE07B030BDEFF31185202383F312
:10E400001288BFF36F8F02212046FFF7C5FF85F307
:10E410001188BFF36F8FE9E770B50446466803695A
:10E420001D68296C19B1FFF72FFE00232B6495F8A6
:10E4300062306BB1002385F8623063681B6800228C
:10E44000C3F80821D3F808312046FFF7BAFF70BDA2
:10E45000736813F0040FF0D02046FFF79CFE85F898
:10E460006000EAE770B50E4603691D6843681C68E2
:10E4700005F1080002F064FFEFF31182202383F31B
:10E480001288BFF36F8FEB6C53B1D4F8003223F0D6
:10E490002003C4F800320023C4F84C31D4F84C31C6
:10E4A000002385F8613016B1012385F8623001231D
:10E4B000636082F31188BFF36F8F002070BD08B5D1
:10E4C00003691B681B6C1BB10121FFF7CBFF08BD63
:10E4D0006FF00D00FBE710B586B00446436819687D
:10E4E000D1F88024002301930293039304930593AE
:10E4F00006238DF8043012F0010F08D112F0020F3C
:10E5000014D112F0040F13D102F0080300E001232C
:10E510008DF80830C1F8802401A92046FFF7ACFD32
:10E5200000212046FFF79EFF06B010BD0223EFE753
:10E530000423EDE738B50369426815681A68D2F814
:10E54000A01051B1002482F8B8401868683002F079
:10E55000F7FE0123EB60204638BD6FF00D00FBE7AE
:10E5600008B5406BFFF7E6FF08BD70B505460369C7
:10E570001C6843681E6804F1080002F0E1FED6F84A
:10E580003C3594F860101944002384F86030A36C83
:10E59000C91A01D400292CDC216C2846FFF774FD30
:10E5A000E36C2364236D63640023E3642365A36445
:10E5B00094F86130E3B1EFF31182202383F31288E2
:10E5C000BFF36F8F236CC3B1D6F84C3133B901233D
:10E5D00033600023C6F84431D6F84431D6F800320F
:10E5E00023F02003C6F8003282F31188BFF36F8F47
:10E5F00070BD2846FFF762FDCEE701237360F3E7A5
:10E6000010B5046940682368D3F8A420D3F8B0108B
:10E61000521A01D1002010BD082A28BF0822C3F8D1
:10E62000AC202368406AC3F8A8002368D3F8A01080
:10E63000D3F8B030194402F0EAFE0120EBE72DE9EF
:10E64000F04186B00546436804691F68EFF31188FE
:10E65000202282F31288BFF36F8F2268D2F8B410A1
:10E66000002946DBD2F8B4605B6813F0040F43D195
:10E6700088F31188BFF36F8F2368D3F8A020002A96
:10E6800034D093F8B81000293FD1D3F8A8108A42AB
:10E6900006D0D3F8AC20964247D0D3F8B0301E4411
:10E6A0002068683002F04CFE00230193029303932C
:10E6B000049305932368D3F8A0300293039623684C
:10E6C000D3F8A4309E4202D001238DF804304FF4D9
:10E6D0008003C7F8083322680023C2F8A0302268FC
:10E6E000C2F8A43001A92846FFF7C6FC06B0BDE871
:10E6F000F081D7F84C65B7E74FF48003C7F80833CB
:10E7000001212846FFF748FEB2E7EFF311862023E8
:10E7100083F31288BFF36F8F21462846FFF7FFFD72
:10E7200086F31188BFF36F8FE0E7D3F8B02032444F
:10E73000C3F8B0202846FFF763FF18B92368D3F861
:10E74000B060ADE7EFF31186202383F31288BFF3A7
:10E750006F8F21462846FFF7E2FD86F31188BFF34D
:10E760006F8FC3E7436B5A6812681B691B68D2F846
:10E77000081199B10021C2F80811D2F80821596591
:10E7800030B583B003F10800D3E916230024002537
:10E79000CDE90045FAF798FC03B030BD596D013161
:10E7A00059650429ECD1012353607047D0B582B07C
:10E7B0000369426814681A68002151651B6803F1F7
:10E7C0000800D3E9162300260027CDE90067FAF7F1
:10E7D0007BFC0423C4F8083302B0D0BD38B54568CB
:10E7E0002C686B6813F0010F23D100220823C4F8B2
:10E7F0000035EB6AC4F844350023C4F848350123DA
:10E80000A36072B9D4F82031002BFBD00023C4F8E8
:10E810002031D4F820310123E3604FF48073C4F831
:10E820000433D4F85831002BFBD00020C4F8000585
:10E8300038BD01692046F0F7F9FD0028F8DB012218
:10E84000D4E710B50446002201210820E7F792FD25
:10E850000820FCF72FFF00212046F0F70DFE10BD29
:10E860002DE9F041064643681C680769D7F8008027
:10E87000D4F804532B4604224FF484712046FFF74A
:10E88000A9FCE8BB2B464FF400724FF4927120466E
:10E89000FFF7A0FCC0BB2B4610224FF48871204626
:10E8A000FFF798FCA0BB15F4002F05D0D4F84C312D
:10E8B00013B1D4F81031A3B315F4003F05D0D4F848
:10E8C000443113B1D4F810319BB315F4807F02D0DA
:10E8D000D4F82031ABBB15F4800F02D0D4F85831F6
:10E8E0009BBB07F10803D3E8EF2F22F00401C3E834
:10E8F000E01F0028F7D112F0040F2AD1BDE8F08103
:10E900003046FFF753FFBDE73046FFF7E4FDC2E7AF
:10E910000023C4F81031D4F810313046FFF725FE3B
:10E92000C1E7C4F84C31D4F84C313046FFF717FC3E
:10E93000C2E7C4F84431D4F844313046FFF76CFDE7
:10E94000C3E73046FFF765FBC5E73046FFF777FEC4
:10E95000C7E7D8F844103046FFF7B0FBD8F84010AE
:10E960003046FFF791FB0023C8F84430C8F8403028
:10E970003046FFF726FDC1E738B505460C460321B2
:10E98000A047002806DB01212846A047002800DB1D
:10E99000002038BD10F1860FFBD1F4E743090AD0FF
:10E9A000012B0BD14FF6FF7300F01F0023FA00F08C
:10E9B00000F0010070474FF0FF33F5E7002070478B
:10E9C00030B404E0083404600C68013C0C600C684E
:10E9D0004CB1046865689D42F4D3B5FBF3F515604E
:10E9E0000368186801E00020106030BC704770B503
:10E9F000044615461E460A4611B30B6863640BB302
:10EA00005368A364334604F1580204F1480104F149
:10EA10004400FFF7D5FF6065B5B12B68E364ABB187
:10EA20006B682365334604F1600204F1500104F180
:10EA30004C00FFF7C5FFE06500232364636670BDEB
:10EA40000B46DBE70023DCE72B46E7E70023E8E79C
:10EA50000246002005E0536C03EBC1035B681844D9
:10EA60000131936C8B42F6D870470246002005E0D6
:10EA7000D36C03EBC1035B6818440131136D8B4207
:10EA8000F6D870470368E3B110B50446986870B1D2
:10EA900071B91AB99A8812F4805F08D1186902F026
:10EAA000FFF823680022197B9868F0F77FFD10BDFE
:10EAB0000122197BF0F77AFD2368186902F0F0F85B
:10EAC000F5E77047006901B9704708B500221146A3
:10EAD000FFF7D8FF08BD00B583B0019001A8F0F79B
:10EAE0008FFD019A01239340C36003B05DF804FBDE
:10EAF00000B583B0019001A8F0F782FD019A0123CF
:10EB00009340836003B05DF804FB08B511B9FFF7CB
:10EB1000E2FF08BDFFF7ECFFFBE708B503468C46B4
:10EB200000681979DA8842EA0C02F0F7A1FD08BD05
:10EB300010B5044601220021FFF7A4FFA36903B129
:10EB400010BD636004F11000F7F702F8F8E710B5A4
:10EB50000446006903688B420AD190F8703053B9BB
:10EB6000FFF7E6FF00212046FFF7ACFF002010BDB5
:10EB70006FF01500FBE76FF00F00F8E738B50446BB
:10EB80000569296405F12800F6F7E2FF002385F8FE
:10EB9000703001212046FFF795FF38BD08B50029E8
:10EBA00004DB03689B8813F4005F04D103689B882F
:10EBB00013F4005F00D008BD002343601030F6F767
:10EBC000C7FFF8E738B50446049DAB8813F4005F2F
:10EBD00008D083694BB94368AB4201D0002302E0FF
:10EBE000012300E0002313B138BD0023FBE704F14B
:10EBF00010004FF0FF324FF0FF33F7F74BF865602E
:10EC0000F2E710B584B00024029401940094F1F767
:10EC100047F804B010BD10B582B0044601AAFFF752
:10EC200099F9002805DB019B226819791868F0F72B
:10EC3000E5F802B010BD38B54568046994F8713044
:10EC400013B9A1680A4607E02846F4F7F5FC00234B
:10EC500084F87130F5E70832E36801EBC3039A42A8
:10EC6000F9D30121E86BFFF7D6FF38BD08B5FFF7F0
:10EC7000E2FF002008BD10B5436804690021D86B8D
:10EC8000FFF7C9FFA1680A4600E00832E36801EB1C
:10EC9000C3039A42F9D3002010BD012903D108B55E
:10ECA000FFF7E9FF08BD6FF08500704708B5002247
:10ECB00001210A20E7F75EFB08BD43090AD0012BBA
:10ECC0000BD14FF6FF7300F01F0023FA00F000F0A5
:10ECD000010070474FF0FF33F5E70020704700B5A3
:10ECE00083B00B460021019100910A46F1F732F9F9
:10ECF00003B05DF804FBF8B504460F4600F0DEFDF6
:10ED0000054600223946204600F0D0FD0321384652
:10ED1000FFF7E5FF00F000FA064623685B593BB9B0
:10ED200000F0FAF9831B062BF7D96FF0730500E0AA
:10ED300000253946204600F0BDFD01213846FFF789
:10ED4000CEFF2846F8BD08B58368DB6913B1012200
:10ED5000984708BD6FF05700FBE7003A18BF012243
:10ED6000022909D003290AD0012902D0C0F854256C
:10ED7000704742F00202F9E742F00402F6E742F07F
:10ED80000602F3E738B505460C460321A0470028E4
:10ED900006DB01212846A047002800DB002038BD03
:10EDA00010F1860FFBD1F4E70246002005E0536C1A
:10EDB00003EBC1035B6818440131936C8B42F6D8B6
:10EDC00070470246002005E0D36C03EBC1035B688B
:10EDD00018440131136D8B42F6D870470368E3B1D4
:10EDE00010B50446986870B171B91AB99A8812F4CE
:10EDF000805F08D1186901F053FF23680022197B56
:10EE00009868F1F725F910BD0122197BF1F720F977
:10EE10002368186901F044FFF5E7704708B5034619
:10EE20000A4600681979F1F769F908BD08B5034683
:10EE30008C4600681979DA8842EA0C02F1F7F6F993
:10EE400008BD10B5044601220021FFF7C7FFA369E2
:10EE500003B110BD636004F11000F6F779FEF8E726
:10EE600008B5006903688B4203D1FFF7EAFF002071
:10EE700008BD6FF01500FBE708B5002904DB036847
:10EE80009B8813F4005F04D103689B8813F4005F30
:10EE900000D008BD002343601030F6F759FEF8E7B4
:10EEA00010B50C4651F81C3C58684FF40011303036
:10EEB000FFF7B4FFA4F11800F6F74AFE10BD08B53D
:10EEC0000A690378012B00D008BD4368136402F17E
:10EED0002800F6F73DFEF7E738B50446049DAB88F9
:10EEE00013F4005F08D083694BB94368AB4201D08B
:10EEF000002302E0012300E0002313B138BD00230A
:10EF0000FBE704F110004FF0FF324FF0FF33F6F74C
:10EF1000C1FE6560F2E738B505460C4691F834103D
:10EF2000206BF1F7BFF800B138BD4FF0886104F1F4
:10EF30003000FFF773FF05F16C004FF0FF324FF028
:10EF4000FF33F6F7A7FEEFE710B584B00024029474
:10EF500001940094F1F79EFB04B010BD10B582B08F
:10EF6000044601AAFEF7F6FF002805DB019B226894
:10EF700019791868EFF742FF02B010BD08B5436871
:10EF80001A6B22B10121D86AFFF7E8FF08BD1A68A1
:10EF90000021C2F80015F5E710B544680021E06AC9
:10EFA000FFF7DCFF236B03B110BD23680222C3F817
:10EFB0000025F9E708B521B1012906D06FF08500D9
:10EFC00008BDFFF7DBFF0020FAE7FFF7E5FF0020B1
:10EFD000F6E708B5002201210B20E7F7CBF908BDC1
:10EFE00000B5A2F5807E4FEA9E0E4FF0010C0CFAA0
:10EFF0000EFC1CEA010F0DD0815809B900200AE06F
:10F000000021815082581BB11A684CEA02021A6032
:10F01000012000E000205DF804FB70B582B00646D8
:10F020000D460024019409E0A20001AB02F5A07294
:10F0300029463046FFF7D4FF0134E4B2032CF3D95C
:10F0400015F0010F02D0D6F8003143B915F0020FC8
:10F0500002D0D6F8043163B9019802B070BD002324
:10F06000C6F80031D6F80031019B43F0010301934B
:10F07000ECE70023C6F80431D6F80431019B43F0D5
:10F0800002030193E8E7401A20F07F40704700F147
:10F0900050039B009BB203F1804303F5A83318682B
:10F0A000003818BF0120704700F150039B009BB24D
:10F0B00003F1804303F5A83300221A601B687047F0
:10F0C00020F07F407047EFF31180202383F31288F4
:10F0D000BFF36F8F704780F31188BFF36F8F704756
:10F0E000F0B585B0044617461D46F1F7CBFC064641
:10F0F0009DF8303002930B9B01930A9B00933A4694
:10F100002B462046F1F7AEFD054631462046F1F785
:10F1100003FD284605B0F0BD08B5F1F725FD08BD93
:10F1200000207047704708B5F1F78AFE002008BD3F
:10F1300008B500F04EF800B908BD002383F311882C
:10F14000BFF36F8F0423184602DF6FF00400F3E76C
:10F1500008B507290AD013290BD0052903D0F1F7E8
:10F1600083FF002001E0F1F775FE08BDF1F7DAFE3C
:10F17000FBE7F1F747FFF8E702280BD003280CD094
:10F1800010B14FF0FF30704709B9002070474FF0C1
:10F19000FF3070476FF0150070476FF085007047C3
:10F1A00000B589B002AB06930823079301AB049323
:10F1B000042305930290039104AA06A91846F2F7C6
:10F1C0008BF80199FFF7D8FF09B05DF804FB002028
:10F1D00070470020704710B588B01C4601AB0693FD
:10F1E0000C230793CDF810D00423059301900291CE
:10F1F000039204AA06A90020F2F76EF8009B236090
:10F2000008B010BD10B588B01446002301930290D9
:10F21000039101AB06930C230793CDF810D0042380
:10F22000059304AA06A90220F2F756F8009B236072
:10F2300008B010BD704708B5804708BD08B501F09B
:10F240002FFD08BD38B504461546F2F7CFF929461B
:10F250002046F2F7E3F938BD0120704708B50520D4
:10F26000E7F77AF800B108BD0520FCF723FAFAE7C2
:10F2700038B504460378022B06D0012B00D00023BA
:10F280001D461BB1284638BD0123F9E70020F2F7DF
:10F2900027FAFFF7E1FF2070F4E708B5F2F7DCFB8F
:10F2A00008BD10B401F5A27150F8214024F44F3488
:10F2B00024F4407440F8214050F82140120202F436
:10F2C0007C521B0403F440331A43144340F821409A
:10F2D00010BC704710B401F5A27150F8214024F41D
:10F2E000991424F4F85440F8214050F821401202B7
:10F2F00002F47C521B0403F440331A439DF804309B
:10F300001B0503F480131A43144340F8214010BC3A
:10F31000704700B5A2F5807E4FEA9E0E4FF0010CBB
:10F320000CFA0EFC1CEA010F0DD0815809B900201F
:10F330000AE00021815082581BB11A684CEA02028F
:10F340001A60012000E000205DF804FB43090AD0A8
:10F35000012B0BD14FF6FF7300F01F0023FA00F0D2
:10F3600000F0010070474FF0FF33F5E700207047D1
:10F3700038B50D460079F2F7A3FB04462846F2F7AC
:10F3800095FB083034F8100000F0010038BD38B5A6
:10F390000D460079F2F794FB04462846F2F786FB07
:10F3A000083034F81000C0F3401038BD38B50D46B1
:10F3B0000079F2F785FB04462846F2F777FB083020
:10F3C00034F8100010F01C0018BF012038BD38B50B
:10F3D0000D460079F2F774FB04462846F2F766FB07
:10F3E000083034F81000C0F3400038BD38B504468A
:10F3F0000D46FFF7ECFF30B129462046FFF7C7FF67
:10F4000018B1012000E0002038BD0020FCE708B55D
:10F41000FFF7DDFF80F00100C0B208BD7047704704
:10F4200038B50D460079F2F74BFB04462846F2F753
:10F430003DFB083034F81000400B38BD032894BF62
:10F4400000200120704770B506460D46002404E0F8
:10F450004FF0FF33AB4211D001342F2C0CD8307950
:10F46000F2F72EFB04F1080330F8133013F4807F19
:10F47000EED0C3F34323EDE7002000E0012070BD90
:10F48000F8B506460F4615460024002C03DD4FF064
:10F49000FF342046F8BD3079F2F712FB50F83430D3
:10F4A000BB4201D00134F0E700EBC4035B68AB4220
:10F4B000F8D1EEE710B504460846F2F7F7FA08303F
:10F4C00034F8103013F4807F04D0C3F3432304EBEB
:10F4D000C30010BD0020FCE770B504460E4615467B
:10F4E0000079F2F7EDFA86602079F2F7E9FAC56063
:10F4F00070BD08B50079F2F7E3FA90F88C00003897
:10F5000018BF012008BDF8B504460D461646FFF7A2
:10F51000D1FF20B10768426831462846B847A36842
:10F520001BB1E268314628469847F8BD00B583B064
:10F53000019001A8F2F7F4FA0069019BD84000F0AD
:10F54000010003B05DF804FB38B50C460079F2F712
:10F55000B7FA05462046F2F7A9FA083035F8103018
:10F56000C3F38203042B09D0052B01D1022006E04E
:10F570002046FFF7DBFF18B1032000E0032038BD71
:10F580000220FCE72DE9F04182B001908846154643
:10F590001C46089F099E01A8F2F7C2FA019A02F1DF
:10F5A000800350F82310B8F1000F31D04FF0010C58
:10F5B0008DB302234CEA030C7CB30C234CEA030CFE
:10F5C0006FB34FF470634CEA030C56B34FF44033FF
:10F5D0004CEA030C21EA0C01B8F1000F23D098F893
:10F5E000003015B32D786D002B4304B32478A400AC
:10F5F0002343F7B13C7824022343E6B13478240452
:10F6000023430B43803240F8223002B0BDE8F08142
:10F610004FF0000CCCE70023CCE70023CEE700231B
:10F62000D1E70023D4E70023DBE70025DCE7002453
:10F63000DEE70024E0E70024E2E700B585B08DF8BE
:10F640000F100DF10F030193002100910B460A46A4
:10F65000FFF798FF05B05DF804FB38B504460D468A
:10F66000FFF795FEB8B129462046FFF7D0FE90B1CE
:10F6700029462046FFF7D4FE226801238340C2F8C2
:10F680000833226800F5A27052F8203023F00303FB
:10F6900042F8203003E000212846FFF7CEFF38BDB6
:10F6A00000B583B0019001A8F2F73AFA019B8033CC
:10F6B00050F82300C0F3014003B05DF804FBF8B537
:10F6C00007460E4614461D461046FFF7B7FE60B9C2
:10F6D000022D1DD002213046FFF7AFFF032C1BD0B7
:10F6E000022D17D0032D1DD0F8BD224631463846D5
:10F6F000FFF709FF3046FFF7D3FFA842F4D10021FE
:10F700003046FFF79AFF29463046FFF796FFEBE7B2
:10F710000321E0E7012CE5D1224631463846FFF7C8
:10F72000F2FEE1E7022CDFD1F6E700B583B00190ED
:10F7300001A8F2F7F5F90123019A9340036203B09F
:10F740005DF804FBF0B583B007460D46164600246D
:10F75000019409E0E0B2F2F7DFFA024601AB294674
:10F760003846FFF7D6FD0134B442F3D3002D02DB57
:10F77000019803B0F0BD01AB4FF4BE722946384684
:10F78000FFF7C7FDF4E770B504460D46FFF7FFFD30
:10F7900058B1266829462046FFF742FE00F5A270C0
:10F7A000002346F8203046F8203029462046F2F75C
:10F7B0008BFB2079F2F784F904462846F2F776F9B4
:10F7C0000830002324F8103070BD2DE9F0410546C3
:10F7D0000E469846069F002400E00134BC420DD23C
:10F7E000E0B2F2F799FAA0F580739B0801229A40E3
:10F7F0001642F2D000232B502B58EEE7002E04DAED
:10F800000023C5F87C31D5F87C3145F30730FBF790
:10F8100051FFB8F1000F01D0C5F80463BDE8F081D5
:10F82000F8B506460D46144619E094FAA4F3B3FA67
:10F8300083F301229A4024EA020403F13C0205EB1F
:10F840004202978803F5A27356F82300C0F30140E3
:10F85000FFF7E4FD024639462846FFF754FE002C28
:10F86000E3D1F8BD08B5F2F7B5FB08BD08B5F2F76E
:10F870008FF908BD08B5FFF72FFE08BD08B5F2F7F0
:10F880001BFA08BD08B5F2F779FC08BD08B5FFF70B
:10F8900030FE08BD08B5F2F74DFC08BD08B5F2F71B
:10F8A00063FC08BD08B5F2F705FB08BD08B5F2F723
:10F8B0004DFA08BD08B5FFF7D0FE08BD08B5F2F750
:10F8C000A7FA08BD4FF4805070474FF4807070471E
:10F8D00010B5FFF7F7FF0446FFF7F7FF04FB00F052
:10F8E00010BD10B50446FFF7EDFFB4FBF0F300FBCD
:10F8F0001340B0FA80F0400910BD08B5FFF7E8FFEB
:10F9000008BD08B5FFF7DEFF08BD08B5FFF7DDFF4E
:10F9100008BD0B68FF2B1BD0C0F824354B68FF2BAC
:10F9200019D0C0F828358B68FF2B17D0C0F83035B8
:10F93000CB68FF2B15D0C0F834350B69FF2B13D0E3
:10F94000C0F838354B69FF2B11D0C0F83C357047F3
:10F950004FF0FF33E0E74FF0FF33E2E74FF0FF33C4
:10F96000E4E74FF0FF33E6E74FF0FF33E8E74FF00F
:10F97000FF33EAE7D0F82435DBB20B60D0F8283546
:10F98000DBB24B60D0F83035DBB28B60D0F8343569
:10F99000DBB2CB60D0F83835DBB20B61D0F83C3548
:10F9A000DBB24B6170470B784A7843EAC2038A782E
:10F9B00043EA8213CA7822B180221343C0F8443547
:10F9C00070470022F9E7D0F8003623F07F4323F098
:10F9D000FF030A781A434B785BB14FF080731343EF
:10F9E0008A7843EA4263CA7843EA0273C0F8003671
:10F9F00070470023F3E7023907291FD8DFE801F039
:10FA000027252312211F0704D3791B0600E00023BA
:10FA1000917943EA0143517943EA012311790B4378
:10FA2000C0F83C36D3781B06917843EA01435178FD
:10FA300043EA012312781343C0F838367047002395
:10FA4000E9E70023EAE70023EEE70023EFE70023DE
:10FA5000F0E710B4D0F83C46D0F838360239072920
:10FA600017D8DFE801F015120F0D0C090604210E5E
:10FA7000D171C4F307419171C4F30721517114711D
:10FA8000190ED170C3F307419170C3F30721517070
:10FA9000137010BC70470B784A7843EA02238A78C7
:10FAA00043EA0233CA7843EA42330A7943EA8233AB
:10FAB0004A7943EAC233C0F83436704743090AD062
:10FAC000012B0BD14FF6FF7300F01F0023FA00F05B
:10FAD00000F0010070474FF0FF33F5E7002070475A
:10FAE00008B50223F2F7DCFF08BD08B50323F2F7DF
:10FAF000D7FF08BD003A18BF0122022909D0032907
:10FB00000AD0012902D0C0F85425704742F0020201
:10FB1000F9E742F00402F6E742F00602F3E738B5EF
:10FB200005460C4691F82430B3B909686268A368A9
:10FB3000C0F80815C0F80C25C0F81035A369C0F846
:10FB40006C35E16994F8202094F82130C0F8141540
:10FB5000C0F86825C0F86435237BC5F8C035236933
:10FB6000C5F82435627D217D2846FFF7C3FF94F850
:10FB70002230C5F8603538BD70B4034611F400205A
:10FB800002D0D3F84C0138B911F0020F15D0D3F8D8
:10FB900004414CB9002411E00020C3F84C01D3F813
:10FBA0004C014FF40020EFE70024C3F80441D3F8E0
:10FBB000044140F00200012400E0002411F0400F55
:10FBC00011D0D3F818510DB900250DE00025C3F868
:10FBD0001851D3F8185140F040009AB1A4B1D3F8AD
:10FBE0003C55254600E0002511F0100F02D0D3F857
:10FBF00010615EB911F4807F02D0D3F82021AAB938
:10FC000070BC70470025EFE70125EDE70026C3F83B
:10FC10001061D3F8106140F01000002AEAD0002DE6
:10FC2000E8D1002CE6D0D3F83C25E3E70022C3F866
:10FC30002021D3F8203140F48070E1E743090AD055
:10FC4000012B0BD14FF6FF7300F01F0023FA00F0D9
:10FC500000F0010070474FF0FF33F5E700207047D8
:10FC600000B583B0019001A8F3F7BAFA019A012315
:10FC70009340836003B05DF804FB00B583B001904E
:10FC800001A8F3F7ADFA019A01239340C36003B0D2
:10FC90005DF804FB08B50346006AB0F1FF3F06D0EB
:10FCA0009B7F13F0020F06D011B1FFF7D9FF08BDFB
:10FCB000FFF7E3FFFBE711B1FFF7DFFFF7E7FFF720
:10FCC000CFFFF4E7B0F1FF3F1CD0F0B583B004469E
:10FCD0000D4616461F4601290AD000220023019333
:10FCE0000097334629462046F3F7B2FA03B0F0BD39
:10FCF000089B1BB1FFF7B4FF2A46EFE7FFF7BDFFF4
:10FD00002A46EBE77047B0F1FF3F03D008B5F3F7A1
:10FD10000DFB08BD704770B505464B7F83B10E469D
:10FD2000012343616424002202212846FFF724FFB7
:10FD300020B90120FFF782FA013CF4D10023737748
:10FD40000023C5F8003570BD38B505460C460021C6
:10FD50002046FFF79FFF637F3BB9002323722046B5
:10FD600050F8083B6168984738BD21462846FFF7A0
:10FD7000D2FFF2E7003A18BF0122022909D0032975
:10FD80000AD0012902D0C0F85425704742F002027F
:10FD9000F9E742F00402F6E742F00602F3E743090E
:10FDA0000AD0012B0BD14FF6FF7300F01F0023FA8E
:10FDB00000F000F0010070474FF0FF33F5E700203E
:10FDC000704708B54A75F3F7F5FD08BD30B583B047
:10FDD00004460D46D0F804316BB9D4F8283143B14C
:10FDE0000023C4F82831D4F828316B7DDBB2012B15
:10FDF00014D003B030BD4B7DDBB28DF8073000234B
:10FE0000C0F80431D0F804310322FFF7DAFF9DF87F
:10FE10000730DBB2012BE0D16B75DEE7EA682B68B7
:10FE2000C4F84425C4F848352A696B68C4F83425F9
:10FE3000C4F838350123A362022229462046FFF781
:10FE4000C0FFD6E770B505680B7C032B36D8064695
:10FE50000C46CB7D73B3237E5BB9A06861682268D2
:10FE6000E368C5F80805C5F81015C5F80C25C5F8F0
:10FE70001435627C217C2846FFF77CFF237DC5F882
:10FE80005C35637DC5F8C0350023C5F80431D5F86D
:10FE90000421C5F82831D5F82831D5F8003243F0CF
:10FEA0000403C5F80032306840F30730FBF702FC6A
:10FEB000012070BD0846F3F743FDCCE70020F8E7CA
:10FEC0002DE9F04188B00446884617461E460E9D2F
:10FED00020220021684601F0C1FAC4F80080676062
:10FEE000A660E5601F2D12D94FF0FF3323610F9BF1
:10FEF0006361109B83B118349C46BCE80F000FC4AB
:10FF00009CE80F0084E80F0008B0BDE8F0810123F1
:10FF1000AB40013B2361EAE718346D460FCD0FC4B7
:10FF200095E80F0084E80F00EEE730B583B0046871
:10FF3000B4F1FF3F32D08568A94232D211EB040CF4
:10FF400032D05C18AC4200D96B1A046A24B1009319
:10FF50000523A04703B030BDBFF35B8F194604E013
:10FF60001CF8010B02F8010B013959B112F0030F13
:10FF7000F6D11CF0030FF3D104E05CF8040B42F857
:10FF8000040B04390329F8DC04E01CF8010B02F827
:10FF9000010B01390029F8D11846DBE76FF0210089
:10FFA000D8E76FF02100D5E76FF02100D2E730B538
:10FFB00083B00468B4F1FF3F31D08568A94231D2E3
:10FFC00011EB040C31D05C18AC4200D96B1A446AB6
:10FFD0008CB100930523A04703B030BD12F8010B8C
:10FFE0000CF8010B013969B11CF0030FF6D112F0C6
:10FFF000030FF3D106E01946F5E752F8040B4CF86D
:020000040003F7
:10000000040B04390329F8DC29B112F8010B0CF8B0
:10001000010B0139F8E7BFF35B8F1846DCE76FF09F
:100020002100D9E76FF02100D6E76FF02100D3E778
:1000300030B583B00468B4F1FF3F34D01D46836807
:10004000994233D211EB040C33D06C189C4200D986
:100050005D1A846A2CB100950523A047284603B099
:1000600030BD1346012104E0C80002FA00F003434A
:1000700001310329F8D9294649B11CF0030F06D0F4
:100080000CF8012B0139F7E74CF8043B043903293C
:10009000FADC02E00CF8012B01390029FAD1BFF398
:1000A0005B8F2846DBE76FF02100D8E76FF0210077
:1000B000D5E76FF02100D2E700207047C31C5B003A
:1000C00003EB00130B44013B49420B4003EBC00020
:1000D0000630704708B5036B0BB1984708BDC3687D
:1000E0001F2B0DD821FA03F342685AB1D0F808C08B
:1000F0008C450AD952F8233002690A409818EDE776
:100100000023F1E74FF0FF30E8E74FF0FF30E5E77D
:1001100070B505460E46436B1BB198470446204612
:1001200070BD0469B4F1FF3F0FD00C402146284652
:10013000FFF7D0FFB042F2D02B691C440134AB680A
:10014000A342F3D84FF0FF34E9E743681C680C1B67
:10015000ECE710B50446FFF7DBFF2368B3F1FF3F80
:1001600004D0A268904203D2184410BD0020FCE7DE
:100170000020FAE708B50368C91A8368994202D2D9
:10018000FFF7A8FF08BD4FF0FF31F9E72DE9F84F61
:1001900083468946104698460B9F0A9B1F440025BC
:1001A00001E00135E089BD4222DA4FEA001A09EB8D
:1001B000001408EBC50658F83510DBF82C00FFF7E3
:1001C000D9FF002349F80A0063607268A2602373B4
:1001D00063737B1EAB4203DD012323730023637330
:1001E0000A9B9D42DDDBA38943F00203A381D8E78C
:1001F000BDE8F88F10B5C46904EB0113B0F828E02E
:10020000CA1D00EBC202B2F804C0E644A0F828E020
:100210000CF1FF3CA2F804C09A8912F0040F0FD031
:10022000028EDA81018610BDDB8904EB0313CA1D3F
:1002300000EBC202B2F804C00CF1FF3CA2F804C00B
:100240009A8912F0010FEFD1EAE710B44489846172
:10025000C16101EB0411016201EB44030433134457
:10026000013352421340436203689B699BB110BC47
:100270007047C26902EB0312591CD1810B46621E02
:100280009A42F6DCC26902EB031300229A736FF004
:100290007F02DA73EBE70023F1E703681A6912F0D3
:1002A000005F27D09B691BB1012B12D00020704743
:1002B000036A5A88438D416A806901EBC0018988CD
:1002C000521A92B2013A92B2934294BF0020012096
:1002D0007047436A5A88438D016A806901EB400187
:1002E0008988521A92B2013A92B2934294BF002086
:1002F000012070479B691BB1012B08D0002070477B
:10030000436A188880F0010000F001007047036A1A
:10031000188880F0010000F00100704708B54369BB
:1003200003B1984708BD026AB2F802C04389013B95
:1003300003EA0C0302EB43029180BFF35B8F026A76
:10034000538801335380438D01334385704710B583
:10035000044604980460426001811A894281028542
:10036000029AC260039A42615A681968FFF76DFFEA
:10037000002010BD70B582B00446D518068E06F177
:10038000070CDDF818E040F83CE0ADB200EBCC0C17
:10039000ACF80450019300920B463246C169FFF756
:1003A000F5FE2086238D5B1B238531462046FFF713
:1003B000BAFF002002B070BDF8B5044610B30B467A
:1003C0001746418E426A508881421CD0481C608684
:1003D0006689013E0E40BFF35B8F02EBC6014D689C
:1003E000A9B21BB102EBC60292681A602046FFF761
:1003F00001FFADB2073554F83500002344F835301D
:1004000007B13E80F8BD0020FCE7C36903EB011390
:100410009868704708B5C36909015958C06AFFF761
:1004200098FE08BDF8B50D461646BFF35B8F828E69
:10043000016A4B889A4214D00446531C8386438930
:10044000013B134001EB43018988298089B2FFF702
:10045000E1FF074629882046FFF7D7FF306038467E
:10046000F8BD0027FBE703681A6912F0005F1BD094
:100470009B694BB9438E42899B1A9BB2026A816980
:10048000013B02EB4102938003689B69012B00D082
:100490007047838E42899B1A9BB2426A8169013BF5
:1004A00002EBC102938070479B6923B9026A1388EB
:1004B00043F00103138003689B69012BE8D1426A72
:1004C000138843F001031380E2E710B50446BFF33D
:1004D0005B8FFFF7E2FE10B90023638510BD204655
:1004E000FFF71CFFF8E7818E026A538899420AD011
:1004F0004389013B0B4002EB43029288C36903EB43
:100500000213986870470020704708B5BFF35B8FEF
:10051000C36803B1984708BD8C468B188B4219D924
:1005200010B4BCFBF2F302FB13C35C0950F8244087
:1005300003F01F0324FA03F313F0010F04D00CF1AE
:10054000010C8B186345ECD8BCFBF2F002FB10C029
:1005500010BC7047B1FBF2F002FB1010704738B5C9
:1005600004461546FFF7D8FF85420ED9034600F52D
:1005700080605D0954F8252003F01F03012101FA72
:1005800003F31A4344F8252038BD4FF0FF30FBE752
:10059000B2F580620ED48A420CDA4FEA521C50F84F
:1005A0002C3002F01F02012101FA02F223EA0203B9
:1005B00040F82C30704708B54FF0FF324FF0FF3352
:1005C000F5F768FB08BD10B1C36A0133C362704719
:1005D00058B108B5C36A013BC36213B9036B0BB1D1
:1005E000984708BD00230362FBE7704770B50446D7
:1005F000066A06F164052846FFF7DDFF626AB2F17C
:10060000FF3F0FD104F13C03E16B226C4A60E16BC8
:1006100011602364E3632046FFF7DAFF2846F5F70D
:1006200097FA70BD802106F15000FFF7B1FFE9E7AE
:1006300010B58CB004460B91436A0A9320230246FE
:10064000194602A800F0F6FA01230193282300932B
:1006500002AB3522616A2046F3F7C6FC002800DBB6
:1006600000200CB010BD40B108B5006A20B119B12E
:10067000D0F8883003B1984708BD704740B108B53D
:10068000006A20B119B1D0F88C3003B1984708BD89
:10069000704708B530B1006A20B121B1D0F8903070
:1006A0001BB1984708BD0846FCE70020FAE72DE992
:1006B000F84380460F4616469946046803E0B6F1B3
:1006C000FF3F1AD02468A0451CD0A4F13C05B6F128
:1006D000FF3F02D06A6AB24215D0002FF2D020222A
:1006E0003946284600F0C2FE0028EBD1B9F1FF3FA1
:1006F000E5D0AB6A4B45E2D105E0AB6AB3F1FF3F11
:10070000E0D100E000252846BDE8F88370B5054635
:100710000C461E46CAB120231946204600F08AFA2C
:100720000123E3626662049BA362059B6363069BED
:10073000A363079B6364256204F13C036A68226437
:10074000E5636B60226C136070BD00230B70E7E7FC
:10075000A0B110B50446036A5BB1027832B193F8D8
:10076000A4301BB1436AB3F5806F03D22046FFF774
:100770003DFF10BD0121FFF75BFFF7E7704730B188
:1007800008B5026A12B1526802B1904708BD7047BD
:1007900050B110B50C4651B1026A5AB1926862B1BB
:1007A00090472070002010BD6FF0150070476FF06B
:1007B0001500F8E76FF00500F5E76FF00500F2E7C8
:1007C00038B108B5026A3AB1D26842B19047002008
:1007D00008BD6FF0150070476FF00500F8E76FF087
:1007E0000500F5E798B138B50C46054691B1036AA6
:1007F0009BB11B69A3B198472060AB69012B01D065
:10080000002038BD002328616B611846F9E76FF0BE
:10081000150070476FF01500F3E76FF00500F0E783
:100820006FF00500EDE710B582B0044606E0002148
:10083000D4F8B400FFF7C4FF024678B90DF1070100
:10084000D4F8B400FFF7A4FF024638B99DF807308A
:1008500013F0400FEBD113F0040FEFD0104602B0AD
:1008600010BD08B5D0F8B4301A6B0B8903EB430305
:1008700002EBC302D0F8D03013B11169984708BD1C
:100880006FF4FB60FBE7704708B54FF0FF324FF0A5
:10089000FF33F5F7FFF908BDF8B506460C46A1F1A0
:1008A000100500F164073846FFF7EEFF2846F3F71E
:1008B0005DFC80B154F8083C24F8083C06F1C802FD
:1008C000D6F8CC1044F80C1C44F8102CC6F8CC50C8
:1008D00054F80C2C15603846F5F73AF90020F8BDAD
:1008E00038B50D4600F164042046FFF7CDFF55F8FA
:1008F000083C03F5803345F8083C2046F5F728F915
:1009000038BD2DE9F04389B0109DD5F8C000282AE4
:1009100050D10C460168611A8368994239D220236C
:100920006A46FFF702FBD4F8209005F164084046C0
:10093000FFF7AAFF4B464FF0FF3269462846FFF704
:10094000B6FE064650B3036B33B30127636A13F058
:10095000010F29D016B14FF0FF33B36207BB4046F9
:10096000F5F7F6F81EB1B36B0BB130469847D5F8E2
:1009700080301BB14A46694628469847D7B1404661
:10098000FFF782FF3046FFF723FE4046F5F7E0F819
:1009900010E04FF0FF31C2E70027D7E70027D5E787
:1009A0003046FFF710FEDAE746B1C6F82890404619
:1009B000F5F7CEF8002009B0BDE8F0834046F5F722
:1009C000C7F8EB6F002BF5D04A4669462846984792
:1009D000F0E770B504460E461546D0F8B4309B6972
:1009E00033B10020D4F8B4309B69012B05D070BD21
:1009F000D0F8B800FFF7E0FCF4E732462946D4F817
:100A0000B800FFF70FFDF2E770B504460D468E689B
:100A1000B6B23146D0F8B800FFF7F7FC02463346CD
:100A200029462046F3F714FC012070BD70B504463A
:100A3000A1F1100500F164063046FFF725FF2846B6
:100A4000F3F794FB18B93046F5F782F870BD2946E4
:100A50002046FFF7D9FFD4F8B800FFF736FDF2E7DC
:100A600010B584B0D0F8B440A46924B1012C0DD0E5
:100A7000002004B010BD02910392009100230122D6
:100A800002A9D0F8BC00FFF775FCF2E71946D0F8D0
:100A9000BC00F3F75DFAECE7024660B161B1436870
:100AA0008B420BD30068D2F808C0ACEB030C604457
:100AB0005B1A5360704770470020704700207047F2
:100AC000F8B505460F46164600F1C803D0F8C840F1
:100AD000A3421ED0ECB122686368536022681A609A
:100AE0006460246023893380D0F8B4309B6913B9E3
:100AF000D0F8A8300B60D5F8B4309B69012B01D039
:100B00002046F8BD3188D5F8BC00FFF77EFC386080
:100B1000F6E7D5F8B4309B691BB1012B1CD000243B
:100B2000EEE732463946D5F8BC00FFF745FC0446EF
:100B30000028E5D1D5F8BC301B8D002BE0D0D5F8CE
:100B4000A810D5F8C400FFF7A7FF0446D5F8A830D1
:100B50003B6000233380D3E73A463146D5F8BC00EA
:100B6000FFF760FC0446CBE72DE9F04182B0064672
:100B7000884617460DF10701D0F8B400FFF708FECC
:100B8000C8BB9DF8073013F0040F36D03FB143F6D1
:100B9000982704E04FF47A70F3F770FC013F06F1F8
:100BA00064052846FFF770FE01AA41463046FFF76C
:100BB00087FF04462846F4F7CBFF5CB957B1D6F857
:100BC000B8103046FFF74DFE6FF4FB639842E1D05A
:100BD0000028E4D05CB1BDF80430A36003F5803395
:100BE000A360D8F80030103BC8F80030103420461D
:100BF00002B0BDE8F0810024F9E70024F7E720B156
:100C000019B112B1016082604260704710B50446AC
:100C100018B90EE03C38FFF79BFD20688442F9D1FB
:100C20000023C4F8B830C4F8BC30D4F8B400FFF7DF
:100C3000A6FD10BD8B4228BF0B46C9B170B51E463C
:100C40005C1C8446013C05D012F8015B0CF8015B8A
:100C5000002DF7D1B14204D8013900234354301B91
:100C600070BD8A1B22440021604600F0F7FBF6E7C6
:100C70000846704708B5F3F7F1FD08BD08B5FFF762
:100C8000F9FF002008BDEFF31180202383F31288C1
:100C9000BFF36F8F704780F31188BFF36F8F70477A
:100CA00000B9704708B5FAF769FE08BD60B1C368BE
:100CB0005A7812F0010F03D01B781BB10020704747
:100CC000002070470120704700207047EFF3118328
:100CD000202383F31288BFF36F8FFEE710B504461D
:100CE000436983B1984730B100280ADBFF2800DD53
:100CF000FF20E3681870E268537843F001035370F3
:100D000010BD4042F2E70020F5E708B500F0A6FB71
:100D100008BD08B500F07BFB08BD10B500F10C0460
:100D2000C460046100244461E1F7ACF810BD81693E
:100D3000C36841EA030212F0030F10D100220261DE
:100D40004269013A02FB013304E002691A6003615F
:100D500082699B1AC2689A42F7D9002070476FF0E7
:100D600015007047C368C91A0CD48269436902FB35
:100D700003F38B4208D9B1FBF2F302FB131129B143
:100D80000020704700207047002070470120704706
:100D9000884200DA014611F17F0F01DB08467047F7
:100DA0006FF07E00704708B5806890F90E308B4276
:100DB00001D1002008BDF6F7BBFDFBE7034600208C
:100DC0009860D8601B605B6070470B6803F003039A
:100DD0000B60426832B1136803F003030B431360E6
:100DE0004160704741600160704708B591B18C4621
:100DF0000B6823F00301032B18D9136803F00303D6
:100E00000B431360DCF8003003F003031343CCF80A
:100E1000003008BD0168136803F003030B4313603F
:100E200002604368002BF4D14260F2E71146FFF7FD
:100E3000CCFFEEE708B50022C0F8B0200161F6F75C
:100E40009BFB08BD60B1036813F0030F08D010B519
:100E5000446809B9204610BD00F0C0FA2046FAE700
:100E60007047002303604360836000F10C03C3609C
:100E7000036100F1140343618361704700B583B0DF
:100E80000A460123009300231946F4F7FDFC03B042
:100E90005DF804FB00B583B00A46002100910B46C3
:100EA000F4F7F2FC03B05DF804FB08B5002100681C
:100EB000FFF7C8FF08BD5AB18A420CD38160C260F7
:100EC0000060406000F1100303614361002070473F
:100ED0006FF0150070476FF0150070470B4621B199
:100EE000096851B111601A607047036813600260AD
:100EF0004368002BF8D142607047002313604368B9
:100F000013B11A60426070474260026070470B463E
:100F100039B11168196041688A4209D00023136011
:100F200070471368036041688A42F7D14360F5E770
:100F30004360F3E708B50A460368002101E019465B
:100F40001B682BB19342FAD1FFF7E1FF012000E0CB
:100F5000002008BD704708B5CB6823F00402CA60C2
:100F600013F0040F00D108BDBC30FFF7E3FFFAE730
:100F700010B50446C36813F0020F09D0E36813F0FC
:100F80001F0004D043F00202E26040F0020010BDF6
:100F900001468068FFF7DFFFF0E730B108B50022B7
:100FA0001146C430F7F7AAFA08BD0020704708B50B
:100FB000EFF31180202383F31288BFF36F8FF6F7CE
:100FC000FFFD08BD10B50246C46814F0020FC4F35B
:100FD000400401D1204610BD08461146F5F776F8C9
:100FE000F8E708B5C36823F01003C3601030F4F7C6
:100FF000AFFD08BD08B5C36823F00802C26013F056
:10100000080F01D1002008BD1030F7F7BFFDB0FA7E
:1010100080F04009F7E710B50446FFF7EBFF2046E4
:10102000FFF7A6FF10BD70B505460E4614461046E4
:10103000F5F7ECF9F36813F0040F08D1D5F8BC30DC
:101040002360C5F8BC40D5F8C0303BB170BD224626
:10105000314605F1BC00FFF741FFF7E7C5F8C04096
:10106000F4E710B5F5F70CFA041E01DC204610BDBC
:10107000FFF79DFFFAE7073222F00702C0F89C1045
:10108000C0F8A0200023C0F8A43088187047EFF300
:101090000580003818BF012070477830704710B4C1
:1010A00000248460037342738173C4738461C461D8
:1010B00010BC70470020704738B504460D46F6F75F
:1010C0009DF8637B43F00203637335B3A5602B681F
:1010D0009D420DD100230BE05A68626023601460CA
:1010E0005C601AE01A4669688A420FD01B687BB1BF
:1010F00073B194F90E1093F90E209142F2D0521A66
:10110000002AE9DC1A46002BEDD1F0E70023EEE7D8
:101110006B68256063601C606C6038BD08B5183072
:10112000F7F734FD08BD38B505460468844212D08F
:101130009CB12046F5F786FF04F11800F7F726FD6D
:101140000023C4F8B0302046F5F7D2FF2C68A54242
:10115000EED10024ECE70024EAE738BD70B5044680
:1011600016461D46FFF7A8FF32462B462046F6F7E7
:1011700057F970BD08B501211838F6F7A3FA08BD74
:1011800010B50446F6F74CFA04F11800F7F7FEFC28
:1011900010BD08B5EFF31180202383F31288BFF34D
:1011A0006F8FF6F70DFD08BD38B50546046884421B
:1011B00001D0002002E00024FBE7012054B12046CA
:1011C000FFF7DEFF2046F6F7D7F92C68A542F4D1E9
:1011D0000024F2E738BD031D43608360704710B5FB
:1011E0000446F7F7C1FB48B102460369416920692B
:1011F0001B18606941EB000113615161626823684B
:1012000013605A6000232360636010BD10B504466C
:10121000F7F7A0FB78B1036942691B1B62EBE4722C
:10122000B3F1004F72F1000108DA002A01DB184621
:1012300010BD0023FBE76FF00040F9E76FF00040BE
:10124000F6E708B5F7F7D8FD08BD08B5F7F7D4FD00
:1012500008BD70B50646B3F1FF3F08BFB2F1FF3FCE
:1012600009D015461C4653EA02010CD10022002386
:10127000C0E9002305E04FF0FF324FF0FF33C0E933
:101280000023304670BD6FF00101891A4FF0FF3224
:1012900062EB0303002B02DB01604360F1E7F7F729
:1012A000ABFD2B462246012D74F1000401DA012327
:1012B0000022C01841EB020130607160E1E7F8B52F
:1012C0000546B3F1FF3F08BFB2F1FF3F0AD0144615
:1012D0001F4657EA02030CD100220023C0E9002375
:1012E0002846F8BD4FF0FF324FF0FF33C0E900232E
:1012F000F6E7F7F781FD03460A46A042B94105D259
:10130000E61A67EB02022E606A60E9E700263246C1
:10131000F9E708B5EFF31180202383F31288BFF3B8
:101320006F8FF6F74DFC08BD016242620023036334
:1013300000F118028261C261036043604363704739
:1013400010B50446F7F722FC60B9636A0BB120467A
:10135000984704F11800F6F793FA18B1F6F70CF96C
:10136000FFF7D7FF10BD08B160387047704770B500
:101370008468237873B154F8045C5DB1A4F1140659
:1013800004F11400F7F702FC0023E362314628461B
:10139000F5F776F8002070BD70B504460D468668F6
:1013A000D6B17378012B0DD0022B12D000203070F3
:1013B0000023A360E368C3F386322A4362F39433C5
:1013C000E36070BDF7F710FF002333709842EFDA47
:1013D000F7E7FFF7CCFFF7E70020E9E730B108B502
:1013E000011F50F8040CF3F7F5FD08BD70470139F3
:1013F000024410B5904201D1002005E0037811F8B5
:10140000014FA34201D0181B10BD0130F2E70A447E
:10141000431E914200D1704710B511F8014B914223
:1014200003F8014FF9D110BD884210B501EB020459
:1014300002D98442234607D8431EA14208D011F89E
:10144000012B03F8012FF8E7024401468A4200D13C
:1014500010BD13F8014D02F8014DF7E702440346B1
:10146000934200D1704703F8011BF9E710B56AB148
:101470000139841810F8012B11F8013F9A4203D169
:10148000A04201D0002AF5D1D01A10BD1046FCE7C9
:101490000139034610B532B111F8014F013A03F892
:1014A000014B002CF7D11A440021934200D110BD0A
:1014B00003F8011BF9E70246014410B58A421346BE
:1014C00003D01C780132002CF8D1181A10BD21F07D
:1014D00000431946704741F0004000F58010C00FEE
:1014E00070470000A4F5FD7F0100000041110200DB
:1014F0000000000061420100000000000000000048
:10150000CC1503007D0C0300000000007D4F02009D
:1015100000000000C55002000000000000000000B4
:101520000C16030000000000EC1503000000000092
:101530002C160300000000004C1603000000000001
:101540006C16030029DA010000000000090D0200FA
:10155000000000008173010000000000B14A01009A
:1015600000000000956A010000000000000000007B
:101570008C160300A112020000000000DD5E0200D4
:101580000000000000000000AC1603000000000096
:10159000CC16030000000000EC1603000000000061
:1015A0002C170300000000004C170300000000008F
:1015B0000C170300557401000000000027F1020021
:1015C0000000000031F10200000000006854030038
:1015D000AC540300281A0300B8890020D49F0020CF
:1015E000F5D801000000000000000000AC59030025
:1015F000C4590300D4190300C2890020A8A0002008
:101600004DEA01000000000000000000B85903008E
:10161000DC590300D4190300C4890020B4A00020C1
:101620004DEA01000000000000000000DC5403004F
:101630000000000094190300BA8900200000000097
:1016400029DA02000000000000000000EC54030052
:10165000000000009C190300BC890020000000006D
:101660004DDA02000000000000000000FC5B0300F7
:10167000185C0300441A0300C8890020D4870020A6
:1016800043E802000000000000000000645B03006B
:10169000CC870020F8190300C6890020C0A00020D4
:1016A0001DED010000000000000000007057030065
:1016B0008C570300BC190300BE89002094870020CA
:1016C000A5E1010000000000000000006C24030000
:1016D0003C86002074240300B4890020408D002043
:1016E00051AD020000000000000000008453030020
:1016F000000000001C1A0300B6890020508700205B
:101700000000000000000000000000005858030026
:1017100000000000A4190300C089002000000000A0
:101720008DE501000000000000000000886103005A
:10173000A46103000C1A0300CA890020E48700207A
:1017400069FE01006DEC02000000000088650300E6
:10175000A4650300141A0300CC89002060880020CF
:10176000CD070200000000000000000000000000A3
:10177000C9B6020000000000C9B602000000000067
:10178000C9B6020000000000C9B602000000000057
:10179000C9B60200A119020037F2020000000000E1
:1017A000C9B6020000000000C9B602006C160300B2
:1017B00061E8020000000000C9B6020079380200AA
:1017C00037F20200393C020037F20200000000004C
:1017D000C9B6020000000000C9B602000000000007
:1017E000C9B6020000000000C9B6020000000000F7
:1017F000C9B6020000000000C9B6020000000000E7
:10180000C9B6020000000000C9B6020000000000D6
:10181000C9B6020000000000250C02000000000014
:10182000C9B6020000000000C9B6020000000000B6
:10183000C9B6020000000000C9B6020000000000A6
:10184000C9B6020000000000C9B602000000000096
:10185000C9B6020000000000C9B602000000000086
:10186000C9B6020000000000C9B602000000000076
:10187000C9B6020000000000C9B602000000000066
:10188000C9B6020000000000C9B602000000000056
:10189000C9B6020000000000C9B602000000000046
:1018A000C9B6020000000000C9B602000000000036
:1018B000C9B6020000000000C9B60200D52402002B
:1018C00037F20200412F020037F202000000000050
:1018D000C9B6020000000000C9B602000000000006
:1018E000C9B602002123020037F202000000000006
:1018F000C9B6020000000000C9B6020000000000E6
:10190000C9B6020000000000C9B6020000000000D5
:10191000C9B6020000000000C9B6020000000000C5
:10192000C9B6020000000000C9B6020000000000B5
:10193000C9B6020000000000C9B6020000000000A5
:10194000C9B6020000000000C9B602000000000095
:10195000C9B6020000000000C9B602000000000085
:10196000C9B6020000000000C9B602000000000075
:10197000C9B6020000000000C9B602000000000065
:10198000C9B6020000000000C9B602000000000055
:10199000C9B602002DDA02000000000039DA0200A8
:1019A0000000000035E50100A9E4010015E4010094
:1019B0000DE401002DDC0200FDE3010081E30100E4
:1019C00099E2010029E2010055DA0100F1DA020092
:1019D00045DA010071E8010093DD02009FDD02009D
:1019E000B3DD0200BDDD0200C7DD020045E70100F6
:1019F00029DE020000000000D5EB010033DF020009
:101A00004DDF020051DF020019EB010003EC020080
:101A10004FEB020049EF020061EE020011D4010019
:101A2000A5D4010005D10100B9D80100E9D902000F
:101A300079D9020000000000B1D6010000000000CA
:101A40000000000049E1020021F3010035E5020039
:101A500051F10100EFE00200BFE40200F3E10200F7
:101A6000ADF0010043E002000500000079A4010090
:101A7000000000000600000049D001000000000046
:101A8000040000006DAB010000000000B04E030038
:101A900008000000804F030007000000E828030052
:101AA00006000000101E03000300000010400300A9
:101AB00003000000104B030003000000E0370300A8
:101AC00003000000B445030003000000E8370300F2
:101AD000030000003850030003000000283E03000C
:101AE000030000009C53030003000000AC530300FC
:101AF000030000005440030003000000D03F030037
:101B000003000000B047030003000000D4290300D5
:101B1000030000009050030003000000B021030008
:101B2000030000009C5403000300000060660300F3
:101B30000300000078280300030000007058030031
:101B40000300000054240300030000001C260300CF
:101B5000030000006C26030003000000705B03001C
:101B6000030000004C30030003000000E4330300D6
:101B7000030000008034030003000000947403009D
:101B8000030000008057030003000000BC34030082
:101B900003000000981E030003000000946103008E
:101BA000030000009465030003000000085C0300CC
:101BB000030000004C280300C49C00203C280300C4
:101BC00001000000040000000F0000000100000000
:101BD0000800000020000000640000007400000005
:101BE0000D0000000C0000000E000000500000007E
:101BF00078000000AC000000FFFFFFFFFFFFFFFFC9
:081C000009000000FFFFFFFFD7
:101C1000193E020006000000143D03001C3D0300B5
:101C2000203D0300243D0300283D03002C3D03001C
:101C3000303D0300343D0300383D03003C3D0300CC
:101C4000403D0300443D0300483D03004C3D03007C
:101C5000503D0300543D03001800280000002A00F6
:101C6000FF000000FF000000FF000000FF00000078
:101C7000FF000000FF000000002584400028844091
:101C8000FF000000FF000000FF000000FF00000058
:101C9000FF000000FF000000000200000002000042
:101CA0000000000000000000000000000000000034
:101CB0000338FDD87047000000000000000000005D
:101CC00006D0CF43EBFD4C3E0000000000000000BA
:101CD0000000004003B8E23F000000000000F03FB9
:101CE000000000000000F83F00000000000030434A
:101CF00000000000000030C3415050207374617236
:101D0000740000003D3D3D204D41494E205354415B
:101D10005254203D3D3D0A004661696C6564207463
:101D20006F20696E697420535049000046656174E4
:101D300075726520656E67696E6520696E69746984
:101D4000616C697A656400003D3D3D204C4F4F5009
:101D5000205354415254203D3D3D0A005265636575
:101D600069766564204543472073616D706C653A00
:101D7000202564202869643D256420747970653DC0
:101D800025642900436F6C6C656374696E67206617
:101D90006561747572652077696E646F772E2E2E7B
:101DA0000A0000003D3D3D203330732066656174BC
:101DB00075726573207265616479203D3D3D0A004E
:101DC0004B7572746F7369733A20252E3666202521
:101DD0002E366620252E36660A000000536B657786
:101DE0006E6573733A20252E366620252E366620C2
:101DF000252E36660A0000004665617475726520FE
:101E000077696E646F772072657365740A000000ED
:101E10006170700053504920646576696365206E77
:101E20006F7420726561647900000000535049208E
:101E3000736C61766520696E697469616C697A6535
:101E4000642028382D6269742C20736C61766520BB
:101E50006D6F64652900000053504920726561640C
:101E6000696E67206672616D652E2E2E0A00000075
:101E70006672616D652072656365697665642E0AB8
:101E8000000000007370695F7265616420666169BB
:101E90006C65643A202564007370695F636F6D6DD3
:101EA0000000000073746174733A206D65616E5FA9
:101EB000636F756E743D2575207365675F6964781F
:101EC0003D2575207365675F706F733D25752073C1
:101ED00065675F6C656E3D25750A00005745535474
:101EE0005F544F504449522F7A65706879722F6C55
:101EF00069622F686561702F686561702E630000EC
:101F00006368756E6B5F7573656428682C20632940
:101F100000000000415353455254494F4E20464162
:101F2000494C205B25735D20402025733A25640AC7
:101F30000000000009756E65787065637465642043
:101F4000686561702073746174652028646F7562C0
:101F50006C652D667265653F2920666F72206D6520
:101F60006D6F72792061742025700A006C6566744B
:101F70005F6368756E6B28682C2072696768745F90
:101F80006368756E6B28682C20632929203D3D20ED
:101F90006300000009636F72727570746564206875
:101FA00065617020626F756E647320286275666665
:101FB0006572206F766572666C6F773F2920666F59
:101FC00072206D656D6F72792061742025700A0032
:101FD0006279746573203E20686561705F666F6F1B
:101FE0007465725F627974657328627974657329A8
:101FF0000000000009686561702073697A652069D6
:102000007320746F6F20736D616C6C0A00000000A8
:10201000686561705F737A203E206368756E6B73CC
:102020007A2873697A656F66287374727563742091
:102030007A5F686561702929000000006368756E29
:102040006B305F73697A65202B206D696E5F636802
:10205000756E6B5F73697A65286829203C3D20683E
:102060006561705F737A0000574553545F544F5059
:102070004449522F7A65706879722F6C69622F6FAC
:10208000732F63627072696E74665F7061636B61F7
:102090006765642E630000007061636B616765644F
:1020A00020213D202828766F6964202A29302900C4
:1020B000696E5F7061636B6167656420213D2028F4
:1020C00028766F6964202A293029000028756E73EC
:1020D00069676E6564292063686172202A207573C0
:1020E000656420666F722025257020617267756DAA
:1020F000656E742E2049742773207265636F6D6D51
:10210000656E64656420746F206361737420697404
:1021100020746F20766F6964202A20626563617580
:102120007365206974206D61792063617573652022
:102130006D69736265686176696F7220696E20638C
:1021400065727461696E20636F6E6669677572612E
:1021500074696F6E732E20537472696E673A22250C
:10216000732220617267756D656E743A2564000094
:10217000736370795F636E74203C2073697A656F56
:1021800066286370795F7374725F706F73290000E3
:102190006B6565705F636E74203C2073697A656F50
:1021A00066286B6565705F7374725F706F7329006A
:1021B00063627072696E74665F7061636B6167659C
:1021C00000000000286E696C290000005745535438
:1021D0005F544F504449522F7A65706879722F6C62
:1021E00069622F6F732F6D7073635F706275662EF7
:1021F00063000000657272203D3D20300000000049
:10220000574553545F544F504449522F7A65706874
:1022100079722F696E636C7564652F7A6570687961
:10222000722F7370696E6C6F636B2E680000000014
:102230007A5F7370696E5F6C6F636B5F76616C69F8
:1022400064286C290000000009496E76616C69649D
:10225000207370696E6C6F636B2025700A0000003C
:102260007A5F7370696E5F756E6C6F636B5F7661BA
:102270006C6964286C290000094E6F74206D792008
:102280007370696E6C6F636B2025700A000000002C
:10229000574553545F544F504449522F7A657068E4
:1022A00079722F6C69622F7574696C732F6F6E6F02
:1022B00066662E63000000007374617465203D3D06
:1022C00020282831554C203C3C2028322929207CCC
:1022D000202831554C203C3C202830292929000059
:1022E00065767420213D204556545F4E4F500000C6
:1022F000657674203D3D204556545F524543484520
:10230000434B00007374617465203D3D20305500DF
:10231000217379735F736C6973745F69735F656D43
:1023200070747928266D67722D3E636C69656E74D2
:10233000732900007472616E73697420213D202836
:1023400028766F6964202A2930290000737461742B
:1023500065203D3D202831554C203C3C202831292A
:10236000290000006D67722D3E72656673203D3D49
:10237000203000007374617465203D3D2028315584
:102380004C203C3C20283029290000006D67722D2C
:102390003E72656673203E2030000000574553545E
:1023A0005F544F504449522F7A65706879722F6C90
:1023B00069622F7574696C732F6E6F746966792EFC
:1023C00063000000496E76616C696420696E737405
:1023D000616E636500000000496E76616C6964207F
:1023E0006261636B656E6420636F6E6669677572A8
:1023F0006174696F6E000000496E76616C696420DB
:10240000696E7374616E63652C20656E64706F69AC
:102410006E74206F7220636F6E6669677572617487
:10242000696F6E00496E76616C696420656E6470D8
:102430006F696E7400000000456E64706F696E74A1
:10244000206E6F7420726567697374657265640AC3
:10245000000000006970635F7365727669636500F0
:102460006D626F785F777120232564006970633037
:1024700000000000E9430100ABB00200F54201009A
:1024800005B002001D42010043AD0200DBAD0200B9
:102490004BAD0200A5AD02008FAD020079AD020088
:1024A00000000000000000005BB202004DB202001C
:1024B00057B202004BB20200000000000000000012
:1024C000000000000000000039B2020057455354DC
:1024D0005F544F504449522F7A65706879722F6962
:1024E0006E636C7564652F7A65706879722F6C6F96
:1024F0006767696E672F6C6F675F6261636B656E9C
:10250000642E68006261636B656E6420213D202843
:1025100028766F6964202A29302900006D736720AE
:10252000213D202828766F6964202A29302900005F
:10253000574553545F544F504449522F7A65706841
:1025400079722F7375627379732F6C6F6767696E19
:10255000672F6C6F675F636F72652E63000000000A
:102560006261636B656E64203C3D205F6C6F675FEA
:102570006261636B656E645F6C6973745F656E64E2
:102580000000000009756E657870656374656420ED
:102590006C69737420656E64206C6F636174696F1D
:1025A0006E0A00006C6F675F6261636B656E645FEB
:1025B000636F756E745F6765742829203C20282836
:1025C0003332202F20335529202D202831202B2055
:1025D000302929006C6F6767696E67006C6F675FF1
:1025E0006261636B656E645F636F756E745F676570
:1025F000742829203E203000B09100200001000006
:1026000087B302000FB302000200000083B502008E
:102610000000000000000000000000006C6F670078
:10262000574553545F544F504449522F7A65706850
:1026300079722F7375627379732F6C6F6767696E28
:10264000672F6C6F675F6D676D742E63000000000D
:102650006C696E6B203C3D205F6C6F675F6C696ED0
:102660006B5F6C6973745F656E6400006C6F675FAD
:102670006D676D74000000004D65737361676520C0
:102680002822257322292064726F7070656420628D
:102690006563617573652069742065786365656439
:1026A000732073697A65206C696D69746174696FF0
:1026B0006E20282575290000574553545F544F500C
:1026C0004449522F7A65706879722F7375627379F5
:1026D000732F6C6F6767696E672F6C6F675F6D73C1
:1026E000672E63006C656E203E3D203000000000C8
:1026F000574553545F544F504449522F7A65706880
:1027000079722F7375627379732F6C6F6767696E57
:10271000672F6C6F675F6F75747075742E63000040
:102720006F75745F6374782D3E636F6E74726F6C37
:102730005F626C6F636B2D3E6F6666736574203CE1
:102740003D206F75745F6374782D3E73697A650000
:102750005B2530386C755D20000000005B25303251
:10276000753A253032753A253032752E253033755D
:102770002C253033755D20001B5B306D00000000A0
:1027800025732E0025733A20000000003C25733E7F
:102790002000000025732F006C6576656C203C3DA1
:1027A00020340000257320000D0A00002530327807
:1027B00020000000202020007C0000002563000095
:1027C000657272203E3D203000000000206D657370
:1027D00073616765732064726F70706564202D2D5E
:1027E0002D0D0A1B5B306D001B5B313B33316D2DB2
:1027F0002D2D20001B5B313B33316D001B5B313BCA
:1028000033336D006572720077726E00696E660018
:102810006462670000000000F4270300FC27030047
:102820000000000000000000000000000428030079
:10283000082803000C280300102803006C6F675F52
:102840006261636B656E645F72747400215801008D
:10285000115801000D570100F15601000000000061
:10286000255701000000000043B60200CC9C002068
:10287000DC9C002010000000666C617368000000A2
:102880002A2A2A20426F6F74696E67206E52462092
:10289000436F6E6E6563742053444B2076332E3144
:1028A0002E312D6532613937666532353738612012
:1028B0002A2A2A0A000000002A2A2A205573696E53
:1028C00067205A6570687972204F532076342E3114
:1028D0002E39392D6666386630633537396565625D
:1028E000202A2A2A0A000000D0290300BBD50200B2
:1028F00000000000BC29030000000100B82903000B
:1029000071D602000000000098860020000001003F
:1029100090290300000000000000000000000000FB
:10292000000001008C290300F3D50200D9C001008A
:1029300074860020000003008829030071D602007D
:10294000000000006C8600200000010060290300E8
:10295000000000007D58010000000000000003009E
:10296000029ECADC240EE5A9E093F3A3B502004061
:102970006E000000029ECADC240EE5A9E093F3A3DA
:10298000B50200406E00000000000328000002298C
:10299000029ECADC240EE5A9E093F3A3B503004030
:1029A0006E000000029ECADC240EE5A9E093F3A3AA
:1029B000B50300406E00000000000328029ECADC40
:1029C000240EE5A9E093F3A3B50100406E000000DA
:1029D0000000002862745F6E7573000072302F6112
:1029E000313A2020307825303878202072312F611C
:1029F000323A2020307825303878202072322F610A
:102A0000333A2020307825303878000072332F6137
:102A1000343A2020307825303878207231322F69CE
:102A2000703A2020307825303878207231342F6C7D
:102A3000723A202030782530387800002078707382
:102A4000723A202030782530387800004661756C65
:102A500074696E6720696E737472756374696F6EE2
:102A6000206164647265737320287231352F70633E
:102A7000293A20307825303878000000556E68619A
:102A80006E646C6564204952516E3A2025640000E2
:102A9000457863657074696F6E206F6363757272D9
:102AA000656420696E205365637572652053746197
:102AB000746500002A2A2A2A2A20555341474520B6
:102AC0004641554C54202A2A2A2A2A0020204469AB
:102AD000766973696F6E206279207A65726F000083
:102AE0002020556E616C69676E6564206D656D6F41
:102AF0007279206163636573730000002020537452
:102B000061636B206F766572666C6F772028636FE8
:102B10006E746578742061726561206E6F742076C2
:102B2000616C69642900000020204E6F20636F7083
:102B3000726F636573736F7220696E7374727563FD
:102B400074696F6E730000002020496C6C656761CA
:102B50006C206C6F6164206F66204558435F52455E
:102B60005455524E20696E746F205043000000008F
:102B70002020496C6C6567616C20757365206F66F9
:102B80002074686520455053520000002020417495
:102B900074656D707420746F2065786563757465F5
:102BA00020756E646566696E656420696E73747203
:102BB000756374696F6E00002A2A2A2A2A204465E8
:102BC000627567206D6F6E69746F722065786365DA
:102BD0007074696F6E202A2A2A2A2A00526573654A
:102BE0007276656420457863657074696F6E20281D
:102BF0000000000053707572696F757320696E7400
:102C000065727275707420284952512000000000CE
:102C10002A2A2A2A2A20257320256429202A2A2ABA
:102C20002A2A00002A2A2A2A2A204D5055204641C5
:102C3000554C54202A2A2A2A2A00000020205374A6
:102C400061636B696E67206572726F722028636FB3
:102C50006E746578742061726561206D696768744F
:102C6000206265206E6F742076616C6964290000B3
:102C70002020556E737461636B696E672065727294
:102C80006F720000202044617461204163636573AA
:102C9000732056696F6C6174696F6E0020204D4D12
:102CA00046415220416464726573733A203078253E
:102CB000780000002020496E737472756374696F28
:102CC0006E204163636573732056696F6C6174692C
:102CD0006F6E00002020466C6F6174696E672D7006
:102CE0006F696E74206C617A7920737461746520E9
:102CF000707265736572766174696F6E2065727249
:102D00006F720000574553545F544F504449522F3F
:102D10007A65706879722F617263682F61726D2FA6
:102D2000636F72652F636F727465785F6D2F666174
:102D3000756C742E63000000212828285343425FDD
:102D400054797065202A2920282830784530303081
:102D500045303030554C29202B20307830443030ED
:102D6000554C2920292D3E434653522026202831F8
:102D7000554C203C3C20283055202B203455292907
:102D80002900000009537461636B696E67206F72DC
:102D90002044617461204163636573732056696FD9
:102DA0006C6174696F6E206572726F7220776974DE
:102DB000686F757420737461636B206775617264EA
:102DC0002C20757365722D6D6F6465206F72206E97
:102DD000756C6C2D706F696E7465722064657465B6
:102DE0006374696F6E0A0A002A2A2A2A2A20425529
:102DF00053204641554C54202A2A2A2A2A000000F2
:102E00002020537461636B696E67206572726F7204
:102E100000000000202050726563697365206461C2
:102E2000746120627573206572726F720000000019
:102E300020204246415220416464726573733A20F7
:102E400030782578000000002020496D707265639D
:102E500069736520646174612062757320657272A4
:102E60006F7200002020496E737472756374696F0D
:102E70006E20627573206572726F72002A2A2A2A88
:102E80002A2048415244204641554C54202A2A2A9F
:102E90002A2A00002020427573206661756C742018
:102EA0006F6E20766563746F72207461626C65204A
:102EB000726561640000000020204465627567202F
:102EC0006576656E7400000020204661756C742084
:102ED000657363616C6174696F6E2028736565202A
:102EE00062656C6F77290000415243485F45584343
:102EF000455054207769746820726561736F6E2045
:102F000025780A00094661756C7420657363616CED
:102F10006174696F6E20776974686F7574204653A9
:102F20005220696E666F0A000948617264466175D5
:102F30006C7420776974686F75742048465352200A
:102F4000696E666F205368616C6C206E6576657281
:102F5000206F636375720A0065736620213D202827
:102F600028766F6964202A293029000009455346D4
:102F700020636F756C64206E6F74206265207265CB
:102F800074726965766564207375636365737366CF
:102F9000756C6C792E205368616C6C206E6576655B
:102FA00072206F636375722E0A00000057455354F8
:102FB0005F544F504449522F7A65706879722F617F
:102FC0007263682F61726D2F636F72652F636F720A
:102FD0007465785F6D2F6972715F6D616E61676591
:102FE0002E6300007072696F203C3D202828315507
:102FF0004C203C3C2028332929202D203129000059
:1030000009696E76616C6964207072696F726974A7
:103010007920256420666F722025642069727121F1
:103020002076616C756573206D7573742062652000
:103030006C657373207468616E20256C750A0A00D4
:10304000C084002000000000060001006D707500C3
:103050004661696C656420746F20616C6C6F63619C
:103060007465206E6577204D505520726567696FD5
:103070006E2025750A000000506172746974696FD2
:103080006E2025753A2073616E69747920636865D6
:10309000636B206661696C65642E0000496E766121
:1030A0006C696420756E6465726C79696E672072F4
:1030B0006567696F6E20696E64657820257500000C
:1030C000574553545F544F504449522F7A657068A6
:1030D00079722F617263682F61726D2F636F7265F1
:1030E0002F6D70752F61726D5F6D70752E630000AE
:1030F0002128726567696F6E5B6964785D2E647400
:103100005F617474722026202831554C203C3C208D
:1031100028302929290000000952414D5F4E4F43B4
:103120004143484520776974682044545F4D454DBC
:103130005F434143484541424C4520617474726984
:10314000627574650A0A000009436F6E66696775E7
:1031500072696E6720257520737461746963204DF0
:10316000505520726567696F6E73206661696C6582
:10317000640A0A00094D61726B696E67202575202B
:10318000617265617320666F722064796E616D692A
:103190006320726567696F6E73206661696C656430
:1031A0000A0A0000095265717565737420746F20F6
:1031B000636F6E6669677572653A20257520726562
:1031C00067696F6E732028737570706F72746564B1
:1031D0003A202575290A0A00094661696C65642050
:1031E000746F20616C6C6F63617465204D50552065
:1031F000726567696F6E732066726F6D2044540A42
:103200000A000000020000001C320300464C41533B
:10321000485F30005352414D5F3000000000000015
:103220000C32030002000000E0FF0F0000800020CD
:103230001432030021000000E0FF062057455354DC
:103240005F544F504449522F7A65706879722F6CE1
:1032500069622F6C6962632F6E65776C69622F6C8F
:103260006962632D686F6F6B732E630028282828AE
:1032700073697A655F7429283139322929203C3CE9
:1032800020313029202D2028282875696E7470740B
:10329000725F74292028265F656E642929202D20FD
:1032A000307832303034303030302929203E3D20E3
:1032B0003230343800000000096D656D6F7279207E
:1032C000737061636520617661696C61626C652011
:1032D000666F72206E65776C696220686561702028
:1032E0006973206C657373207468616E20746865FF
:1032F000206D696E696D756D207265717569726595
:10330000642073697A6520737065636966696564B2
:1033100020627920434F4E4649475F4E45574C49FE
:10332000425F4C4942435F4D494E5F5245515549BA
:103330005245445F484541505F53495A450A000091
:10334000657869740A000000574553545F544F5024
:103350004449522F7A65706879722F6C69622F6EBA
:1033600065745F6275662F6275662E6300000000EB
:103370006275662D3E666C616773203D3D20305559
:10338000000000006275662D3E6672616773203D25
:103390003D202828766F6964202A29302900000002
:1033A000706F6F6C000000007265715F73697A6501
:1033B000203C3D2073697A6500000000090A000086
:1033C0006C69737400000000706172656E740000B7
:1033D0006672616700000000D1B8020000000000C2
:1033E00059B802006E65745F6275660057455354A4
:1033F0005F544F504449522F7A65706879722F6C30
:1034000069622F6E65745F6275662F6275665F73A1
:10341000696D706C652E63006275662D3E6C656E1D
:10342000203D3D20305500006275662D3E6C656E76
:10343000203E3D206C656E006E65745F6275665F50
:1034400073696D706C655F68656164726F6F6D281C
:1034500062756629203E3D206C656E006E65745F66
:103460006275665F73696D706C655F7461696C72BB
:103470006F6F6D2862756629203E3D206C656E0079
:103480006E65745F6275665F73696D706C65000070
:10349000574553545F544F504449522F7A657068D2
:1034A00079722F736F632F6E6F726469632F6E7200
:1034B0006635332F736F632E63000000736F6300F4
:1034C000574553545F544F504449522F7A657068A2
:1034D00079722F696E636C7564652F7A657068798F
:1034E000722F7379732F6E6F746966792E6800007E
:1034F0006E6F7469667920213D202828766F696493
:10350000202A293029000000574553545F544F505A
:103510004449522F7A65706879722F736F632F6EEA
:103520006F726469632F6E726635332F6E72663503
:10353000335F6370756E65745F6D676D742E6300C5
:10354000726574203E3D20300000000021200B0AEF
:1035500039720100197201000000000057455354F0
:103560005F544F504449522F7A65706879722F73B7
:103570006F632F6E6F726469632F636F6D6D6F6E13
:103580002F736F635F7365637572652E6300000050
:10359000657272203D3D2054464D5F504C4154466B
:1035A0004F524D5F4552525F53554343455353006D
:1035B0000954464D20706C6174666F726D2065729F
:1035C000726F7220282564290A00000072657375E5
:1035D0006C74203D3D203000094750494F207365F1
:1035E0007276696365206572726F7220282564297E
:1035F0000A00000000FFFFFFFFFFFF0000000000C7
:1036000000000000FFFFFFFFFFFF000000000000C0
:10361000000000007075626C6963000072616E6486
:103620006F6D0000253032583A253032583A253037
:1036300032583A253032583A253032583A2530320D
:1036400058202825732900007075626C69632D6904
:103650006400000072616E646F6D2D69640000008B
:103660004254204C572057510000000002FB349B6D
:103670005F800000800010000000000000000000DB
:10368000574553545F544F504449522F7A657068E0
:1036900079722F696E636C7564652F7A65706879CD
:1036A000722F626C7565746F6F74682F6275662E09
:1036B00068000000574553545F544F504449522FFF
:1036C0007A65706879722F7375627379732F626C83
:1036D0007565746F6F74682F686F73742F62756689
:1036E0002E63000074797065203D3D2042545F4296
:1036F00055465F455654207C7C2074797065203D8A
:103700003D2042545F4255465F41434C5F494E2045
:103710007C7C2074797065203D3D2042545F425589
:10372000465F49534F5F494E0000000009496E76DD
:10373000616C696420627566666572207479706573
:10374000207265717565737465640A006D657461D6
:103750002D3E706172656E740000000076696577B9
:10376000000000006E65745F6275665F6865616485
:10377000726F6F6D28706172656E7429203E203003
:10378000000000002162745F6275665F6861735FAC
:103790007669657728706172656E74290000000093
:1037A000D8330300AC37030047000000B0FA002014
:1037B000D8330300BC3703002000000068FE00205F
:1037C000D8330300CC3703002E000000FC0001209A
:1037D000D8330300DC37030002010000D0010120D0
:1037E00062745F627566000062745F646174610098
:1037F000756E6B6E6F776E004E756D206F66204331
:103800006F6E74726F6C6C657227732041434C202D
:103810007061636B65747320213D2041434C2062CD
:10382000745F636F6E6E5F747820636F6E7465781B
:1038300074732028257520213D202575290000005E
:103840004E6F20636F6D6D616E642073656E7420C2
:10385000666F7220636D6420636F6D706C65746554
:1038600020307825303478004F70436F6465203005
:10387000782530347820636F6D706C6574656420D2
:10388000696E7374656164206F6620657870656326
:1038900074656420307825303478000057455354DF
:1038A0005F544F504449522F7A65706879722F7374
:1038B00075627379732F626C7565746F6F74682F9E
:1038C000686F73742F6863695F636F72652E63003E
:1038D0002162756600000000556E6578706563743E
:1038E0006564207374617475732030782530327884
:1038F00020257300657674206E756D5F68616E6457
:103900006C657320283D25752920746F6F206C61CC
:103910007267652028257A75203E202575290000CC
:103920004E6F20636F6E6E656374696F6E20666F95
:10393000722068616E646C65202575007061636B30
:1039400065747320636F756E74206D69736D617437
:103950006368000061746F6D69635F676574282632
:10396000636F6E6E2D3E696E5F6C6C290000000007
:103970005B305D00484349207472616E73706F72F2
:10398000743A202573000000495043004964656E75
:103990007469747925733A20257300004964656E53
:1039A000746974795B25645D3A202573000000001A
:1039B0004843493A2076657273696F6E20257320FB
:1039C0002830782530327829207265766973696FDE
:1039D0006E203078253034782C206D616E756661EC
:1039E0006374757265722030782530347800000079
:1039F0004C4D503A2076657273696F6E20257320A6
:103A000028307825303278292073756276657220E7
:103A100030782530347800004E6F726469635F55EA
:103A20004152545F5365727669636500556E6162F9
:103A30006C6520746F2073656E6420746F206472EF
:103A4000697665722028657272202564290000005D
:103A500009556E61626C6520746F20616C6C6F63D8
:103A600020666F7220486F7374204E43500A000026
:103A700009556E61626C6520746F2073656E6420F9
:103A8000486F7374204E435020286572722025645D
:103A9000290A0000556E61626C6520746F206C6F9E
:103AA0006F6B20757020636F6E6E2077697468206D
:103AB000696E646578203078253032780000000027
:103AC0004E6F74207265706F7274696E67207061DA
:103AD000636B657420666F72206E6F6E2D636F6E00
:103AE0006E656374656420636F6E6E00556E61620F
:103AF0006C6520746F20616C6C6F63617465206EFF
:103B000065772048434920636F6D6D616E640000E6
:103B1000556E636C65617265642070656E64696E74
:103B2000672073656E745F636D6400007375636313
:103B30006573730009636F6D6D616E64206F7063F0
:103B40006F6465203078253034782074696D656F36
:103B500075740A0009436F6E74726F6C6C65722025
:103B6000756E726573706F6E736976652C20636F06
:103B70006D6D616E64206F70636F646520307825B1
:103B80003034782074696D656F7574207769746856
:103B9000206572722025640A000000006F70636F58
:103BA00064652030782530347820737461747573BF
:103BB000203078253032782025730000436F6E74F2
:103BC000726F6C6C657220746F20686F73742066FE
:103BD0006C6F7720636F6E74726F6C206E6F7420E1
:103BE000737570706F727465640000004E6F6E2D97
:103BF0004C452063617061626C6520636F6E747206
:103C00006F6C6C6572206465746563746564210013
:103C100056656E646F722048434920657874656EFE
:103C200073696F6E73206E6F7420617661696C6169
:103C3000626C6500485720506C6174666F726D3A13
:103C400020257320283078253034782900000000A2
:103C500048572056617269616E743A202573202896
:103C600030782530347829004669726D7761726545
:103C70003A2025732028307825303278292056655F
:103C80007273696F6E2025752E2575204275696CDB
:103C900064202575000000004661696C656420742D
:103CA0006F207265616420737570706F72746564E3
:103CB0002076656E646F7220636F6D6D616E6473E4
:103CC000000000004661696C656420746F207265B5
:103CD000616420737570706F727465642076656EB0
:103CE000646F722066656174757265730000000010
:103CF00041434C2042522F4544522062756666650E
:103D00007273206E6F7420696E697469616C697A70
:103D100065640000312E306200000000312E310059
:103D2000312E3200322E3000322E3100332E300050
:103D3000342E3000342E3100342E3200352E300037
:103D4000352E3100352E3200352E3300352E34001D
:103D5000362E3000362E31005374616E6461726409
:103D600020426C7565746F6F746820636F6E747237
:103D70006F6C6C657200000056656E646F72207324
:103D80007065636966696320636F6E74726F6C6CD3
:103D9000657200004669726D77617265206C6F61B3
:103DA0006465720052657363756520696D6167654E
:103DB00000000000726573657276656400000000A3
:103DC0006E524635317800006E524635327800002A
:103DD0006E524635337800006E52463534487800CE
:103DE0006E524635344C7800496E74656C20436FD2
:103DF00072706F726174696F6E0000004E6F726452
:103E000069632053656D69636F6E647563746F7267
:103E1000000000004E58502053656D69636F6E645A
:103E20007563746F7273000062745F6863695F63C7
:103E30006F726500583D0300783D0300943D030018
:103E4000A43D0300B43D0300C03D0300C83D030092
:103E5000D03D0300D83D0300E03D0300B43D030026
:103E6000E83D0300FC3D0300143E0300D83303008B
:103E7000783E030047000000EC020120636D6420DF
:103E8000646973616C6C6F7765640000526561648E
:103E9000205374617469632041646472657373654F
:103EA0007320636F6D6D616E64206E6F7420617638
:103EB00061696C61626C65004661696C656420745F
:103EC0006F2072656164207374617469632061643A
:103ED00064726573736573004E6F207374617469E7
:103EE00063206164647265737365732073746F72A9
:103EF000656420696E20636F6E74726F6C6C65729E
:103F0000000000004F6E6C792072616E646F6D204E
:103F1000737461746963206964656E74697479206F
:103F20006164647265737320737570706F72746509
:103F300064000000496E76616C696420696E70757A
:103F40007420706172616D657465727300000000A9
:103F50004661696C656420746F20726561642070CD
:103F600075626C696320616464726573730000003C
:103F700043616E27742073657420626F74682049F2
:103F800044454E544954592026204E525041000079
:103F9000556E61626C6520746F207365742069646E
:103FA000656E74697479206164647265737300006E
:103FB000556E61626C6520746F2073657420726148
:103FC0006E646F6D2061646472657373000000003D
:103FD00062745F6964000000436F6E74726F6C6C92
:103FE00065722063616E6E6F7420726573756D65A6
:103FF00020636F6E6E65637461626C6520616476C8
:104000006572746973696E67202825642900000051
:1040100062745F61647600007073615F63727970CF
:10402000746F5F696E69742829206661696C6564C4
:10403000202564007073615F67656E6572617465E9
:104040005F72616E646F6D2829206661696C6564BA
:104050002025640062745F686F73745F63727970A7
:10406000746F0000646973636F6E6E65637465647A
:1040700000000000646973636F6E6E6563742D6386
:104080006F6D706C657465007363616E2D6265663B
:104090006F72652D696E6974696174696E6700007D
:1040A000696E6974696174696E672D66696C74659F
:1040B000722D6C69737400006164762D636F6E6E8F
:1040C00065637461626C65006164762D6469722D4C
:1040D000636F6E6E65637461626C650064697363BF
:1040E0006F6E6E656374696E6700000028756E6B95
:1040F0006E6F776E29000000574553545F544F5040
:104100004449522F7A65706879722F73756273799A
:10411000732F626C7565746F6F74682F686F73743A
:104120002F636F6E6E2E63006362203C3D205F62E2
:10413000745F636F6E6E5F63625F6C6973745F65FB
:104140006E64000009496E76616C696420636F6E6D
:104150006E2073746174652025750A006B5F63754A
:104160007272656E745F6765742829203D3D206B0F
:104170005F776F726B5F71756575655F7468726587
:1041800061645F6765742874785F6E6F74696679BF
:104190005F776F726B71756575655F6765742829E8
:1041A000290000007478000069735F61636C5F63CD
:1041B0006F6E6E28636F6E6E290000002162745F5F
:1041C0006275665F6861735F76696577286F75747D
:1041D0007369646529000000094E6F20636F6E7477
:1041E000726F6C6C657220627566730A0000000065
:1041F000094E6F20545820636F6E746578740A00FE
:1042000030207C7C20286275662D3E726566203DDC
:104210003D203129207C7C20286275662D3E726508
:1042200066203D3D203229006672616720213D20D5
:104230002828766F6964202A2930290009496E767A
:10424000616C696420636F6E6E656374696F6E2064
:10425000747970652025750A0000000009636F7588
:104260006C646E2774207375626D697420286572A2
:1042700072202564290A0000636F6E6E0000000042
:10428000746D7020213D20636F6E6E0070726576D4
:1042900020213D2026636F6E6E2D3E5F636F6E6E34
:1042A0005F7265616479000009496E76616C6964CA
:1042B00020636F6E6E656374696F6E2072656665EC
:1042C00072656E63650A00006F6C64203E203000EA
:1042D00009436F6E6E207265666572656E63652058
:1042E000636F756E74657220697320300A00000078
:1042F0006E6F207472616E736974696F6E202573BE
:1043000000000000496E76616C69642028257529DB
:10431000206F6C642073746174650000636F6E6E4F
:10432000202570206661696C656420746F20657358
:104330007461626C6973682E205246206E6F6973D7
:10434000653F00006E6F2076616C696420282575DA
:10435000292073746174652077617320736574001C
:10436000696E646578203E3D203020262620696EE7
:10437000646578203C20282873697A655F74292059
:10438000282828696E74292073697A656F66286306
:104390006861725B31202D2032202A202128215F84
:1043A0005F6275696C74696E5F74797065735F6361
:1043B0006F6D70617469626C655F70285F5F74799E
:1043C00070656F665F5F2861636C5F636F6E6E73AD
:1043D000292C205F5F747970656F665F5F282628DF
:1043E00061636C5F636F6E6E73295B305D29292991
:1043F0005D29202D203129202B202873697A656FB3
:10440000662861636C5F636F6E6E7329202F207363
:10441000697A656F66282861636C5F636F6E6E737F
:10442000295B305D292929290000000009496E76A1
:10443000616C69642062745F636F6E6E20706F6977
:104440006E7465720A000000216B5F69735F696EAC
:104450005F6973722829000054696D656F75742057
:104460006469736361726465642E204E6F20626CB0
:104470006F636B696E6720696E2073797377712E35
:1044800000000000556E61626C6520746F20616CE5
:104490006C6F63617465206275666665722077690A
:1044A0007468696E2074696D656F75740000000032
:1044B00009496E76616C696420636F6E6E20747951
:1044C00070652025750A0000636F6E6E2025703AB6
:1044D000206E6F7420636F6E6E6563746564000098
:1044E000466174616C206572726F722028256429A0
:1044F0002E20446973636F6E6E656374696E672006
:1045000025700000466F756E642076616C696420CA
:10451000636F6E6E656374696F6E20282570292045
:1045200077697468206164647265737320257320F1
:10453000696E20257320737461746520000000008B
:1045400053656E64204C4520706172616D207570FA
:1045500064617465206661696C65642028657272A7
:10456000202564290000000053656E642061757485
:104570006F204C4520706172616D207570646174AC
:1045800065206661696C6564202865727220256407
:1045900029000000D8330300A045030000000000FC
:1045A00060070120D8330300B0450300200000005D
:1045B0008807012062745F636F6E6E005745535425
:1045C0005F544F504449522F7A65706879722F7347
:1045D00075627379732F626C7565746F6F74682F71
:1045E000686F73742F6C326361702E63000000007B
:1045F00073203D3D20266C655F6368616E2D3E5FD4
:104600007064755F72656164790000006F6C6400AE
:104610004E6F20617661696C61626C65204C32433B
:10462000415020636F6E7465787420666F722063EA
:104630006F6E6E2025700000496E76616C69642093
:104640004C4520636F6E6E20706172616D207273D5
:10465000702073697A652028257520213D20257AF0
:1046600075290000556E61626C6520746F20616C65
:104670006C6F636174652062756666657220666F33
:1046800072206F7020307825303278004578706560
:104690006374696E6720757020746F2025642072C2
:1046A0006566732C20676F7420256400636F6E6EDF
:1046B0002D3E7374617465203D3D2042545F434F2D
:1046C0004E4E5F434F4E4E4543544544000000005C
:1046D000616C7265616479206861766520766965D0
:1046E00077206F6E202570006669666F5F70647555
:1046F000203D3D2070647500546F6F20736D616CB8
:104700006C204C32434150207369676E616C696E56
:1047100067205044550000004C32434150206C65E6
:104720006E677468206D69736D61746368202825F5
:104730007520213D2025752900000000496E766115
:104740006C6964206964656E742076616C7565209F
:10475000696E204C32434150205044550000000007
:1047600052656A656374696E6720756E6B6E6F77EC
:104770006E204C324341502050445520636F646595
:10478000203078253032780017C2020019C20200AA
:1047900000000000000000000000000029A8010047
:1047A0000000000000000000000000000000000009
:1047B00062745F6C326361700000000041545420E9
:1047C0006368616E6E656C206E6F7420636F6E6ED1
:1047D00065637465640000004E6F7420636F6E6ED5
:1047E0006563746564000000556E61626C652074D9
:1047F0006F2066696E6420415454206368616E6E58
:10480000656C00004E6F20617661696C61626C6559
:1048100020415454206368616E6E656C20666F722F
:1048200020636F6E6E202570000000004E6F2061C7
:104830007661696C61626C652041545420636F6ECF
:104840007465787420666F7220636F6E6E202570B9
:1048500000000000556E61626C6520746F20637209
:104860006561746520555549443A2073697A65201D
:1048700025750000556E61626C6520746F2063724F
:104880006561746520555549443A2073697A6520FD
:1048900025640000574553545F544F504449522FEC
:1048A0007A65706879722F7375627379732F626C91
:1048B0007565746F6F74682F686F73742F6174748B
:1048C0002E6300006E65745F6275665F706F6F6C5B
:1048D0005F676574286275662D3E706F6F6C5F69E7
:1048E0006429203D3D20266174745F706F6F6C00F9
:1048F0006275662D3E6C656E203E3D2073697A655B
:104900006F66287374727563742062745F61747467
:104910005F686472290000004572726F72207369CB
:10492000676E696E672064617461000052616E2079
:104930006F7574206F6620545820627566666572C4
:1049400073206F7220636F6E74657874732E00002D
:10495000476F74206572722025642C206E6F74205E
:1049600063616C6C696E672041545420636200007F
:1049700009556E6B6E6F776E206F7020747970655D
:10498000203078253032580A00000000415454206D
:104990004D54552065786365656465642C206D61B0
:1049A000782025752C2077616E74656420257A75D2
:1049B00000000000546F6F20736D616C6C204154D7
:1049C0005420504455207265636569766564000023
:1049D000556E68616E646C65642041545420636F49
:1049E000646520307825303278000000496E7661A9
:1049F0006C6964206C656E20257520666F7220637B
:104A00006F64652030782530327800004E6F204189
:104A10005454206368616E6E656C20666F72204D21
:104A2000545520257A7500004E6F2070656E6469BC
:104A30006E6720415454207265717565737400006F
:104A4000446973636F6E6E656374696E6720666137
:104A5000696C656420286572722025642900000055
:104A60004154542054696D656F757420666F7220CF
:104A70006465766963652025732E20446973636FCE
:104A80006E6E656374696E672E2E2E0072657100FE
:104A9000020201006DCF02000404010033CF0200C6
:104AA00006060100ADCE020008040100E9CD0200B7
:104AB0000A020100CFCD02000C040100B5CD0200B6
:104AC0000E04010085B6010020040100E5B50100D7
:104AD000100401000FCD020012020100E3CC02001D
:104AE0001604010019C50200180101001DC50200CD
:104AF0001E000400CBCF020052020000B9CC02001D
:104B0000D83303000C4B0300220000006008012092
:104B100062745F6174740000434D4143207570649A
:104B2000617465206661696C65642025640000001D
:104B3000556E61626C6520746F20696D706F727460
:104B400020746865206B657920666F72204145533B
:104B500020434D414320256400000000434D414364
:104B6000206F7065726174696F6E20696E69742060
:104B70006661696C6564202564000000434D414313
:104B80002066696E697368206661696C65642025BA
:104B900064000000574553545F544F504449522F0E
:104BA0007A65706879722F7375627379732F626C8E
:104BB0007565746F6F74682F686F73742F67617495
:104BC000742E6300737663203C3D205F62745F67E0
:104BD0006174745F736572766963655F7374617421
:104BE00069635F6C6973745F656E6400756E6162A2
:104BF0006C6520746F20736176652053433A206E94
:104C00006F20636667206C65667400004E6F2073CA
:104C10007061636520746F2073746F726520436CDC
:104C200069656E7420537570706F72746564204688
:104C300065617475726573004661696C65642074A2
:104C40006F20636C6561722053432025640000006F
:104C50004E6F20737061636520746F2073746F7280
:104C600065204343432063666700000076616C75EE
:104C7000655F6C656E206F662025752070726F769B
:104C80006964656420666F72204E554C4C207661D5
:104C90006C7565007374617469635F737663203C3F
:104CA0003D205F62745F676174745F7365727669DB
:104CB00063655F7374617469635F6C6973745F6566
:104CC0006E64000009696E76616C696420706172BF
:104CD000616D657465720A0A000000006174747287
:104CE0000000000052656164206D6574686F642087
:104CF0006E6F7420736574004661696C656420741E
:104D00006F20726561642061747472696275746584
:104D1000202570202865727220257A642900000001
:104D2000496E76616C69642072656164206C656EA1
:104D30006774683A20257A6400000000094E6F20ED
:104D40006D6F726520617474726962757465730A3F
:104D50000A0000004C696E6B206973206E6F74202E
:104D6000656E6372797074656400000044657669ED
:104D70006365206973206E6F74207375627363724C
:104D80006962656420746F20636861726163746531
:104D900072697374696300004E6F206275666665A0
:104DA0007220617661696C61626C6520746F20733A
:104DB000656E6420696E6469636174696F6E00007A
:104DC000706172616D73000009696E76616C69646F
:104DD00020706172616D65746572730A0A0000006B
:104DE000706172616D732D3E61747472207C7C20E1
:104DF000706172616D732D3E75756964000000000D
:104E00002161746F6D69635F746573745F62697447
:104E10002873632D3E666C6167732C2053435F4992
:104E20004E4449434154455F50454E44494E4729FD
:104E30000000000009496E64696361746520616C5B
:104E400072656164792070656E64696E670A00003E
:104E5000534320726573746F726520696E64696371
:104E60006174696F6E206661696C656400000000A2
:104E7000434343202570206E6F74207772697461FC
:104E8000626C65004E6F20627566666572206176A1
:104E900061696C61626C6520746F2073656E64205B
:104EA0006E6F74696669636174696F6E00000000FB
:104EB0007C4F0300BBD5020000000000784F0300C8
:104EC00000000100744F030071D6020000000000D2
:104ED0000C870020000001006C4F03000000000060
:104EE000000000000000000000000000684F030008
:104EF000F3D50200D9C00100148700200000030090
:104F0000644F030071D602000000000004870020F7
:104F1000000001005C4F03007FD50200B5BF010017
:104F20000000000000000300584F030071D602008B
:104F300000000000FC86002000000100504F03002C
:104F400015C5010000000000000000000000010085
:104F500000002A2B00002A2B000003280000292B28
:104F60000000292B00000328000002290000052A68
:104F70000000052A00000328000001180000002896
:104F800034500300BBD50200000000003050030085
:104F9000000001002C50030071D602000000000048
:104FA00048870020000001002450030047D502007C
:104FB000000000000000000000000100205003007D
:104FC00071D60200000000004087002000000100B0
:104FD0001850030013D5020000000000000000007C
:104FE000000001001450030071D602000000000010
:104FF00038870020000001000C500300E1D40200BB
:105000000000000000000000000001000000042A71
:105010000000042A000003280000012A0000012AE1
:10502000000003280000002A0000002A00000328D6
:10503000000000180000002862745F67617474004B
:105040004E6F20617661696C61626C6520534D50D2
:1050500020636F6E7465787420666F7220636F6E64
:105060006E2025700000000000000000000000001D
:10507000000000000000000000000000CDD702008A
:105080000000000000000000000000000000000020
:1050900062745F736D7000004661696C65642074B2
:1050A0006F2073656E642028657272202564290064
:1050B0004E6F7420656E6F7567682064617461203F
:1050C0002825752920666F72206576656E742068C4
:1050D00065616465722028257A7529004576656EBC
:1050E00074207061796C6F6164206C656E677468A0
:1050F000206973206E6F7420636F72726563742011
:1051000028257520213D202575290000436F756CE9
:10511000646E277420616C6C6F636174652061201C
:105120006275666665722061667465722077616972
:1051300074696E67203130207365636F6E64732EFF
:10514000000000004E6F7420656E6F7567682073F5
:105150007061636520696E206275666665722025E0
:105160007A752F257A7500004E6F7420656E6F7505
:1051700067682064617461202825752920666F7234
:105180002041434C206865616465722028257A754A
:10519000290000004E6F20617661696C61626C6568
:1051A0002041434C206275666665727321000000E1
:1051B00041434C207061796C6F6164206C656E674F
:1051C0007468206973206E6F7420636F72726563F8
:1051D000742028257520213D202575290000000018
:1051E0004E6F7420656E6F7567682064617461200E
:1051F0002825752920666F722049534F2068656104
:105200006465722028257A75290000004E6F2061A0
:105210007661696C61626C652049534F20627566E6
:10522000666572732028257A7529210049534F201D
:105230007061796C6F6164206C656E677468206959
:1052400073206E6F7420636F7272656374202825FB
:105250007520213D20256C7529000000556E6B6E70
:105260006F776E204843492074797065202575005A
:10527000484349207472616E73706F727420736555
:10528000747570206661696C656420776974683A2A
:105290002025640A0000000049504320736572769F
:1052A00069636520696E7374616E636520696E69F8
:1052B0007469616C697A6174696F6E206661696C8A
:1052C00065643A2025640A005265676973746572E3
:1052D000696E6720656E64706F696E7420666169BF
:1052E0006C6564207769746820256400456E64707D
:1052F0006F696E742062696E64696E6720666169A9
:105300006C65642077697468202564004465726563
:10531000676973746572696E672048434920656EDA
:1053200064706F696E74206661696C65642077696A
:1053300074683A2025640000436C6F73696E6720BF
:105340004950432073657276696365206661696CB4
:10535000656420776974683A2025640048434920D1
:105360007472616E73706F72742074656172646FB1
:10537000776E206661696C656420776974683A208D
:105380002564000062745F6863695F697063300060
:105390006E72665F62745F686369000062745F6862
:1053A00063695F64726976657200000062745F68A9
:1053B00063695F6E726635335F737570706F727498
:1053C00000000000574553545F544F504449522F3A
:1053D0006D6F64756C65732F68616C2F6E6F72648E
:1053E00069632F6E7266782F68616C2F6E72665FCC
:1053F000636C6F636B2E6800574553545F544F5076
:105400004449522F7A65706879722F6472697665A3
:1054100072732F636C6F636B5F636F6E74726F6C0C
:105420002F636C6F636B5F636F6E74726F6C5F6E14
:1054300072662E630000000074797065203C204382
:105440004C4F434B5F434F4E54524F4C5F4E52466E
:105450005F545950455F434F554E54001DD50100D0
:105460003DD7010000000000636C6F636B40353076
:10547000303000006866636C6B0000006C66636C23
:105480006B0000006866636C6B3139326D000000A0
:105490006866636C6B617564696F0000636C6F6351
:1054A0006B5F636F6E74726F6C00000041D6010019
:1054B00051D5010074540300B7D90200DFD90200AE
:1054C0007C540300ADD90200D5D9020084540300F6
:1054D000A3D90200CBD9020090540300656E747208
:1054E0006F70795F62745F68636900007073612D2B
:1054F000726E67006E52463533343020616E6F6DC8
:10550000616C792031353920636F6E646974696F1D
:105510006E732064657465637465640053657420FC
:105520007468652043505520636C6F636B20746F03
:10553000203634204D487A206265666F726520738C
:1055400074617274696E672051535049206F7065A1
:10555000726174696F6E000063696E7374722025E6
:10556000303278207472616E7366657220746F6F6A
:10557000206C6F6E673A20257A750000756E737522
:1055800070706F72746564206174203078256C7857
:105590002073697A6520257A750000007761697447
:1055A000206572726F72206174203078256C7820CB
:1055B00073697A6520257A75000000006572617351
:1055C00065206572726F72206174203078256C7866
:1055D0002073697A6520257A75000000417474652E
:1055E0006D7074656420746F2077726974652073C0
:1055F00074617475732072656769737465722032A3
:105600002C20627574206E6F206B6E6F776E206D2C
:105610006574686F6420746F207772697465207395
:1056200072320000636C6561720000005244535294
:10563000206661696C65643A202564005145202527
:1056400073206661696C65643A202564000000007F
:105650004A45444543206964205B25303278202543
:1056600030327820253032785D206578706563743B
:10567000205B253032782025303278202530327872
:105680005D0000006572617365206572726F723A29
:105690002061646472657373206F722073697A6528
:1056A00020657863656564732065787065637465EB
:1056B000642076616C7565732E416464723A2030A3
:1056C00078256C782073697A6520257A750000004A
:1056D0007772697465206572726F723A20616464D2
:1056E00072657373206F722073697A6520657863C1
:1056F00065656473206578706563746564207661A0
:105700006C7565732E416464723A203078256C782C
:105710002073697A6520257A7500000072656164DE
:10572000206572726F723A206164647265737320CF
:105730006F722073697A652065786365656473208C
:1057400065787065637465642076616C7565732E29
:10575000416464723A203078256C782073697A65E8
:1057600020257A75000000000400000000FF000002
:105770006D783235723634333566403000000000C3
:10578000717370695F6E6F720000000000000000AE
:105790000000000000000000000000000000000009
:1057A0000000000000000000040300000000000BE7
:1057B000F40100000001010000008000C228170071
:1057C000C457030000B00240D0570300010000009E
:1057D000D8570300060000001118001D0D18001F07
:1057E0000E1800200F180021101800221218001E99
:1057F0000008000000100000756E616C69676E653E
:105800006420616464726573733A2030782530389F
:105810006C783A257A750000696E76616C6964204F
:10582000616464726573733A2030782530386C781F
:105830003A257A75000000006E6F7420776F7264ED
:105840002D616C69676E65643A2030782530386C5C
:10585000783A257A75000000666C6173682D636F75
:105860006E74726F6C6C657240333930303000008A
:10587000666C6173685F6E72660000000400000071
:1058800000FF0000574553545F544F504449522F76
:105890007A65706879722F696E636C7564652F7AAA
:1058A00065706879722F647269766572732F67709C
:1058B000696F2F6770696F5F7574696C732E68000C
:1058C00063616C6C6261636B00000000094E6F20C5
:1058D00063616C6C6261636B210A000063616C6CD4
:1058E0006261636B2D3E68616E646C6572000000DE
:1058F000094E6F2063616C6C6261636B2068616E3E
:10590000646C6572210A0000574553545F544F5030
:105910004449522F6D6F64756C65732F68616C2FED
:105920006E6F726469632F6E7266782F68616C2F78
:105930006E72665F6770696F2E6800006E72665FD8
:105940006770696F5F70696E5F70726573656E74A2
:105950005F636865636B282A705F70696E29000059
:1059600063622D3E68616E646C65720057455354E6
:105970005F544F504449522F7A65706879722F6492
:105980007269766572732F6770696F2F6770696FC0
:105990005F6E7266782E6300657272203D3D204E08
:1059A0005246585F53554343455353006770696FE0
:1059B00040383432383030006770696F40383432E4
:1059C00035303000FFFF0000002884400000000058
:1059D0000100000000F0024000000000FFFFFFFF98
:1059E00000258440000000000000000000F002409C
:1059F00000000000574553545F544F504449522F04
:105A00006D6F64756C65732F68616C2F6E6F726457
:105A100069632F6E7266782F68616C2F6E72665F95
:105A20006970632E68000000696E646578203C2010
:105A300031360000574553545F544F504449522F5C
:105A40006D6F64756C65732F68616C2F6E6F726417
:105A500069632F6E7266782F647269766572732F30
:105A6000696E636C7564652F6E7266785F697063CA
:105A70002E68000073656E645F696E646578203C13
:105A800020313600456E61626C696E672063686123
:105A90006E6E656C20776974686F75742061207212
:105AA0006567697374657265642063616C6C6261BB
:105AB000636B0A0053656E64696E6720646174618C
:105AC000206E6F7420737570706F7274656400005F
:105AD0005258206576656E74206F6E20696C6C6517
:105AE00067616C206368616E6E656C00525820655A
:105AF00076656E74206F6E2064697361626C656494
:105B0000206368616E6E656C0000000074785F6DE4
:105B100061736B20746F6F2062696720286F722039
:105B20004950435F434F4E465F4E554D20746F6F53
:105B300020736D616C6C290072785F6D61736B20EE
:105B4000746F6F2062696720286F72204950435F2D
:105B5000434F4E465F4E554D20746F6F20736D61FD
:105B60006C6C29006D626F7840326130303000001B
:105B70006D626F785F6E7266785F697063000000B7
:105B800000010203040506070B00000057455354AB
:105B90005F544F504449522F7A65706879722F6470
:105BA0007269766572732F73657269616C2F7561A6
:105BB00072745F6E7266785F75617274652E6300D1
:105BC000095458206F6E6C79205541525445206914
:105BD0006E7374616E63650A000000004661696C53
:105BE000656420746F20616C6C6F63617465205014
:105BF0005049204368616E6E656C00007561727477
:105C00004038303030000000756172745F6E72662B
:105C1000785F7561727465000080004005000000C7
:105C2000000000004C5C03000000D60100000000F2
:105C300000000000000000000000000050A1002053
:105C400048A10020ABA50020AAA5002000800040AC
:105C5000585C030001000000605C030004000000C9
:105C600014000000130000021606000115060003D0
:105C7000574553545F544F504449522F7A657068CA
:105C800079722F696E636C7564652F7A65706879B7
:105C9000722F647269766572732F6770696F2E68F0
:105CA00000000000286366672D3E706F72745F709D
:105CB000696E5F6D61736B202620286770696F5F66
:105CC000706F72745F70696E735F74292831554C00
:105CD000203C3C202870696E29292920213D203054
:105CE0005500000009556E737570706F72746564AD
:105CF0002070696E0A00000028666C6167732026B8
:105D00002028283155203C3C20323129207C202875
:105D10003155203C3C20323229207C20283155202E
:105D20003C3C20323329207C20283155203C3C202B
:105D3000323429207C20283155203C3C2032352922
:105D4000207C20283155203C3C203236292929202E
:105D50003D3D20300000000009496E746572727587
:105D6000707420666C61677320617265206E6F7459
:105D700020737570706F727465640A0028666C61B8
:105D80006773202620282831203C3C203429207CA1
:105D9000202831203C3C203529292920213D20285C
:105DA0002831203C3C203429207C202831203C3CD8
:105DB00020352929000000000950756C6C205570B1
:105DC00020616E642050756C6C20446F776E207378
:105DD000686F756C64206E6F7420626520656E61FB
:105DE000626C65642073696D756C74616E656F7546
:105DF000736C790A00000000212828666C616773C3
:105E0000202620283155203C3C20313629292026C7
:105E100026202128666C61677320262028315520B2
:105E20003C3C20313729292026262028666C6167D2
:105E3000732026202831203C3C20312929290000CC
:105E400009496E7075742063616E6E6F74206265AF
:105E500020656E61626C656420666F7220274F70EA
:105E6000656E20447261696E272C20274F70656E25
:105E700020536F7572636527206D6F64657320779B
:105E80006974686F7574204F75747075740A0000BA
:105E900028666C6167732026202831203C3C203125
:105EA000292920213D2030207C7C2028666C6167D8
:105EB000732026202831203C3C20322929203D3DDA
:105EC0002030000028666C61677320262028283166
:105ED00055203C3C20313829207C20283155203C5D
:105EE0003C203139292929203D3D2030207C7C204F
:105EF00028666C616773202620283155203C3C20A1
:105F00003137292920213D2030000000094F7574C8
:105F1000707574206E6565647320746F20626520EF
:105F2000656E61626C656420746F20626520696EC5
:105F3000697469616C697A6564206C6F77206F722F
:105F400020686967680A000028666C61677320260C
:105F50002028283155203C3C20313829207C20281D
:105F60003155203C3C20313929292920213D202848
:105F7000283155203C3C20313829207C20283155BF
:105F8000203C3C203139292900000000094F75745C
:105F90007075742063616E6E6F7420626520696E27
:105FA000697469616C697A6564206C6F7720616ED1
:105FB0006420686967680A0054696D656F757420AC
:105FC00077616974696E6720666F72207472616EA2
:105FD0007366657220636F6D706C65746500000098
:105FE00048616C662D6475706C6578206E6F7420E6
:105FF000737570706F72746564000000536C617625
:1060000065206D6F6465206973206E6F74207375F1
:1060100070706F72746564206F6E202573000000CD
:106020004C6F6F706261636B206D6F646520697384
:10603000206E6F7420737570706F727465640000E9
:10604000576F72642073697A6573206F7468657224
:10605000207468616E2038206269747320617265F3
:10606000206E6F7420737570706F727465640000B9
:106070004672657175656E63696573206C6F7765CF
:1060800072207468616E20313235206B487A20614D
:106090007265206E6F7420737570706F72746564B2
:1060A000000000004661696C656420746F20696EB1
:1060B000697469616C697A65206E726678206472B1
:1060C000697665723A202530387800005570646131
:1060D00074652065786365656473206375727265A5
:1060E0006E7420627566666572000000576169749F
:1060F000696E6720666F722057414B452061636B64
:106100006E6F776C6564676D656E742074696D651C
:1061100064206F75740000004353204750494F209E
:10612000706F72742025732070696E202564206959
:1061300073206E6F74207265616479004661696CCA
:10614000656420746F20616C6C6F636174652047B7
:1061500050494F5445206368616E6E656C20666FD0
:10616000722057414B4500004661696C656420749C
:106170006F20636F6E6669677572652057414B4586
:106180002070696E0000000073706940613030302B
:10619000000000007370695F6E7266785F737069EB
:1061A0006D00000000A00040000000000048E80171
:1061B000000000000000000000000000FFFFFFFFE3
:1061C0000000FF000000000000000000FFFFFFFFD4
:1061D0000200000101000000ADEC0200FFFF000022
:1061E000F4610300FFFFFFFF00000000000000005B
:1061F0000000000000A00040006203000100000059
:1062000008620300030000002F0000042E000006B7
:106210002D000005EC1503000C00100028666C61D1
:10622000677320262028283155203C3C2032312914
:10623000207C20283155203C3C203232292929203D
:10624000213D2028283155203C3C20323129207C1A
:1062500020283155203C3C20323229290000000002
:106260000943616E6E6F7420626F746820656E61A1
:10627000626C6520616E642064697361626C652084
:10628000696E74657272757074730A0028666C6149
:10629000677320262028283155203C3C20323129A4
:1062A000207C20283155203C3C20323229292920CD
:1062B000213D203055000000094D7573742065693B
:1062C0007468657220656E61626C65206F7220640F
:1062D000697361626C6520696E7465727275707441
:1062E000730A00002828666C616773202620283115
:1062F00055203C3C2032322929203D3D20302920A8
:106300007C7C202828666C61677320262028315504
:10631000203C3C203234292920213D203029207C7A
:106320007C202828666C6167732026202828315538
:10633000203C3C20323529207C20283155203C3C13
:1063400020323629292920213D2028283155203C7A
:106350003C20323529207C20283155203C3C2032FD
:106360003629292900000000094F6E6C79206F6ED4
:1063700065206F66204750494F5F494E545F4C4F30
:10638000575F302C204750494F5F494E545F484972
:1063900047485F312063616E20626520656E6162EF
:1063A0006C656420666F722061206C6576656C2078
:1063B000696E746572727570742E0A002828666C96
:1063C000616773202620283155203C3C2032322939
:1063D00029203D3D203029207C7C202828666C61C6
:1063E000677320262028283155203C3C203235294F
:1063F000207C20283155203C3C2032362929292078
:10640000213D203029000000094174206C65617332
:1064100074206F6E65206F66204750494F5F494E6C
:10642000545F4C4F575F302C204750494F5F494EC7
:10643000545F484947485F312068617320746F207A
:10644000626520656E61626C65642E0A0000000062
:106450000943616C6C6261636B20706F696E746577
:10646000722073686F756C64206E6F742062652093
:106470004E554C4C0A0000000943616C6C6261632C
:106480006B2068616E646C657220706F696E7465F4
:10649000722073686F756C64206E6F742062652063
:1064A0004E554C4C0A0000004D6173746572206DAE
:1064B0006F6465206973206E6F7420737570706FE0
:1064C00072746564206F6E2025730000435320634F
:1064D0006F6E74726F6C20766961204750494F204F
:1064E0006973206E6F7420737570706F7274656459
:1064F00000000000496E76616C6964206275666612
:1065000065722073697A65733A2054782025642F68
:1065100052782025640000005363617474657265CD
:1065200064206275666665727320617265206E6FA5
:106530007420737570706F72746564004F6E6C793F
:106540002062756666657273206C6F636174656442
:1065500020696E2052414D20617265207375707004
:106560006F727465640000004661696C6564207434
:106570006F20696E697469616C697A6520646576FB
:106580006963653A2025730073706940623030306A
:10659000000000007370695F6E7266785F737069E7
:1065A0007300000000B00040000000000000000088
:1065B00000000000000000000000000000000000DB
:1065C00000FF000101000000D3EF0200FFFF000008
:1065D000E065030000000000000000000000000073
:1065E00000B00040EC65030001000000F46503000A
:1065F000040000002B0000072A0000082900000901
:106600000C00000A574553545F544F504449522FD1
:106610006D6F64756C65732F68616C2F6E6F72643B
:1066200069632F6E7266782F68616C2F6E72665F79
:106630007274632E6800000076616C203C3D202857
:10664000283078464646554C203C3C202830554C56
:106650002929203E3E202830554C292900000000E1
:10666000646B5F627574746F6E735F616E645F6C90
:10667000656473002A2A2A2A2A2053454355524525
:10668000204641554C54202A2A2A2A2A000000007C
:106690002020416464726573733A20307825780055
:1066A0002020496E76616C696420656E7472792071
:1066B000706F696E740000002020496E76616C690D
:1066C0006420696E74656772697479207369676E96
:1066D00061747572650000002020496E76616C69F6
:1066E0006420657863657074696F6E207265747577
:1066F000726E000020204174747269627574696F53
:106700006E20756E69742076696F6C6174696F6E46
:10671000000000002020496E76616C69642074726C
:10672000616E736974696F6E0000000020204C6117
:106730007A792073746174652070726573657276FE
:106740006174696F6E00000020204C617A792073BB
:1067500074617465206572726F7200002A2A2A2A99
:106760002A2053505520494E5445525255505420DA
:106770002A2A2A2A2A00000020205365637572699C
:1067800074792076696F6C6174696F6E20666F72C0
:106790002074686520666C617368206D656D6F722A
:1067A0007920737061636500202053656375726999
:1067B00074792076696F6C6174696F6E20666F7290
:1067C000207468652052414D206D656D6F7279208F
:1067D0007370616365000000202053656375726902
:1067E00074792076696F6C6174696F6E206F6E20AA
:1067F0006F6E65206F72207365766572616C2070B4
:1068000065726970686572616C732E0054462D4D17
:10681000206E6F6E2D7365637572652063616C6C9D
:106820006261636B20696E697469616C697A617415
:10683000696F6E206661696C65642C206572726F89
:10684000723A202564000000574553545F544F505E
:106850004449522F6E72662F6D6F64756C65732F8D
:10686000747275737465642D6669726D7761726593
:106870002D6D2F6661756C742E630000675F636F0A
:106880006E746578742E76616C696400094E6F6E63
:106890002D7365637572652063616C6C6261636BF7
:1068A00020776974686F75742076616C6964206301
:1068B0006F6E746578740A00574553545F544F5097
:1068C0004449522F7A65706879722F6D6F64756CC8
:1068D00065732F747275737465642D6669726D7754
:1068E0006172652D6D2F696E746572666163652FC7
:1068F000696E746572666163652E630074666D5FB0
:106900006E735F696E746572666163655F696E69F7
:10691000742829203D3D2028287073615F737461BD
:106920007475735F74293029000000000954462DE6
:106930004D204E5320696E746572666163652069EF
:106940006E6974206661696C65640A00574553542A
:106950005F544F504449522F6D6F64756C65732FAF
:1069600068616C2F6E6F726469632F6E7266782F28
:1069700068616C2F6E72665F647070692E680000CB
:106980006368616E6E656C203C206E72665F647039
:1069900070695F6368616E6E656C5F6E756D626570
:1069A000725F67657428705F726567290000000078
:1069B000574553545F544F504449522F6D6F64757F
:1069C0006C65732F68616C2F6E6F726469632F6ED4
:1069D0007266782F68656C706572732F6E72667858
:1069E0005F677070695F647070692E6300000000FB
:1069F0006565700074657000574553545F544F507F
:106A00004449522F6D6F64756C65732F68616C2FEC
:106A10006E6F726469632F6E7266782F6472697626
:106A20006572732F7372632F6E7266785F636C6F1B
:106A3000636B2E63000000006D5F636C6F636B5FC0
:106A400063622E6D6F64756C655F696E69746961F0
:106A50006C697A6564000000574553545F544F5089
:106A60004449522F6D6F64756C65732F68616C2F8C
:106A70006E6F726469632F6E7266782F64726976C6
:106A80006572732F7372632F6E7266785F677069B9
:106A90006F74652E63000000705F6368616E6E65E1
:106AA0006C000000574553545F544F504449522FD7
:106AB0006D6F64756C65732F68616C2F6E6F726497
:106AC00069632F6E7266782F68616C2F6E72665FD5
:106AD0006770696F74652E6800000000696E6465F8
:106AE00078203C20380000006E7266795F6770691C
:106AF0006F5F70696E5F70726573656E745F6368F7
:106B000065636B2870696E290000000070696E5F14
:106B100069735F6F757470757428705F696E7374D4
:106B2000616E63652C2070696E29202626202170F5
:106B3000696E5F696E5F7573655F62795F74652802
:106B4000705F696E7374616E63652C2070696E2965
:106B50000000000070696E5F6861735F747269673E
:106B600067657228705F696E7374616E63652C204F
:106B700070696E2900000000696E745F656E616265
:106B80006C65000070696E5F69735F696E70757423
:106B900028705F696E7374616E63652C2070696E16
:106BA00029000000705F696E7374616E63652D3E2D
:106BB000705F726567203D3D2028284E52465F4732
:106BC00050494F54455F547970652A2920307834F4
:106BD00030303246303030554C2900000020303003
:106BE0003030303030303030303030300001000064
:106BF0000001000008000000030000005745535446
:106C00005F544F504449522F6D6F64756C65732FFC
:106C100068616C2F6E6F726469632F6E7266782F75
:106C2000647269766572732F7372632F6E72667801
:106C30005F6970632E630000705F636F6E666967E3
:106C4000000000006D5F63622E7374617465203D07
:106C50003D204E5246585F4452565F53544154456E
:106C60005F494E495449414C495A4544000000008F
:106C7000574553545F544F504449522F6D6F6475BC
:106C80006C65732F68616C2F6E6F726469632F6E11
:106C90007266782F647269766572732F7372632FD0
:106CA0006E7266785F6E766D632E630062797465CE
:106CB000735F636F756E74203C3D202834202D2057
:106CC000627974655F7368696674290069735F76B9
:106CD000616C69645F616464726573732861646484
:106CE000722C20302900000069735F76616C696442
:106CF0005F6164647265737328616464722C20310F
:106D0000290000006E7266785F69735F776F726446
:106D10005F616C69676E65642828766F69642063BB
:106D20006F6E7374202A2961646472290000000068
:106D3000574553545F544F504449522F6D6F6475FB
:106D40006C65732F68616C2F6E6F726469632F6E50
:106D50007266782F647269766572732F7372632F0F
:106D60006E7266785F717370692E63006D5F636227
:106D70002E737461746520213D204E5246585F5138
:106D80005350495F53544154455F554E494E495401
:106D900049414C495A454400705F627566666572A8
:106DA00020213D202828766F6964202A2930290077
:106DB000705F636F6E6669672D3E77697077616992
:106DC00074000000574553545F544F504449522FAC
:106DD0006D6F64756C65732F68616C2F6E6F726474
:106DE00069632F6E7266782F647269766572732F8D
:106DF0007372632F6E7266785F7370696D2E6300B5
:106E0000705F63622D3E68616E646C6572000000A5
:106E1000705F63622D3E737461746520213D204E66
:106E20005246585F4452565F53544154455F554E45
:106E3000494E495449414C495A454400705F78666F
:106E400065725F646573632D3E705F74785F627511
:106E50006666657220213D202828766F6964202AA5
:106E6000293029207C7C20705F786665725F6465BC
:106E700073632D3E74785F6C656E677468203D3D6A
:106E800020300000705F786665725F646573632D03
:106E90003E705F72785F62756666657220213D2084
:106EA0002828766F6964202A293029207C7C20706C
:106EB0005F786665725F646573632D3E72785F6CA0
:106EC000656E677468203D3D203000002828705FA3
:106ED000786665725F646573632D3E72785F6C657A
:106EE0006E677468203C202831554C203C3C20289B
:106EF00065617379646D615F737570706F72745FD3
:106F0000626974735B705F696E7374616E63652D23
:106F10003E6472765F696E73745F6964785D292977
:106F2000292026262028705F786665725F64657365
:106F3000632D3E74785F6C656E677468203C202812
:106F400031554C203C3C202865617379646D615F4C
:106F5000737570706F72745F626974735B705F6970
:106F60006E7374616E63652D3E6472765F696E73D5
:106F7000745F6964785D2929292900002128666CDD
:106F80006167732026202831554C203C3C20332952
:106F900029207C7C2028705F63622D3E73735F70B4
:106FA000696E203D3D203078464646464646464678
:106FB00029000000574553545F544F504449522F05
:106FC0006D6F64756C65732F68616C2F6E6F726482
:106FD00069632F6E7266782F647269766572732F9B
:106FE0007372632F6E7266785F737069732E6300BD
:106FF000705F63622D3E68616E646C657220213D36
:10700000202828766F6964202A2930290000000092
:107010006576656E745F68616E646C657200000011
:10702000705F74785F62756666657220213D202806
:1070300028766F6964202A293029207C7C20747886
:107040005F6275666665725F6C656E677468203D29
:107050003D203000705F72785F62756666657220F1
:10706000213D202828766F6964202A293029207C38
:107070007C2072785F6275666665725F6C656E67AC
:107080007468203D3D203000756E726567697374C9
:1070900065726564202573206275730A0000000024
:1070A0007265676973746572656420257320627503
:1070B000730A000067656E65726963006D657461CF
:1070C0006C3A20656D657267656E63793A200000E1
:1070D0006D6574616C3A20616C6572743A20202091
:1070E000202000006D6574616C3A206372697469D8
:1070F00063616C3A202000006D6574616C3A206514
:1071000072726F723A202020202000006D65746139
:107110006C3A207761726E696E673A202020000019
:107120006D6574616C3A206E6F746963653A2020F6
:10713000202000006D6574616C3A20696E666F3ABC
:1071400020202020202000006D6574616C3A2064AE
:10715000656275673A20202020200000BC70030083
:10716000D0700300E4700300F87003000C7103009A
:1071700020710300347103004871030025733A2025
:1071800066726565696E67206E6F6E2D656D7074D1
:1071900079207669727471756575650D0A00000055
:1071A000756E657870656374656420627566666582
:1071B000722068656C6420636F756E7465720D0A69
:1071C00000000000574553545F544F504449522F1C
:1071D0006D6F64756C65732F6C69622F6F70656E6F
:1071E0002D616D702F6F70656E2D616D702F6C69E4
:1071F000622F72706D73672F72706D73675F76693F
:107200007274696F2E630000726574203D3D2030FA
:1072100000000000737461747573203E3D203000DF
:10722000737461747573203D3D2073697A656F6670
:107230002872705F686472290000000073746174C2
:107240007573203D3D203000737461747573203D6B
:107250003D206C656E00000072785F767100000062
:1072600074785F76710000004E5300005465726DB3
:10727000696E616C000000000000000000005454C2
:10728000522052454747455300000000574553548C
:107290005F544F504449522F7A65706879722F6B52
:1072A00065726E656C2F6465766963652E63000098
:1072B000646576203C3D205F6465766963655F6C3C
:1072C0006973745F656E640043505520657863652B
:1072D0007074696F6E000000556E68616E646C6555
:1072E0006420696E746572727570740053746163A2
:1072F0006B206F766572666C6F7700004B65726EFF
:10730000656C206F6F7073004B65726E656C2070DA
:10731000616E696300000000556E6B6E6F776E20C2
:107320006572726F7200000048616C74696E67204C
:1073300073797374656D00003E3E3E205A45504897
:10734000595220464154414C204552524F5220251B
:10735000643A202573206F6E204350552025640029
:107360004661756C7420647572696E6720696E740D
:107370006572727570742068616E646C696E670AFC
:107380000000000043757272656E74207468726547
:1073900061643A20257020282573290057455354ED
:1073A0005F544F504449522F7A65706879722F6B41
:1073B00065726E656C2F666174616C2E63000000EF
:1073C000726561736F6E20213D204B5F4552525FA5
:1073D0004B45524E454C5F50414E49430000000022
:1073E00009417474656D7074656420746F207265F2
:1073F000636F7665722066726F6D2061206B6572B7
:107400006E656C2070616E696320636F6E64697471
:10741000696F6E0A0000000069646C65000000007E
:10742000574553545F544F504449522F7A65706802
:1074300079722F6B65726E656C2F696E69742E633D
:10744000000000007468726561645F6461746120AB
:107450003C3D205F5F7374617469635F746872653B
:1074600061645F646174615F6C6973745F656E64AD
:10747000000000006D61696E00000000EC14030064
:10748000EC1403004C1503005C150300CC1503003D
:10749000CC1503006F730000574553545F544F5091
:1074A0004449522F7A65706879722F6B65726E65E8
:1074B0006C2F6B686561702E630000002161726340
:1074C000685F69735F696E5F6973722829207C7CCD
:1074D00020282874696D656F7574292E7469636B33
:1074E00073203D3D202828286B5F74696D656F759A
:1074F000745F7429207B307D29292E7469636B7336
:107500002900000068656170203C3D205F6B5F686A
:107510006561705F6C6973745F656E640000000084
:10752000574553545F544F504449522F7A65706801
:1075300079722F6B65726E656C2F696E636C756402
:10754000652F6B73636865642E68000074687265EC
:1075500061642D3E626173652E70656E6465645F63
:107560006F6E0000574553545F544F504449522F9B
:107570007A65706879722F6B65726E656C2F6D65B8
:107580006D5F736C61622E6300000000736C61625A
:10759000203C3D205F6B5F6D656D5F736C61625F6A
:1075A0006C6973745F656E640000000028736C6121
:1075B000622D3E667265655F6C697374203D3D2087
:1075C0002828766F6964202A2930292026262073EE
:1075D0006C61622D3E696E666F2E6E756D5F7573A0
:1075E0006564203D3D20736C61622D3E696E666F5F
:1075F0002E6E756D5F626C6F636B7329207C7C20CF
:10760000736C61625F7074725F69735F676F6F64E0
:1076100028736C61622C20736C61622D3E6672650A
:10762000655F6C697374290009736C616220636F14
:107630007272757074696F6E2064657465637465C9
:10764000640A000009496E76616C6964206D656D9D
:107650006F727920706F696E7465722070726F76C8
:10766000696465640A00000021617263685F697281
:10767000715F756E6C6F636B6564286B657929004B
:10768000574553545F544F504449522F7A657068A0
:1076900079722F6B65726E656C2F69646C652E63F1
:1076A000000000005F6B65726E656C2E6370757311
:1076B0005B305D2E63757272656E742D3E62617310
:1076C000652E7072696F203E3D203000216172632B
:1076D000685F6972715F756E6C6F636B656428615A
:1076E0007263685F6972715F6C6F636B2829290030
:1076F0000974686973206973206D65616E74207404
:107700006F2062652063616C6C65642077697468C2
:1077100020495251732064697361626C65640A0088
:10772000574553545F544F504449522F7A657068FF
:1077300079722F6B65726E656C2F6D757465782E1E
:107740006300000021617263685F69735F696E5F47
:107750006973722829000000096D75746578657376
:107760002063616E6E6F742062652075736564209E
:10777000696E7369646520495352730A0000000002
:107780006D757465782D3E6C6F636B5F636F756E9E
:1077900074203E2030550000574553545F544F50DD
:1077A0004449522F7A65706879722F6B65726E65E5
:1077B0006C2F73656D2E63002828617263685F69A2
:1077C000735F696E5F6973722829203D3D203029FF
:1077D000207C7C20282874696D656F7574292E744F
:1077E00069636B73203D3D202828286B5F74696DA9
:1077F000656F75745F7429207B307D29292E74692B
:10780000636B732929000000737973776F726B7152
:1078100000000000087803000001000057455354A1
:107820005F544F504449522F7A65706879722F6BBC
:1078300065726E656C2F776F726B2E6300000000AF
:10784000776F726B2D3E717565756520213D20281F
:1078500028766F6964202A293029000068616E64E7
:107860006C657220213D202828766F6964202A29C2
:1078700030290000776F726B20213D202828766F19
:107880006964202A29302900717565756520213DBC
:10789000202828766F6964202A29302900000000FA
:1078A000776F726B2D3E68616E646C657220213D4E
:1078B000202828766F6964202A29302900000000DA
:1078C00021666C61675F746573742826776F726BCD
:1078D0002D3E666C6167732C204B5F574F524B5F98
:1078E00044454C415941424C455F424954290000AE
:1078F00073796E6320213D202828766F6964202AE1
:107900002930290021666C61675F746573742826CD
:1079100071756575652D3E666C6167732C204B5FD4
:10792000574F524B5F51554555455F535441525443
:1079300045445F4249542900717565756500000032
:10794000737461636B00000064776F726B20213D7C
:10795000202828766F6964202A2930290000000039
:10796000574553545F544F504449522F7A657068BD
:1079700079722F6B65726E656C2F746872656164C5
:107980002E630000282828287072696F2929203D5D
:107990003D203135202626207A5F69735F69646C4B
:1079A000655F7468726561645F656E7472792828BA
:1079B000656E747279292929207C7C202828283139
:1079C00035202D203129203E3D2028282D313629F3
:1079D00029292026262028287072696F2929203E0F
:1079E0003D2028282D3136292920262620282870B8
:1079F00072696F2929203C3D20283135202D203106
:107A00002929290009696E76616C696420707269A0
:107A10006F7269747920282564293B20616C6C6F32
:107A20007765642072616E67653A20256420746F03
:107A30002025640A000000000954687265616473BF
:107A4000206D6179206E6F742062652063726561BC
:107A500074656420696E20495352730A0000000067
:107A60005F6B65726E656C2E637075735B305D2E37
:107A700063757272656E742D3E626173652E7363F9
:107A80006865645F6C6F636B656420213D203155D0
:107A900000000000574553545F544F504449522F43
:107AA0007A65706879722F6B65726E656C2F73637F
:107AB0006865642E63000000217A5F69735F696402
:107AC0006C655F7468726561645F6F626A65637438
:107AD000287468726561642900000000574553549A
:107AE0005F544F504449522F7A65706879722F6BFA
:107AF00065726E656C2F696E636C7564652F6B744F
:107B000068726561642E68005F6B65726E656C2ECD
:107B1000637075735B305D2E63757272656E742071
:107B2000213D202828766F6964202A293029000009
:107B300073697A656F66285F73636865645F7370E5
:107B4000696E6C6F636B29203D3D2030207C7C206A
:107B50006C6F636B20213D20265F73636865645FF3
:107B60007370696E6C6F636B000000005F6B657211
:107B70006E656C2E637075735B305D2E637572720B
:107B8000656E742D3E626173652E73636865645F14
:107B90006C6F636B656420213D2030550000000050
:107BA000217465726D696E61746500000961626FB0
:107BB00072746564205F63757272656E74206261B1
:107BC000636B2066726F6D20646561640A0000005B
:107BD00021657373656E7469616C00000961626F81
:107BE0007274656420657373656E7469616C20746A
:107BF00068726561642025700A000000574553547F
:107C00005F544F504449522F7A65706879722F6BD8
:107C100065726E656C2F74696D65736C6963696EEE
:107C2000672E6300282874696D656F757429202696
:107C30002620282875696E747074725F7429202854
:107C4000736C6963655F74696D656F7574732929F9
:107C5000203C3D20282875696E747074725F742909
:107C6000202874696D656F757429292026262028BF
:107C70002875696E747074725F7429202874696D38
:107C8000656F75742929203C20282875696E7470E9
:107C900074725F742920282628736C6963655F7489
:107CA000696D656F757473295B282873697A655FE0
:107CB000742920282828696E74292073697A656FD1
:107CC0006628636861725B31202D2032202A2021D2
:107CD00028215F5F6275696C74696E5F7479706585
:107CE000735F636F6D70617469626C655F70285F4C
:107CF0005F747970656F665F5F28736C6963655F39
:107D000074696D656F757473292C205F5F74797069
:107D1000656F665F5F282628736C6963655F7469A9
:107D20006D656F757473295B305D2929295D292084
:107D30002D203129202B202873697A656F662873DE
:107D40006C6963655F74696D656F75747329202F45
:107D50002073697A656F662828736C6963655F7440
:107D6000696D656F757473295B305D292929295DFB
:107D700029292026262028282875696E7470747297
:107D80005F7429202874696D656F75742929202D09
:107D900020282875696E747074725F7429202873A6
:107DA0006C6963655F74696D656F757473292929E2
:107DB00020252073697A656F662828736C6963656E
:107DC0005F74696D656F757473295B305D29203D43
:107DD0003D20302900000000574553545F544F5058
:107DE0004449522F7A65706879722F6B65726E659F
:107DF0006C2F7468726561645F6D6F6E69746F7209
:107E00002E630000757365725F636220213D202838
:107E100028766F6964202A29302900000975736566
:107E2000725F63622063616E206E6F7420626520F2
:107E30004E554C4C0A000000637075203C20310008
:107E4000096370752066696C746572206F757420A3
:107E50006F6620626F756E64730A00005745535455
:107E60005F544F504449522F7A65706879722F6B76
:107E700065726E656C2F74696D656F75742E630025
:107E8000217379735F646E6F64655F69735F6C699A
:107E90006E6B65642826746F2D3E6E6F64652900D5
:107EA000574553545F544F504449522F7A65706878
:107EB00079722F6B65726E656C2F706F6C6C2E63B0
:107EC0000000000009696E76616C69642065766562
:107ED0006E742074797065202830782578290A0A14
:107EE0000000000074687265616420213D2028282C
:107EF000766F6964202A29302900000009706F6CB0
:107F00006C65722073686F756C642068617665209B
:107F100061207468726561640A0A00005745535411
:107F20005F544F504449522F7A65706879722F6BB5
:107F300065726E656C2F6D656D706F6F6C2E630072
:107F400028616C69676E20262028616C69676E2045
:107F50002D20312929203D3D2030000009616C6928
:107F6000676E206D757374206265206120706F7775
:107F70006572206F6620320A00000000616C69673C
:107F80006E203D3D2030207C7C20282875696E7451
:107F90007074725F74296D656D20262028616C698C
:107FA000676E202D20312929203D3D203000000022
:107FB000096D6973616C69676E6564206D656D6FCD
:107FC00072792061742025702028616C69676E20A9
:107FD0003D20257A75290A005089002000202020A4
:107FE0002020202020202828282828202020202069
:107FF0002020202020202020202020202088101039
:108000001010101010101010101010101004040494
:108010000404040404040410101010101010414152
:108020004141414101010101010101010101010140
:108030000101010101010101101010101010424254
:108040004242424202020202020202020202020210
:1080500002020202020202021010101020000000B0
:108060000000000000000000000000000000000010
:108070000000000000000000000000000000000000
:1080800000000000000000000000000000000000F0
:1080900000000000000000000000000000000000E0
:1080A00000000000000000000000000000000000D0
:1080B00000000000000000000000000000000000C0
:1080C00000000000000000000000000000000000B0
:1080D00000000000000000000000000000000000A0
:1080E8000000000000000000000000000000000088
:1080F8000000000000000000000000000000000078
:108108000000000000000000000000000000000067
:108118000000000000000000000000000000000057
:108128000000000000000000000000000000000047
:108138000000000000000000000000000000000037
:108148000000000000000000000000000000000027
:108158000000000000000000000000000000000017
:108168000000000000000000000000000000000007
:1081780000000000000000000000000000000000F7
:1081880000000000000000000000000000000000E7
:1081980000000000000000000000000000000000D7
:1081A8000000000000000000358A01000000000007
:1081B80000000000000000000000000000000000B7
:1081C80000000000000000000000000000000000A7
:1081D8000000000000000000000000000000000097
:1081E8000000000000000000000000000000000087
:1081F8000000000000000000000000000000000077
:108208000000000000000000000000000000000066
:108218000000000000000000000000000000000056
:108228000000000000000000000000000000000046
:108238000000000000000000000000000000000036
:108248000000000000000000000000000000000026
:10825800EC160300000000005DA30200000000000F
:1082680000000720000001008C1603000000000039
:108278008C1603000100000002000000000000004E
:1082880000000000000200002FB302007429030060
:1082980000000C00000000000000000000000000CA
:1082A8000000000000000000000000006558010008
:1082B8000000000000000000A429030000001000D6
:1082C80017B802000000000047BD020000000000CF
:1082D8000000000000000000D99401000000000028
:1082E80000000000C4860020C486002000000000B2
:1082F800000000000DB001002DD0020000000000B9
:108308000000000000000000D5B201003DCB0200D3
:1083180029CA020055AC010000000000544F0300B8
:1083280000000200604F030000000A00704F0300C5
:108338000000200000000000000000000000000015
:108348000000000000000000000000000000000025
:108358008DD302000000000010500300000002004E
:108368001C50030000000200285003000000020017
:10837800000000000000000000000000905303000F
:108388000000000049D802000000000039D80200AF
:1083980000000000EC160300788700207887002092
:1083A8000000000001000000888700208887002066
:1083B800CC16030094870020948700200100000059
:1083C80001000000A4870020A4870020AC870020BB
:1083D800AC8700200000000001000000BC870020DE
:1083E800BC8700200000000000000000FFFF000024
:1083F800FFFF000058980020000000000000000067
:1084080000000000000000000000000014620300EB
:1084180001000000F4870020F4870020000000001D
:108428000100000004880020048800200C88002037
:108438000C88002000000000010000001C880020BB
:108448001C88002000000000000000000000000060
:108458000000000000000000000000000000000014
:108468000000000000000000000000002C170300BE
:10847800000000000000000060A1002058A10020BA
:1084880000000000000000000000000000000000E4
:1084980070880020708800200000000001000000A3
:1084A8008088002080880020888800208888002014
:1084B8000000000001000000988800209888002033
:1084C80000000000000000000000000000000000A4
:1084D8000000000000000000000000000000000094
:1084E80000000000000000004C170300CC880020AA
:1084F800CC8800200000000001000000DC8800207B
:10850800DC880020000000000000000000000000DF
:1085180025F1020021F102000090D0030070014013
:1085280000000000FFFFFFFF3F000000FFFFFFFF0C
:108538003F000000FF000000B470030000000000CE
:108548004D3C020000000000000000000000000098
:108558000000000000000000000000000000000013
:10856800000000009002000048890020488900208F
:1085780000000000000000000000000000000000F3
:1085880000000000000000000000000000000000E3
:1085980000000000000000000000000000000000D3
:1085A80000000000000000000000000000000000C3
:1085B80000000000000000000000000000000000B3
:1085C80000000000000000000000000000000000A3
:1085D800FF00000000000000000000000000000094
:1085E8000000000000000000000000000000000083
:1085F8000000000000000000000000000000000073
:108608000000000000000000000000000000000062
:108618000000000000000000000000000000000052
:108628000000000000000000000000000000000042
:108638000000000000000000188A0020188A0020AE
:1086480000000000400901200000000001000000B7
:108658003000000000000000388A0020388A00201E
:1086680000000000B8B80020000000000100000071
:10867800B800000000000000588A0020588A002036
:108688000000000070090120000000000300000045
:10869800100000000000000000000000B0DA002018
:1086A80000200000000000000000000000000000A2
:1086B800908A0020908A002000000000000000003E
:1086C8000E000000A48A0020A48A002000000000F8
:1086D80001000000B48A0020B48A0020BC8A00206F
:1086E800BC8A002000000000FFFFFFFFCC8A0020AA
:1086F800CC8A0020000000000000000000000000FC
:10870800E08A0020E08A0020E88A0020E88A002029
:10871800000000000000000000000000FC8A0020AB
:10872800FC8A0020048B0020048B0020000000003D
:108738000B000B0004000000E9BA0200B037030088
:10874800C8FF00200000000000000000000000003A
:10875800308B0020308B0020388B0020388B002095
:1087680000000000030003001000000000000000EB
:10877800A4450300E80701200000000000000000F5
:1087880000000000648B0020648B00206C8B0020AC
:108798006C8B0020000000000300030010000000A4
:1087A80031CC0200004B0300C80801200000000083
:1087B8000000000000000000988B0020988B00202B
:1087C800A08B0020A08B0020000000000300030005
:1087D8000000000000000000C037030088010120ED
:1087E800000000000000000000000000CC8B00200A
:1087F800CC8B0020D48B0020D48B002000000000FC
:108808000A000A000000000027BB0200A03703008E
:1088180078FD0020000000000000000000000000BB
:10882800008C0020008C0020088C0020088C002080
:108838000000000001000100100000005BC0020001
:1088480094450300600701200000000000000000BC
:1088580000000000348C0020348C00203C8C002068
:108868003C8C0020000000000C000C000000000000
:10887800000000006C3E03004006012000000000DC
:108888000000000000000000688C0020688C0020B8
:10889800708C0020708C0020000000000100010096
:1088A8000000000000000000D0370300D4020120BF
:0488B80015E015E0D2
:00000001FF
