:10000000F80B0020F9080000ED090000CBAF00005C
:10001000F5AF00001FB0000073B0000049B0000051
:10002000000000000000000000000000F167000078
:10003000ED09000000000000ED090000ED090000DE
:10004000ED090000ED09000000000000EF7F000056
:1000500000000000ED0900000000000000000000AA
:10006000ED090000ED090000ED090000ED090000B8
:10007000ED090000ED090000ED090000ED090000A8
:10008000ED090000ED090000000000000000000084
:10009000ED090000ED090000000000000000000074
:1000A000ED090000ED090000ED090000ED09000078
:1000B000ED090000ED090000ED090000ED09000068
:1000C000ED090000ED090000ED090000ED09000058
:1000D000ED09000000000000ED0900000000000034
:1000E000ED09000000000000ED090000ED0900002E
:1000F00000000000ED09000000000000ED09000014
:10010000000000000000000000000000ED090000F9
:10011000ED09000000000000ED090000ED090000FD
:1001200000000000ED0900000000000000000000D9
:1001300000000000000000000000000000000000BF
:1001400000000000000000000000000000000000AF
:04015000ED090000B5
:1001540000015F5F02000000FE0B0000C5680000A4
:100164008006000000000000000000000000000005
:1001740000000000000000000100FFC3000000C4F4
:10018400802300200000000001015F5F03010000E4
:100194001F010000410200000000000000000000F8
:1001A4000100000001000000000000000000000049
:1001B400000000000000000000000000000000003B
:1001C4007000000014B5000080000000000F000063
:1001D400010000003D03000001015F5F0401000015
:1001E4001F010000ED0700000000000000000000F7
:1001F40000000000010000000000000000000000FA
:1002040000000000000000000000000000000000EA
:1002140020B50000400000000507000001000000B8
:04022400B10700001E
:1002400010B500F075F900B110BD00F0A1F9044639
:10025000074821460BF00BF900F0A8F90028F3D16C
:10026000214604480BF003F9BDE8104008F086BFB2
:10027000FC07000024080000002310B582B01146DE
:10028000CDE90033D0E90023402B4AD1138D8446B9
:100290004FEA132EBEF1030F3FD0BEF1010F10D075
:1002A000244C1068D4F80424AEF10203CDE9000216
:1002B000082B39D8DFE803F00E3113181D22272C44
:1002C000090000F061F902B010BD60466A4600F016
:1002D0007BF9F8E760466A4600F052F9F3E76046BA
:1002E0006A4600F039F9EEE760466A4600F02CF9FC
:1002F000E9E760466A4600F033F9E4E760466A469B
:1003000000F032F9DFE760466A4600F031F9DAE7DB
:1003100060466A4600F030F9D5E7604600F018F90B
:10032000D1E76FF08000CEE703480BF0A0F86FF044
:100330008500C8E7201C0020600800002DE9F04F70
:100340000468A3B0002C40F0E3800546202221463B
:1003500002A80AF04EFF202221460AA80AF049FF0F
:100360004022214612A80AF044FFEA6905F11C0B5D
:100370005B46042662B9032153F8042D4E1E32B9A0
:1003800036B1314653F8042D4E1E002AF8D00E46E1
:10039000EA6A042705F12C0362B9032153F8042DFE
:1003A0004F1E32B937B1394653F8042D4F1E002A7B
:1003B000F8D00F46002E00F0A68040230021686888
:1003C00012AA0AF089FF402840F09D8012AB012E4E
:1003D000CDE9023000F09A804FF00108534C0DF146
:1003E000080905F1100A01975AF8043FD4F80004EF
:1003F000D91C21F003011A1D04EB000701EB000CCE
:10040000C0F5806E60D871455ED8414668683A464E
:10041000C4F800C40AF060FF08F101084645C9F8B5
:100420000C0049F8087FDFD1019F002F73D0D4F86A
:1004300000040DF12808DC460BEB870A4146024612
:100440004FF00009AB4601905CF8040FC2F5806ED6
:10045000C31C10F1040F23F0030304EB020543D87F
:10046000734541D8D445C1E900504FF001091A4401
:1004700001F10801E8D1DBF808303146C4F8002466
:10048000C4F804340AAA3B4602A8FFF7F5FE5D460D
:10049000002681463146D8F80430686858F8082BA1
:1004A00001360AF038FFB742F4D10025D4F8002411
:1004B00029461E48C4F804540AF09BFEC4F80054B0
:1004C000484623B0BDE8F08F002102461748C4F823
:1004D00004140AF08EFE6FF08C0900234846C4F81D
:1004E000003423B0BDE8F08F0198B9F1000F02D0BD
:1004F0001046C4F80024002102460C48C4F8041435
:100500000AF077FEE7E76FF08309D9E7074C8CE73D
:100510006FF08509D4E7AB683146C4F804340AAA01
:100520003B4602A8FFF7A8FE8146BEE7201C00203C
:1005300008B54FF4B272002102480AF05AFE0020BA
:1005400008BD00BF282000206FF08500704700BF65
:100550006FF08500704700BF6FF08500704700BFE7
:100560006FF08500704700BF6FF08500704700BFD7
:100570006FF08500704700BF6FF08500704700BFC7
:100580006FF08500704700BFD1E9000108F0B8BDE9
:1005900010B5044C0F22204603490AF0E4FD204622
:1005A00010BD00BF902100208808000008B501217F
:1005B000034808F089FB034808F056FD002008BDF9
:1005C0008C2100206FB400006FF08500704700BFE1
:1005D00080B500AF04F05DFF0023184680BD80B5F4
:1005E00082B000AF7860FFF7F3FF03461846083784
:1005F000BD4680BD80B5AEB000AF78600023C7F8BF
:10060000B4300023C7F8B03007F1940300221A6019
:100610005A6007F18C0300221A605A600023FB64C1
:1006200007F150033C22002118460AF0E2FD0023A6
:10063000FB6007F110033C22002118460AF0D9FDA7
:100640000023BB600123C7F8A4300023C7F8A03003
:100650000423C7F8AC300423C7F8A83004E0D7F867
:10066000AC30013BC7F8AC30D7F8AC30002B0ED023
:10067000D7F8AC305A1E7B68043253F82230002B76
:10068000EDD004E0D7F8A830013BC7F8A830D7F880
:10069000A830002B08D0D7F8A8305A1E7B68083243
:1006A00053F82230002BEDD0D7F8AC30002B07D018
:1006B000D7F8AC30022B03D8D7F8A830012B01D9DA
:1006C000012371E07B68586807F1080204230021C8
:1006D0000AF002FE0346C7F8A030D7F8A030042B7A
:1006E00002D06FF080035FE0D7F8AC30012B2BD93C
:1006F0007B685B69C7F89C30D7F89C30402B02D9E7
:100700006FF0890350E07B6858687B685B6907F18C
:100710004C0201210AF0E0FD0346C7F8A030D7F8EB
:10072000A030D7F89C209A4202D06FF080033BE0C3
:1007300007F14C03C7F89430D7F89C30C7F89830CD
:1007400007F19403C7F8B430D7F8A830002B12D0C3
:100750007B681B6A402B02D96FF0800324E007F10D
:100760000C03C7F88C307B681B6AC7F8903007F120
:100770008C03C7F8B030BB68D7F8B020D7F8B410F6
:10078000184603F02DF8C7F8A400D7F8B030002BB6
:1007900008D07B685868D7F88C20D7F890300021B3
:1007A0000AF0B9FDD7F8A4301846B837BD4680BD69
:1007B00080B582B000AF78607B681B68B3F57D7F41
:1007C00004D040F2F532934205D009E07868FFF793
:1007D00006FF034606E07868FFF70CFF034601E0DA
:1007E0006FF0850318460837BD4680BD80B400AF62
:1007F00000231846BD4680BC704700005B4442475A
:100800005D5B43727970746F5D20496E6974201B63
:100810005B303B33326D25731B5B306D2E2E2E0DFE
:100820000A0000005B4442475D5B43727970746F5D
:100830005D20496E6974201B5B303B33326D25733C
:100840001B5B306D2E2E2E201B5B303B33326D63D5
:100850006F6D706C6574651B5B306D2E0D0A00004A
:100860005B4552525D5B43727970746F5D20556ECB
:10087000737570706F7274656420726571756573DD
:1008800074210D0A000000004D62656420544C5331
:1008900020332E362E34000000000000000000003F
:0808A000E87F000001000000E8
:1008A800698800004188000040BC0000C021002089
:1008B8004F00000040BC0000201C00200000000089
:1008C80040BC0000001C002000000000FC220020AA
:1008D800C2050000201C002068010000001C002048
:1008E8000800000080B500AF06F07CFE00BF80BDA8
:1008F80080B588B000AF72B600BF314B314A9A60FC
:10090800314B3B603B6883F3098800BF2F4B7B600A
:100918007B6883F30A8800BF2C4BBB60BB6883F3FA
:100928000B8800BF2A4BFB60F96823A3D3E9002397
:10093800C1E9002300BF00F029FA264BFB6119E04A
:100948000023BB610EE0FB691A68BB699B001A446F
:10095800FB695968BB699B000B4412681A60BB6944
:100968000133BB61FB699B68BA699A42EBD3FB69A7
:100978000C33FB61FB69184A9342E1D3174B7B6147
:1009880014E000233B6109E07B691A683B699B001E
:10099800134400221A603B6901333B617B695B6841
:1009A8003A699A42F0D37B6908337B617B690C4AC8
:1009B8009342E6D307F068FFA5EDF5FEA5EDF5FE39
:1009C80000ED00E000000000F80B0020000400200B
:1009D800F80B0020B0080000D4080000D40800007C
:1009E800EC080000EFF30880EFF309812DE9F00F20
:1009F8006B46724600F050FB08B0FFF773FFFEE746
:100A080000BF000080B483B000AF144B1B687B604C
:100A1800134B1B683B607B68072B19D13B68023B73
:100A2800032B13D801A252F823F000BF450A000097
:100A3800490A00004D0A0000510A0000012308E09D
:100A4800002306E0002304E0002302E0002300E086
:100A5800002318460C37BD4680BC70473001FF00A4
:100A68003401FF0080B483B000AF144B1B687B6077
:100A7800134B1B683B607B68072B19D13B68023B13
:100A8800032B13D801A252F823F000BFA50A0000D7
:100A9800A90A0000AD0A0000B10A0000012308E01D
:100AA800012306E0002304E0002302E0002300E025
:100AB800002318460C37BD4680BC70473001FF0044
:100AC8003401FF0080B483B000AF144B1B687B6017
:100AD800134B1B683B607B68072B19D13B68023BB3
:100AE800032B13D801A252F823F000BF050B000016
:100AF800090B00000D0B0000110B0000012308E09A
:100B0800002306E0002304E0002302E0002300E0C5
:100B1800002318460C37BD4680BC70473001FF00E3
:100B28003401FF0080B483B000AF144B1B687B60B6
:100B3800134B1B683B607B68072B19D13B68023B52
:100B4800032B13D801A252F823F000BF650B000055
:100B5800690B00006D0B0000710B0000012308E019
:100B6800012306E0012304E0012302E0012300E061
:100B7800002318460C37BD4680BC70473001FF0083
:100B88003401FF0080B483B000AF144B1B687B6056
:100B9800134B1B683B607B68072B19D13B68023BF2
:100BA800032B13D801A252F823F000BFC50B000095
:100BB800C90B0000CD0B0000D10B0000012308E099
:100BC800002306E0002304E0002302E0002300E005
:100BD800002318460C37BD4680BC70473001FF0023
:100BE8003401FF0080B483B000AF144B1B687B60F6
:100BF800134B1B683B607B68072B19D13B68023B92
:100C0800032B13D801A252F823F000BF250C0000D3
:100C1800290C00002D0C0000310C0000012308E015
:100C2800002306E0002304E0002302E0002300E0A4
:100C3800002318460C37BD4680BC70473001FF00C2
:100C48003401FF0080B483B000AF144B1B687B6095
:100C5800134B1B683B607B68072B19D13B68023B31
:100C6800032B13D801A252F823F000BF850C000013
:100C7800890C00008D0C0000910C0000012308E095
:100C8800002306E0002304E0002302E0002300E044
:100C9800002318460C37BD4680BC70473001FF0062
:100CA8003401FF0080B483B000AF144B1B687B6035
:100CB800134B1B683B607B68072B19D13B68023BD1
:100CC800032B13D801A252F823F000BFE50C000053
:100CD800E90C0000ED0C0000F10C0000012308E015
:100CE800012306E0012304E0012302E0012300E0E0
:100CF800002318460C37BD4680BC70473001FF0002
:100D08003401FF0080B483B000AF144B1B687B60D4
:100D1800134B1B683B607B68072B19D13B68023B70
:100D2800032B13D801A252F823F000BF450D000091
:100D3800490D00004D0D0000510D0000002308E092
:100D4800002306E0002304E0012302E0012300E081
:100D5800002318460C37BD4680BC70473001FF00A1
:100D68003401FF0080B400AF064B074A1B68C2F885
:100D78004435044B044ADB69C2F84C3500BFBD4614
:100D880080BC70470080FF000060005080B582B0D2
:100D980000AF714B1B68704A43F002031360FFF702
:100DA80051FF0346002B0CD06C4B1B68002B08D15D
:100DB8006A4B0D221A606A4B01221A60684B0022A6
:100DC8001A6000237B6000237B6011E04FF47F02F0
:100DD8004FF47F017B68603351F8333019467B68E4
:100DE8006033DB0013445B680B607B6801337B6016
:100DF8007B681F2B08D84FF47F027B68603352F85A
:100E08003330B3F1FF3FE1D1FFF7BCFE0346002BBF
:100E180005D0544B29221A60534B03221A60FFF75E
:100E2800F1FD0346002B07D0504B514A1A604FF092
:100E380050230122C3F85825FFF714FE0346002B60
:100E480002D04C4B00221A60FFF73CFE0346002BF1
:100E580011D04FF05023D3F8003403F00103002BD6
:100E680009D04FF050230022C3F814214FF050232B
:100E78000022C3F81821FFF755FE0346002B0DD0BA
:100E88004FF05023D3F8003403F00103002B05D0B2
:100E98004FF050236FF00102C3F80024FFF7A2FEC1
:100EA8000346002B02D02F4B65221A60FFF7FAFE8B
:100EB8000346002B21D0304B1B68002B1DDA4FF066
:100EC80050230322C3F818254FF0502301229A60BB
:100ED80000BF4FF05023D3F80431002BF9D04FF066
:100EE80050230022C3F804214FF050230122DA6076
:100EF8004FF050230122C3F81825FFF703FF0346DC
:100F0800002B1AD0174B7E221A601C4B7E221A60C7
:100F18001B4B7F221A601B4B00221A601A4B0022BF
:100F28001A601A4B00221A60194B00221A60194BDA
:100F380000221A60184B00221A60184BD3F88C3024
:100F4800164A43F44063C2F88C30FFF70BFF00BF2A
:100F58000837BD4680BD00BFD0ED00E0204A0050F4
:100F68001C4900500C4700503C4700503095035036
:100F78004400EFBE4C250350202403503C49005048
:100F880018210050049E0350089E03501011105061
:100F9800242100502C210050A012205000ED00E028
:100FA80080B584B000AF78600023FB730E212A4817
:100FB80002F03BFE7B681B68033B042B2BD801A285
:100FC80052F823F0E10F0000EB0F0000F90F0000CA
:100FD80007100000151000000C21204802F025FE23
:100FE80030E012211E4802F020FE0123FB7329E0A5
:100FF8000B211C4802F019FE0123FB7322E00D218E
:10100800194802F012FE0123FB731BE00E2117485A
:1010180002F00BFE16E07B681B680F2B07D87B6875
:101028001B681A461421124806F0E2FA07E07B68AA
:101038001B68103B1A4625210E4806F0D9FA0123F1
:10104800FB7300BFFB7B7968184602F0DAFD00BF2E
:101058001037BD4680BD00BF648100007481000068
:101068008081000094810000A0810000B081000010
:10107800C0810000D481000080B582B000AF7860E4
:101088007C22044978680AF06AF800BF0837BD4630
:1010980080BD00BF1C2A002080B586B000AFF86074
:1010A800B9607A603B60394B7B61394B5B68C3F34D
:1010B80008027B691A60EFF303833B613A697B6935
:1010C8005A657B697A685A607B69FA689A607B69B5
:1010D800BA68DA607B6958687B6999687B69DB68FC
:1010E8001A4602F066FD02467B691A617B6903F1C4
:1010F80014007B691B69202219460AF030F83B6806
:10110800002B06D07B6934332022396818460AF050
:1011180026F81F4B9A6A7B699A651D4BDA6A7B69C8
:10112800DA651B4B9A6B7B691A667B699B6D03F4C6
:1011380000427B695A66164B5A6B7B699A667B69D3
:101148009B6D03F080027B69DA66114A7B699B6DAF
:1011580093620F4A7B69DB6DD3620E4B5A697B69D8
:101168001A670C4B9A697B695A677B691B6F03F096
:1011780040027B699A67074A7B691B6F53617869EC
:10118800FFF70EFF00BF1837BD4680BD1C2A0020A0
:1011980000ED00E0D0ED00E080B584B000AF7860ED
:1011A800396000BF134BDB6A98470346DBB203F094
:1011B8000103DBB2002BF5D10E4B5B693968786807
:1011C8009847F860FB68002B01D000230EE000BFB1
:1011D800084BDB6A98470346DBB203F00103DBB236
:1011E800002BF5D1034B1B6A984703461846103766
:1011F800BD4680BD2882000080B582B000AF284B74
:101208009B680020984778607B68002B0DD00821E8
:10121800244802F00AFD0B21234802F006FD602253
:101228000221224806F0E4F9FEE71D4B1B69022063
:10123800984778607B68002B0DD00821194802F088
:10124800F4FC0B21184802F0F0FC63220221174835
:1012580006F0CEF9FEE7124B9B6A4FF4E13101200C
:10126800984778607B68002B0DD008210D4802F064
:10127800DCFC0B210C4802F0D8FC672202210B4849
:1012880006F0B6F9FEE7064B9B6A01211520984740
:10129800074B01221A6000BF0837BD4680BD00BF5A
:1012A80028820000FC8100000882000004820000FF
:1012B800982A002080B487B000AFF860B9607A60DF
:1012C80000237B6135E07B699B00BA6813441B6887
:1012D800C3F308033B613B6940F2FF12934202D11A
:1012E8004FF0FF333B617B699B00BA6813441B686E
:1012F8005B0C032B1AD801A252F823F01513000037
:101308001D130000251300002D130000FB683A6927
:101318001A600BE0FB683A695A6007E0FB683A69B3
:101328009A6003E0FB683A69DA6000BF7B690133C1
:101338007B617A697B689A42C5D300BF00BF1C37BE
:10134800BD4680BC704700BF80B483B000AF074B78
:101358001B687B600023BA8862F30F03FA8862F384
:101368001F4318460C37BD4680BC704714820000E6
:1013780080B592B000AF7860396007F10C0338226D
:101388000021184609F031FF4FF0FF33FB604FF0A2
:10139800FF333B614FF0FF337B614FF0FF33BB619D
:1013A8004FF0EB737B63072387F841303B689968FC
:1013B8003B68DA6807F10C031846FFF77BFF3B68C8
:1013C80007F10C010022184600F0D2FC78647B6C0F
:1013D800104A934202D06FF0010316E03B680022E6
:1013E8001A613B6800225A613B68183307F13802DA
:1013F80092E803001860043319807A6B3B681A621C
:101408003B68012283F82420002318464837BD464C
:1014180080BD00BF0000AD0B80B598B000AFF8608C
:10142800B9607A607B6893F8243083F00103DBB2FB
:10143800002B02D04FF0FF3349E0F86802F003FCBC
:10144800034683F00103DBB2002B27D00023FB65A2
:101458001FE0BA68FB6DD31A402B28BF40237B6579
:10146800FA68FB6DD11807F110037A6D184609F078
:1014780076FE07F110037A68796D1846FFF7CCFFFE
:1014880038653B6D002B01D03B6D20E0FB6D403390
:10149800FB65FA6DBB689A42DBD317E078680023D6
:1014A800BA68F96800F0DAFEB865BB6D0A4A93427B
:1014B80002D16FF001030AE0BB6D084A934202D0E3
:1014C8004FF0FF3303E07B68BA681A6100231846BF
:1014D8006037BD4680BD00BF0B00AD0B0000AD0BF3
:1014E80080B586B000AFF860B9607A607B6893F821
:1014F800243083F00103DBB2002B02D04FF0FF331E
:1015080018E07B68BA68F968184601F0CFFA786184
:101518007B690A4A934202D16FF001030AE07B69B2
:10152800074A934202D04FF0FF3303E07B68BA6862
:101538005A61002318461837BD4680BD0B00AD0B15
:101548000000AD0B80B588B000AFF860B9607A6074
:10155800FB68DBB2012B02D06FF0030367E17B6805
:101568001B6AFB617A6807F11403183292E80300DA
:10157800186004331980BB68964A934200F0D680FD
:10158800BB68944A934200F2D580BB68B3F5612FDB
:1015980000F0C880BB68B3F5612F00F2CB80BB6850
:1015A800B3F5E12F00F0BA80BB68B3F5E12F00F284
:1015B800C180BB68884A934200F0AC80BB68864A09
:1015C800934200F2B780BB68B3F5613F00F09E809C
:1015D800BB68B3F5613F00F2AD80BB68B3F5E13F8E
:1015E80000F09080BB68B3F5E13F00F2A380BB68D0
:1015F800B3F5963F00F08380BB68B3F5963F00F2E1
:101608009980BB68B3F5614F75D0BB68B3F5614F7E
:1016180000F29080BB684DF6C022934267D0BB6849
:101628004DF6C022934200F28580BB68B3F5164F91
:1016380059D0BB68B3F5164F7CD8BB6847F6122261
:1016480093424CD0BB6847F61222934272D8BB68CB
:10165800B3F5E14F40D0BB68B3F5E14F6AD8BB683A
:10166800B3F5964F35D0BB68B3F5964F62D8BB68D3
:10167800B3F5615F2AD0BB68B3F5615F5AD8BB6820
:10168800B3F5165F1FD0BB68B3F5165F52D8BB68B9
:10169800B3F5965F14D0BB68B3F5965F4AD8BB68BC
:1016A800B3F5966F04D0BB68B3F5166F04D041E06C
:1016B8004FF49E23FB6140E04FF41D23FB613CE0A7
:1016C800464BFB6139E0464BFB6136E0454BFB611D
:1016D80033E0454BFB6130E0444BFB612DE04FF4B8
:1016E8000003FB6129E04FF41D03FB6125E04FF483
:1016F8006503FB6121E04FF46B03FB611DE03C4B8C
:10170800FB611AE04FF0EB73FB6116E04FF06C736E
:10171800FB6112E04FF08063FB610EE04FF0E8637D
:10172800FB610AE04FF07063FB6106E04FF0805305
:10173800FB6102E06FF0070379E0FB6803F4E06304
:10174800002B02D06FF0080371E0FB6803F44043FC
:10175800002B03D0B3F5804F03D005E00023BB7501
:1017680005E01023BB7502E06FF00A035FE0FB6839
:1017780003F44053B3F5005F10D0B3F5005F13D8FE
:10178800002B03D0B3F5805F03D00DE000237B75F9
:101798000DE00E237B7500233B8308E00E237B7549
:1017A8004FF480733B8302E06FF009033FE0FB686E
:1017B80003F44033002B03D0B3F5403F03D005E0DA
:1017C80000233B7516E001233B7513E06FF00B0314
:1017D8002DE000BF40420F0090D0030000B013007E
:1017E8000050270000F03A0000A04E0000C075002D
:1017F80000903A017B68FA691A627B68183307F12E
:10180800140292E803001860043319807B681A6890
:101818007B681B6A1946104602F041FA7B681A6811
:101828007B6818331946104602F01FFA0023184641
:101838002037BD4680BD00BF80B582B000AF78605C
:1018480004497868FFF794FD034618460837BD46F3
:1018580080BD00BFC421002080B500AF024802F05F
:1018680035FA0346184680BDC421002080B582B0F1
:1018780000AF0346FB71FB790449184602F037FABA
:10188800034618460837BD4680BD00BFC421002066
:1018980080B582B000AF78603960054A39687868E9
:1018A800FFF7BAFD034618460837BD4680BD00BF9E
:1018B800C421002080B582B000AF78603960054A45
:1018C80039687868FFF70CFE034618460837BD46A6
:1018D80080BD00BFC421002080B500AF024802F0DF
:1018E80025FA0346184680BDC421002080B500AF04
:1018F800024802F026FA0346184680BDC42100209B
:1019080080B582B000AF78603960054A3968786878
:10191800FFF718FE034618460837BD4680BD00BFCE
:10192800C421002080B483B000AF0346FB7197F94F
:101938000730002B0BDBFB7903F01F02064997F9F0
:1019480007305B09012000FA02F241F8232000BFAA
:101958000C37BD4680BC704700E100E080B483B01E
:1019680000AF0346FB7197F90730002B12DBFB79B8
:1019780003F01F020A4997F907305B09012000FAB2
:1019880002F2203341F82320BFF34F8F00BFBFF38B
:101998006F8F00BF00BF0C37BD4680BC704700BFCB
:1019A80000E100E080B483B000AF03463960FB710A
:1019B80097F90730002B0ADB3B68DAB20C4997F934
:1019C80007305201D2B20B4483F800230AE03B6887
:1019D800DAB20849FB7903F00F03043B5201D2B293
:1019E8000B441A7600BF0C37BD4680BC704700BF59
:1019F80000E100E000ED00E080B584B000AF786061
:101A08007B68002B11D00B4B43F00103FB600A4BA2
:101A18001B680A4AA2FB03239A0C7B6802FB03F3A8
:101A2800BB60FB68B868984700E000BF1037BD4648
:101A380080BD00BF90820000C021002083DE1B43D0
:101A480080B584B000AF78607B681B68184602F0E8
:101A58007EFE034683F00103DBB2002B0ED0082183
:101A6800194802F0E2F81921184802F0DEF840F2AD
:101A7800CA320221164805F0BBFDFEE70023FB60D1
:101A8800786802F092FE0346002B02D0012B03D0A7
:101A980005E0104BFB6011E00F4BFB600EE00821E6
:101AA800094802F0C2F81921084802F0BEF840F2CD
:101AB800D3320221064805F09BFDFEE7FB68184675
:101AC8001037BD4680BD00BF608200006C820000F8
:101AD80068820000002584500028845080B586B0B4
:101AE80000AF7860084611461A460346FB700B465D
:101AF800BB7013467B703B1D1846FFF7A1FF78614A
:101B08007A687B69803253F822303B61114BFB6065
:101B1800FB68DB433A6913403B61FA78BB785B00AA
:101B28001A437B789B001A4397F820301B021A430C
:101B380097F824301B0413433A6913433B617A68CE
:101B48007B698032396943F8221000BF1837BD46D7
:101B580080BD00BF0F0F030080B58AB000AF78606A
:101B680039607B681B791A4613469B0013441B0196
:101B7800534A13447B623B6893F8333083F0010384
:101B8800DBB2002B20D07B6ADB6C43F000731A4673
:101B98007B6ADA643B681B68B3F1FF3F09D03B6896
:101BA8001B68184602F03FFE3B681B68184602F0A7
:101BB8000FFE3B685B68B3F1FF3F05D03B685B688D
:101BC8000021184602F011FE3B6893F82C30012BD7
:101BD80028D13B6893F8333083F00103DBB2002B44
:101BE80020D07B6ADB6C43F000631A467B6ADA64B8
:101BF8003B68DB68B3F1FF3F05D03B68DB68002139
:101C0800184602F0F2FD3B689B68B3F1FF3F09D02C
:101C18003B689B68184602F006FE3B689B681846BE
:101C280002F0D6FD3B6893F8323083F00103DBB253
:101C3800002B06D07B6ADB6C43F080731A467B6A04
:101C4800DA6407F1080300221A605A609A60DA60C1
:101C58001A615A619A613B681B68BB603B685B68A4
:101C6800FB603B689B683B613B68DB687B613B686A
:101C780093F8323087F822303A6807F11C032C3287
:101C880092E803001860043319803B689B6ABB61C3
:101C98007B681B6807F108021146184602F0C2FA71
:101CA800786802F0CDFD7B6818683B6893F83520AA
:101CB8000023044902F0EFFA00BF2837BD4680BD73
:101CC8009C2A00201003420080B588B000AF7860DD
:101CD8007B681B791A4613469B0013441B01234A51
:101CE8001344FB617B681B6807F10C021146184618
:101CF80002F04FFBFB69DB6C03F08073002B04D010
:101D08007B681B68184602F069FBFB69DB6C03F013
:101D18000073002B25D0FB68B3F1FF3F03D0FB68AD
:101D2800184602F073FD3B69B3F1FF3F03D03B69EE
:101D3800184602F06BFDFB69DB6C03F00063002BB7
:101D48000FD0BB69B3F1FF3F03D0BB69184602F05F
:101D58005DFD7B69B3F1FF3F03D07B69184602F054
:101D680055FD00BF2037BD4680BD00BF9C2A00201E
:101D780080B58AB000AFF860B9607A60BB68002BA4
:101D88000ED108214E4801F050FF10214D4801F0B6
:101D98004CFF4FF4DF7202214B4805F029FCFEE7A7
:101DA800FB681B793B623A6A13469B0013441B018C
:101DB800464A13447B627B6A93F84830002B03D071
:101DC800434B7B617B6976E050220021786A09F0F9
:101DD8000CFABB681A697B6A1A60BB685A697B6A25
:101DE8009A63BB689B69002B03D17B6A0022DA6384
:101DF80004E0BB689B695A1E7B6ADA63BB681B6A8E
:101E0800042B06D9BB68DA697B6A9A617B6A00226F
:101E1800DA617B68002B04D0BB6893F83430002B60
:101E280001D0002301E04FF48073FB61BB6893F895
:101E38003430002B06D07B6ADB6C43F001031A4672
:101E48007B6ADA647B6A7A685A607B6A012283F863
:101E58004820FB681B68184602F082FD034683F0A1
:101E68000103DBB2002B01D01A4B24E0B968F868F3
:101E7800FFF772FEFB681A68BB6893F8343019469E
:101E8800104602F0B9FD034683F00103DBB2002BD4
:101E980001D0104B0FE07B68002B01D00E4A00E008
:101EA8000022FB691343BB61FB681B68B9691846CC
:101EB80002F0FCFA094B18462837BD4680BD00BF22
:101EC8006082000098820000688200009C2A00203E
:101ED8000C00AD0B0100AD0B10020A000000AD0BA9
:101EE80080B586B000AF78607B681B791A461346C8
:101EF8009B0013441B011E4A13447B617B681B68CB
:101F08003B617B6993F84830002B0ED108211948B2
:101F180001F08BFE1221184801F087FE40F255228D
:101F28000221164805F064FBFEE71549386902F0FE
:101F3800DFFA386902F01CFA01220121786800F002
:101F48005FFDF8600121786800F06CFAF860786845
:101F5800FFF7BAFE7B690022DA647B69002283F806
:101F680048207B6900225A6000BF1837BD4680BDF3
:101F78009C2A002060820000A8820000688200007D
:101F880010034A0080B588B000AFF860B9607A6085
:101F9800FB70FB781946F86802F0BCFC0346FB7737
:101FA800F86802F02DFBB861F86802F018FB786158
:101FB800FB7F002B04D17A69BB689A4200D1E8E71D
:101FC8007A69BB689A4205D17A68BB699A4201D995
:101FD8000B4B00E00B4B3B613B690A4A934209D12A
:101FE800FB7883F00103DBB2002B03D00C21F868E7
:101FF80002F0D0FA3B6918462037BD4680BD00BFC5
:102008000800AD0B0000AD0B80B58AB000AFF860DA
:10201800B9601346FB71FB681B791A4613469B008F
:1020280013441B014B4A1344BB61FB681B687B616B
:10203800BB6993F84830012B0ED00821464801F0BF
:10204800F4FD0921454801F0F0FD40F2ED2202219E
:10205800434805F0CDFAFEE7424B3B62BB699B6BF8
:10206800002B0FD1B968786901F0C1FE034683F0EF
:102078000103DBB2002B01D03B4B66E0002387F85D
:10208800273002E0012387F8273000F045FEBB69BE
:10209800DB6C03F00103002B14BF01230023DBB228
:1020A8001946786902F036FC0346FB74FB7C002B6A
:1020B80027D0BB695B6C002B06DA786902F0A0FABE
:1020C80003461A46BB695A6497F82730002B0ED08E
:1020D800BB699A6BBB69DB6B1344BA6812781A70D8
:1020E800BB699A6BBB69DB6B1344FB6101E0BB689E
:1020F800FB61FB790122F969786902F0C3FC1B4B8B
:102108003B6200F019FE3B6A184A93421CD1FB79E6
:1021180083F00103DBB2002B16D0BB69DB6C03F044
:102128000103002B14BF01230023DBB20122F9694C
:102138007869FFF727FF386200F0EEFDB969786922
:1021480002F0E1FC00F0F8FD3B6A18462837BD466E
:1021580080BD00BF9C2A002060820000BC82000075
:10216800688200000B00AD0B0400AD0B0000AD0B46
:1021780080B588B000AFF860B9607A603B60FB68F2
:102188001B791A4613469B0013441B012F4A13441C
:102198007B617B695B68002B06D03B6803F0020318
:1021A800002B01D0012300E00023FB74FB7C03F02B
:1021B8000103FB74264BFB61FB7C002B03D07B697E
:1021C8009B6B002B05D07B69DB6C03F01003002BA5
:1021D80001D0204B35E00023BB612DE0BA68BB6914
:1021E8001344FA7C1946F868FFF70EFFF861FB699B
:1021F800174A934205D0FB69174A9342EED0FB6910
:102208001FE000BF7B695B68002B12D17B69DB6C28
:1022180003F00803002B0CD07B694C33D3E8EF1F85
:1022280021F00801C3E8E21F002AF7D1094BFB613E
:1022380006E0BB690133BB61BA697B689A42CDD3BA
:10224800FB6918462037BD4680BD00BF9C2A002088
:102258000000AD0B0800AD0B0B00AD0B80B588B0CE
:1022680000AFF860B9607A603B60FB681B791A467A
:1022780013469B0013441B01624A13447B61FB68AD
:102288001B683B617B6993F84830012B0ED008210D
:102298005D4801F0CAFC0E215C4801F0C6FC40F222
:1022A800773202215A4805F0A3F9FEE7FB681B794B
:1022B800002B03D17B68B3F5803F0ED30821524829
:1022C80001F0B3FC0E21514801F0AFFC4FF45E72EF
:1022D80002214F4805F08CF9FEE7BB68002B0ED1B0
:1022E8000821494801F0A1FC0E21484801F09DFC55
:1022F80040F279320221464805F07AF9FEE77B6818
:10230800002B0ED10821404801F08FFC0E213F48D8
:1023180001F08BFC40F27A3202213D4805F068F961
:10232800FEE73C4BFB617B68002B01D13A4B65E033
:102338007B695B68002B17D13B68002B14D17B6944
:10234800DB6A002B0ED17B697A68DA6200237A682F
:10235800B968F868FFF70CFFF8617B690022DA6258
:10236800FB694BE02D4B49E03B6803F00303002B6E
:1023780007D03B687A68B968F868FFF7F9FE034642
:102388003CE0B968386901F032FD034683F0010387
:10239800DBB2002B08D07B699B6B002B01D1204B53
:1023A800FB610123FB7601E00023FB76FB69194AF8
:1023B800934201D0FB6921E000F0AEFC7B69DB6A47
:1023C800002B16D17B697A68DA627B69BA689A62EF
:1023D800FB7E002B06D07B69DB6C43F002031A46B8
:1023E8007B69DA64FB7E1A467969386902F001FC78
:1023F80001E00A4BFB6100F09FFCFB69184620379F
:10240800BD4680BD9C2A002060820000C882000072
:10241800688200000000AD0B0600AD0B0B00AD0B91
:102428000A00AD0B80B586B000AF78600B46FB7034
:102438007B681B791A4613469B0013441B011D4AEF
:1024480013447B617B681B683B61386902F042FA80
:10245800F8607B69DB6A002B05D1F968386902F0FE
:102468004CFA154B21E07B694C33D3E8EF1F41F060
:102478000801C3E8E21F002AF7D10C21386902F0ED
:1024880089F8FB78002B0BD07969386902F058FB82
:102498004FF49071386901F0B1FF7B690022DA626C
:1024A800F968386902F029FA044B18461837BD460E
:1024B80080BD00BF9C2A00200500AD0B0000AD0BBD
:1024C80080B584B000AFF860B9607A604FF4847169
:1024D800F86801F093FF2021F86801F0D8FF0C4B51
:1024E8001946F86802F004F8F86802F06AFCBB685C
:1024F80000229A60BB6800221A61B86802F02BFCBF
:102508007968B86802F0ECFB00BF1037BD4680BDA3
:1025180010020A0080B586B000AF786039607B6829
:102528001B791A4613469B0013441B015A4A13444D
:102538007B617B681B683B617B694C33D3E8EF2F79
:1025480042F48051C3E8E01F0028F7D1FA60FB6825
:1025580003F48053002B01D0504B99E03B6803F003
:102568000403002B05D07B699B69002B01D14C4BE0
:102578008EE04C4B1946386901F0BAFF386901F012
:10258800DDFF4FF48871386901F038FF4FF4A67108
:10259800386901F033FF4FF4A271386901F02EFF5A
:1025A8003B689B0303F480423B681B0303F400531E
:1025B8001A433B685B0303F400431343BB607B6926
:1025C8004C33BA68D3E8EF0F40EA0200C3E8E10FE2
:1025D8000029F7D17B699B68002B07D17B695B6871
:1025E800002B03D00321786902F05FFB7B699B68AD
:1025F800002B0FD1786902F073FA034683F00103C8
:10260800DBB2002B01D0284B42E0786902F0A3FB33
:10261800264B3DE00421386901F057FF0346002BA3
:1026280017D07B695B68002B13D07B69DB6C03F4E4
:102638000023002B0DD07B694C33D3E8EF1F21F426
:102648000021C3E8E21F002AF7D10621786902F0C9
:102658002CFB7B69DB6C03F48053002B17D04FF401
:10266800A671386901F0DBFE034683F00103DBB293
:10267800002B03D00021386901F08CFF7B695B686F
:10268800002B04D0074B1946386901F00FFF064BA1
:1026980018461837BD4680BD9C2A00200B00AD0B9C
:1026A8000800AD0B10020A000000AD0B0200AD0BD4
:1026B80080B586B000AFF860B9607A603B603D4B8A
:1026C8007B61BB689B68002B0BD0BB685B68002BE9
:1026D8004DD14FF48871F86801F0A1FE0346002B34
:1026E80045D0BB689B68002B04D04FF48871F8680C
:1026F80001F084FEBB687A689A60BB683A68DA6061
:10270800B968F86802F0DCFB0346002B4CD0BB68C4
:102718009A68BB685B6AD118BB68DA68BB685B6A91
:10272800D31A1A46F86801F07CFFBB68DB6C03F427
:102738008053002B38D0BB684C33D3E8EF1F21F40B
:102748008021C3E8E21F002AF7D10021F86801F0D0
:1027580021FF4FF4A271F86801F061FE0346002BD7
:1027680022D04FF4A271F86801F048FE1CE0BB6863
:102778001B69002B15D1BB687A681A61BB683A6877
:102788005A613A687968F86801F04BFFBB68DB6CFE
:1027980003F48043002B08D02021F86801F068FE7C
:1027A80003E0054B7B6100E000BF7B6918461837E2
:1027B800BD4680BD0000AD0B0B00AD0B80B58AB0E7
:1027C80000AFF860B9607A60FB681B7919464B4A1C
:1027D8000B469B000B441B01134448331B78012B09
:1027E8000ED00821464801F020FA1921454801F089
:1027F8001CFA40F2A5520221434804F0F9FEFEE714
:10280800FB681B79002B03D17B68B3F5803F0ED39F
:1028180008213B4801F009FA19213A4801F005FA64
:1028280040F2A6520221384804F0E2FEFEE7BB68F7
:10283800002B0ED10821324801F0F7F9192131484F
:1028480001F0F3F940F2A75202212F4804F0D0FE1C
:10285800FEE77B68002B0ED10821294801F0E5F935
:102868001921284801F0E1F94FF4B5620221264800
:1028780004F0BEFEFEE7FB681B791A4613469B0070
:1028880013441B011D4A1344FB61FB681B68BB61B1
:10289800002387F827301D4B3B62B86902F01AF80D
:1028A8007861FB69DB6C03F48023002B02D0184BA2
:1028B8003B620FE0B968B86901F099FA034683F002
:1028C8000103DBB2002B02D0124B3B6202E0012372
:1028D80087F8273097F82730002B06D07B68BA682E
:1028E800F969B869FFF7E4FE38627969B86902F0F6
:1028F80004F83B6A18462837BD4680BD9C2A00204C
:1029080060820000D8820000688200000000AD0BE1
:102918000500AD0B0A00AD0B80B588B000AFF860BC
:10292800B96011461A460B46FB711346BB7120214C
:10293800F86801F08AFD0346002B14BF0123002329
:10294800FB75BB68DB6C03F48223B3F5805F07D0AB
:10295800FB79002B02D0BB680022DA61254B45E0E9
:10296800F86801F0B7FFB861FB79002B05D1FB7D52
:1029780083F00103DBB2002B07D02021F86801F0B7
:1029880086FD4FF4A113FB6102E04FF48033FB6135
:10299800BB684C33FA69D3E8EF0F40EA0200C3E89A
:1029A800E10F0029F7D1BB79002B03D1BB685B6825
:1029B800002B12D1104B1946F86801F099FD04213B
:1029C800F86801F0E7FDB968F86802F044FB0A4BC3
:1029D800DB43BA691340BB6103E00421F86801F0E6
:1029E800D9FDB969F86801F088FF044B184620370B
:1029F800BD4680BD0500AD0B10020A000000AD0BFE
:102A080080B584B000AF78600B46FB701346BB708E
:102A18007B68002B0ED10821204801F006F914210B
:102A28001F4801F002F940F2696202211D4804F0D2
:102A3800DFFDFEE77B681B7919461B4A0B469B00A6
:102A48000B441B01134448331B78012B0ED008217B
:102A5800124801F0EAF81421114801F0E6F840F2B2
:102A68006A6202210F4804F0C3FDFEE77B681B7908
:102A78001A4613469B0013441B010B4A1344FB6080
:102A88007B681B68BB60BB78FA78F968B868FFF7A1
:102A980043FF034618461037BD4680BD60820000DC
:102AA800F4820000688200009C2A002080B588B06B
:102AB80000AFF860B9607A607A68B968F868FFF7BB
:102AC8007DFEF861FB681B791A4613469B00134488
:102AD8001B01524A1344BB61BB6993F84830012B70
:102AE8000ED008214E4801F0A0F80E214D4801F003
:102AF8009CF840F2796202214B4804F079FDFEE728
:102B0800FB681B79002B03D17B68B3F5803F0ED39C
:102B18000821434801F089F80E21424801F085F860
:102B280040F27A620221404804F062FDFEE7BB6889
:102B3800002B0ED108213A4801F077F80E213948C8
:102B480001F073F840F27B620221374804F050FD2F
:102B5800FEE77B68002B0ED10821314801F065F8AB
:102B68000E21304801F061F840F27C6202212E48C3
:102B780004F03EFDFEE7FB692C4A934201D0FB6955
:102B880048E003237B617969F868FFF7C3FCF861C3
:102B9800FB69274A934205D0FB69244A934201D036
:102BA800FB6937E0214BFB61BB695B68002B30D1C7
:102BB80000233B6107F110031946F86800F03EF85E
:102BC800F861FB691A4A9342F4D0FB69194A9342A7
:102BD80003D03B697A689A4202D9174BFB6118E027
:102BE80001220121F868FFF70BFFF861FB690F4A22
:102BF80093420ED008210A4801F017F80E2109481F
:102C080001F013F840F29C620221074804F0F0FC3E
:102C1800FEE7FB6918462037BD4680BD9C2A002088
:102C28006082000008830000688200000000AD0B8D
:102C38000B00AD0B0C00AD0B0800AD0B80B584B0DC
:102C480000AF786039607B681B791A4613469B0091
:102C580013441B01284A1344FB60FB6893F848306F
:102C6800012B0ED00821254800F0DFFF142124484D
:102C780000F0DBFF40F2A7620221224804F0B8FC12
:102C8800FEE7FB685B68002B01D01F4B2FE07B68D9
:102C98001B68184601F06CFC034683F00103DBB2A5
:102CA800002B0CD03B68002B07D07B681B681846AC
:102CB80001F0C8FC02463B681A60144B17E07B68B9
:102CC8001B684FF48871184601F0A9FB0346002BD6
:102CD8000CD03B68002B07D07B681B68184601F0B6
:102CE800B1FC02463B681A60094B00E0094B1846E4
:102CF8001037BD4680BD00BF9C2A002060820000BE
:102D080018830000688200000800AD0B0C00AD0BB2
:102D18000000AD0B0B00AD0B80B400AF72B600BF66
:102D2800044B1B680133034A136000BFBD4680BCD7
:102D3800704700BFEC2A002080B500AF0F4B1B681E
:102D4800002B0DD108210E4800F06FFF1B210D4804
:102D580000F06BFF2C2202210B4804F049FCFEE72F
:102D6800064B1B68013B054A1360044B1B68002B8C
:102D780001D162B600BF00BF80BD00BFEC2A0020B1
:102D88002C830000388300003483000080B487B0AF
:102D980000AFF860B9607A60FB681B687B617B698B
:102DA800114A1A63BB68002B01D0042200E00022FC
:102DB8007B68002B01D0022300E000231A437B69C3
:102DC8005A607B695B6843F001027B695A60BFF314
:102DD8004F8F00BFBFF36F8F00BF002318461C370B
:102DE800BD4680BC704700BF04AAFF0080B582B012
:102DF80000AF7860084611461A460346FB700B463A
:102E0800BB7013467B70FA787B68A03253F8323077
:102E180003F48073002B0ED00821244800F005FF2E
:102E28001521234800F001FF4FF46C72022121485C
:102E380004F0DEFBFEE7FB787A68A033DB0013447E
:102E48005B6803F48073002B0ED00821174800F04C
:102E5800ECFE1521164800F0E8FE40F2B1320221DE
:102E6800144804F0C5FBFEE77B783A7C002A02D0C0
:102E78004FF4807100E00021FA7819437B68A03292
:102E880043F83210BA783B7C002B02D04FF48071A3
:102E980000E00021FB780A437968A033DB000B448B
:102EA8005A6000BF0837BD4680BD00BF548300008C
:102EB800C08300005C83000080B584B000AFF86078
:102EC8007B600B46FB721346BB72FA7AFB6802F50D
:102ED800C07253F8223003F48073002B0ED00821FF
:102EE800134800F0A2FE1821124800F09EFE40F29E
:102EF800CE320221104804F07BFBFEE7BB7A002BA0
:102F080001D0102200E000227B6813433A7E002A99
:102F180002D04FF4807100E00021FA7A1943FB686F
:102F280002F5C07243F8221000BF1037BD4680BDBD
:102F380054830000608300005C83000080B584B087
:102F480000AFF8607B600B46FB721346BB72FA7ADF
:102F5800FB6802F5E07253F8223003F48073002B0B
:102F68000ED00821134800F060FE1621124800F028
:102F78005CFE40F2DB320221104804F039FBFEE728
:102F8800BB7A002B01D0102200E000227B6813439B
:102F98003A7E002A02D04FF4807100E00021FA7ACC
:102FA8001943FB6802F5E07243F8221000BF10379E
:102FB800BD4680BD54830000788300005C83000018
:102FC80080B584B000AFF860B96011461A460B4668
:102FD800FB711346BB71FB68BA6802F5007253F8BF
:102FE8002230002B0EDB0821234800F01EFE17219B
:102FF800224800F01AFE4FF47A720221204804F0A9
:10300800F7FAFEE7FB68BA6802F5007253F8223057
:1030180003F48073002B0ED00821174800F005FE3A
:103028001721164800F001FE40F2E9320221144847
:1030380004F0DEFAFEE7FB79002B01D0102200E055
:103048000022BB79002B01D0202300E0002313438A
:103058003A7E002A02D04FF4807200E0002242EA51
:103068000301FB68BA6802F5007243F8221000BF3A
:103078001037BD4680BD00BF54830000F8830000B0
:103088005C83000080B582B000AF00233B603B68E2
:1030980043F001033B603B6843F002033B603B683D
:1030A80043F004033B6000237B600AE0094A7B6825
:1030B80052F823303968184602F0F2F87B68013379
:1030C8007B607B68002BF1D000BF00BF0837BD468E
:1030D80080BD00BF2C22002080B582B000AF002345
:1030E8007B6000233B6032E01D4A3B6852F8233086
:1030F8004FF48471184602F0C3F80346002B03D03E
:103108007B6843F004037B60154A3B6852F8233020
:103118004FF48071184602F0B3F80346002B03D031
:103128007B6843F001037B600D4A3B6852F823300B
:103138004FF48271184602F0A3F80346002B03D01F
:103148007B6843F002037B603B6801333B603B686C
:10315800002BC9D07B6818460837BD4680BD00BF24
:103168002C22002080B582B000AF00237B601DE0D8
:10317800124A7B6852F823304FF48071184602F0E7
:103188006AF80E4A7B6852F823304FF48271184669
:1031980002F061F8094A7B6852F823304FF48471D1
:1031A800184602F058F87B6801337B607B68002B77
:1031B800DED000BF00BF0837BD4680BD2C220020EE
:1031C80080B584B002AF00237B6017E07B68DBB278
:1031D8001946174802F072F8034683F00103DBB280
:1031E800002B08D07B68D9B2002300930723012263
:1031F8000F48FFF761FE7B6801337B607B683F2BDC
:10320800E4D900233B600BE03B68D9B2002300936C
:10321800072301220648FFF791FE3B6801333B6014
:103228003B683F2BF0D900BF00BF0837BD4680BDC3
:103238000030005080B58AB002AFF860B9603B60DA
:103248001346FB71FB689B0BBB61BB689B0B7B61E7
:10325800BB69FB610CE0FB69D9B2FA7997F82830B1
:1032680000933B680748FFF727FEFB690133FB61C2
:10327800FA697B699A42EED900BF00BF2037BD4684
:1032880080BD00BF0030005080B58AB002AFF86042
:10329800B9603B601346FB71FB6803F160435B0B4D
:1032A800BB61BB6803F160435B0B7B61BB69FB617E
:1032B8000CE0FB69D9B2FA7997F8283000933B689B
:1032C8000748FFF73BFEFB690133FB61FA697B693D
:1032D8009A42EED900BF00BF2037BD4680BD00BF6F
:1032E8000030005080B586B002AF786039603A6827
:1032F8007B68D31A0133FB607B68C3F30D03C3F506
:103308008043BB60FA68BB689A420DD908213048EF
:1033180000F08BFC2D212F4800F087FCF8220221B9
:103328002D4804F065F9FEE77A68BB681344C3F3D7
:103338000D03002B0DD00821254800F076FC2D2127
:10334800244800F072FCFB220221234804F050F9C3
:10335800FEE7BB685A1EBB681340002B0DD008213E
:103368001B4800F062FC2D211A4800F05EFCFF2289
:103378000221194804F03CF9FEE7BB681F2B03D96A
:10338800BB68B3F5805F0ED90821114800F04DFCE9
:103398002D21104800F049FC4FF4817202210E489B
:1033A80004F026F9FEE7BB68B3FA83F3DBB2C3F196
:1033B8001B03DAB27B689B0BDBB201210091002171
:1033C8000648FFF713FD00BF1037BD4680BD00BF9C
:1033D80054830000908300005C830000003000509C
:1033E80080B586B002AF78600B46FB707B681B0B1C
:1033F800FB73124AFB7B03F5007352F8233003F08A
:103408000303002B0ED108210D4800F00EFC1D21EE
:103418000C4800F00AFC4FF4A77202210A4804F095
:10342800E7F8FEE7F97BFB780093012301220348C4
:10343800FFF7C6FD00BF1037BD4680BD0030005005
:1034480054830000D88300005C83000080B586B0F8
:1034580002AF78600B46FB707B681B0BFB73124A4C
:10346800FB7B03F5007352F8233003F00303012BB1
:103478000ED108210D4800F0D8FB21210C4800F09E
:10348800D4FB4FF4B67202210A4804F0B1F8FEE703
:10349800F97BFB780093002300220348FFF790FD97
:1034A80000BF1037BD4680BD003000505483000077
:1034B800108400005C83000080B582B000AF7860A3
:1034C8001621034800F0B1FB00BF0837BD4680BD98
:1034D8003484000080B500AFFFF7FEFD0346034AC1
:1034E80013600248FFF7E8FF00BF80BD38310020B5
:1034F80080B582B000AF78600C220449786807F084
:103508002EFE00BF0837BD4680BD00BF3831002001
:1035180080B483B000AF0C4BDB687B607B689BB2E8
:103528007B607B6823F008037B607B6843F0BF63A4
:1035380043F400337B60044A7B68D36000BF0C37D8
:10354800BD4680BC704700BF00ED00E080B584B088
:1035580000AF786039603B68002B21D027211248E2
:1035680000F063FB7A680C21104804F041F800234E
:10357800FB6011E00122FB6802FA03F31A463B687C
:103588001340002B05D0FB681A460621084804F0B2
:103598002FF8FB680133FB60FB681F2BEADD00E0B6
:1035A80000BF1037BD4680BD4C8400007484000005
:1035B8008084000080B483B000AF78603960064A28
:1035C8007B681360054A3B681360002318460C3774
:1035D800BD4680BC704700BF443100204831002000
:1035E80090B589B000AF7860544B1B687A6852690F
:1035F8005A62524B1B687A6892699A624F4B1B68F1
:103608007A68D269DA624D4B1B687A68126A1A6363
:103618004A4B1B687A68526A5A63484B1B687A6837
:10362800926A9A63454B1B687A68D26ADA63434B9D
:103638001B687A68126B1A64404B1B687A68526B75
:103648005A603E4B1B687A68926B9A603B4B1B68CA
:103658007A68D26BDA60394B1B687A68126C1A6127
:10366800364B1B687A68526C5A61344B1B687A680F
:10367800926C9A61314B1B687A68D26CDA612F4B75
:103688001B687A68126D1A622C4B1B687A68926DF7
:103698005A652A4B1B687A68D26D9A65274B1B6856
:1036A8007A68126FDA65254B1B687A68126E1A669B
:1036B800224B1B687A68926E5A66204B1B687A68A0
:1036C800526F9A661D4B1B68EFF388827A617A699C
:1036D8005A641A4B1B68EFF38982BA61BA699A6413
:1036E800164B1B687A685268DA64144B1B68EFF350
:1036F8009482FA61FA691A65104B1B687A68126835
:103708001A6707F108031846FFF7F2FE0B4B1B6810
:10371800BA68DA66094B1B6801221A70084B1B68E5
:103728001C4664086400204621462246234607F0CA
:10373800C2FE00BF2437BD4690BD00BF4431002003
:103748004831002080B5A0B000AF3B461846FDF7D1
:1037580093FC7B68002B14BF0123002387F87F307C
:1037680097F87F3083F00103DBB2002B15D17B681B
:10377800184601F078FE0346002B0ED13B68052B56
:1037880001D0072B0BD100BF074B1B68002B07D0BC
:103798003B461846FFF724FF02E000BF00E000BFE9
:1037A8008037BD4680BD00BF4831002080B400AFDF
:1037B800BFF34F8F00BF064BDB6803F4E062044998
:1037C800044B1343CB60BFF34F8F00BF00BFFDE72F
:1037D80000ED00E00400FA0580B584B000AFF860A1
:1037E800B9607A60FB68042B24D801A252F823F050
:1037F8000D38000019380000253800003D38000059
:10380800313800007968B86800F068F8034612E0BB
:103818007968B86800F0D4F803460CE07968B868AD
:1038280001F034FF034606E07968B86801F031FE1C
:10383800034600E0032318461037BD4680BD00BF8D
:1038480080B584B000AF78607B681B68184601F0CB
:1038580096FE034683F00103DBB2002B0ED008214D
:10386800194800F0E2F91921184800F0DEF940F291
:10387800CA320221164803F0BBFEFEE70023FB60B4
:10388800786801F0AAFE0346002B02D0012B03D072
:1038980005E0104BFB6011E00F4BFB600EE00821C8
:1038A800094800F0C2F91921084800F0BEF940F2B1
:1038B800D3320221064803F09BFEFEE7FB68184658
:1038C8001037BD4680BD00BFC0840000CC84000016
:1038D800C8840000002584500028845080B58CB02E
:1038E80000AF7860396001237B6206233B627B6806
:1038F8005B680C2B03D13B685B68042B01D0022367
:1039080058E07B681B68FB613B681B68BB61BB694F
:103918004FF0FF321A600223FB62FB691B68002B21
:1039280003D0FB699B68002B01D1022342E0FB69AD
:103938001B681946FB699A683B6A786A04F076FA4C
:1039480078617B69002B01D0022333E00023BB623E
:103958002CE01A4ABB6A52F833303B61174ABB6AFB
:10396800DB0013445B68FB60FB695B683A699A4259
:1039780019D8FB695A68FB699B681A443969FB685E
:103988000B449A420FD8FB691868FB695B681946B3
:10399800FB699B681A4607F0E2FBBB6900221A60C4
:1039A8000023FB6205E0BB6A0133BB62BB6A042BE0
:1039B800CFD9FB6A18463037BD4680BD88840000E1
:1039C80080B48FB000AF786039607B685B680C2B7F
:1039D80003D13B685B68042B01D0022384E07B6839
:1039E8001B687B623B681B683B623B6A01221A606A
:1039F80002237B6300233B6372E03E4A3B6B1B015F
:103A080013441B68FB613B4A3B6B1B0113440433A3
:103A18001B68BB6100237B617B6A1B68FA699A4259
:103A28005BD13B6A02221A607B6A9B68BA699A4238
:103A380053D17B69002B36D02E4A3B6B1B011344B4
:103A480008331B68002B2ED0002387F82F30002363
:103A5800BB6219E0274A3B6B1B01134408331A6801
:103A6800BB6A9B0013441B683B617B6A5A687B6A8C
:103A78009B6813403A699A4203D1012387F82F3093
:103A880006E0BB6A0133BB62BB6A7A699A42E1D835
:103A980097F82F3083F00103DBB2002B03D03B6A89
:103AA80003221A601FE0FB691B68FB607B6A9B6846
:103AB800DB43FA681340FB607B6A5A687B6A9B6841
:103AC8001340FA681343FB60FB69FA681A603B6AA3
:103AD80000221A6000237B6305E03B6B01333B63E4
:103AE8003B6B002B89D07B6B18463C37BD4680BCAE
:103AF800704700BFB084000080B483B000AF786026
:103B08007B689B0903F00103002B14BF01230023EA
:103B1800DBB218460C37BD4680BC704780B483B012
:103B280000AF78607B6803F00803002B14BF012303
:103B38000023DBB218460C37BD4680BC704780B501
:103B480084B000AF78607868FFF7D6FF0346002B93
:103B580011D07B6803F00403002B07D07868FFF7C7
:103B6800DDFF0346002B01D0012300E0002303F012
:103B78000103DBB219E0EFF39483BB60BB6803F089
:103B88000203002B14BF01230023FB73FB7B002BD4
:103B980007D07868FFF7C2FF0346002B01D0012346
:103BA80000E0002303F00103DBB218461037BD46DE
:103BB80080BD80B588B000AFF860B9607A60F868F9
:103BC800FFF7BDFF0346FB77F868FFF795FF03464D
:103BD800002B06D0FB7F002B01D07B680DE0BB6873
:103BE8000BE0FB7F002B04D0EFF38983BB61BB693B
:103BF80003E0EFF388837B617B6918462037BD4675
:103C080080BD80B582B000AF03463960FB713B6868
:103C18005B681846FFF770FF3B685B681846FFF75C
:103C28007DFF00BF0837BD4680BD80B582B000AFBC
:103C38007860396039687868FDF7AEFA0346184647
:103C48000837BD4680BD80B483B000AF78607B681C
:103C580003F06043B3F1005F0CBF01230023DBB224
:103C680018460C37BD4680BC704780B483B000AF9F
:103C7800786039603B685A783B689B781343DBB2BD
:103C88001A463B689B8813433A6812781A437B6844
:103C9800C3F86C2500BF0C37BD4680BC704780B4A4
:103CA80083B000AF786039607B683A68C3F8242530
:103CB80000BF0C37BD4680BC704780B400AF0023FE
:103CC80043F001031846BD4680BC704780B582B0FA
:103CD80000AF78607B681846FEF702F97B6800221F
:103CE80083F82420002318460837BD4680BD80B4D9
:103CF80083B000AF03463960FB71FB79022B01D119
:103D0800002301E06FF0030318460C37BD4680BC62
:103D1800704780B485B000AFF860B9607A606FF022
:103D2800030318461437BD4680BC704780B483B07F
:103D380000AF78607B681B6918460C37BD4680BCAD
:103D4800704780B483B000AF78607B685B691846C1
:103D58000C37BD4680BC704780B483B000AF0023E9
:103D68007B607B6818460C37BD4680BC704780B4C2
:103D780083B000AF0346FB716FF0030318460C379E
:103D8800BD4680BC704780B483B000AF00237B6021
:103D98007B6818460C37BD4680BC704780B483B03A
:103DA80000AF78607B681B0B5BB218460C37BD46CA
:103DB80080BC704780B483B000AF78607B681B68B4
:103DC80000BF0C37BD4680BC704780B400AF00BF51
:103DD800BD4680BC704780B400AF00BFBD4680BC04
:103DE800704780B400AF00BFBD4680BC704780B448
:103DF80083B000AF786039603B6803F06043B3F18B
:103E0800005F0CBF01230023DBB218460C37BD4608
:103E180080BC704780B483B000AF786039607A683E
:103E28003B6813441B68002B14BF01230023DBB23B
:103E380018460C37BD4680BC704780B582B000AFCD
:103E480078600B467B807B887A68134400221A606E
:103E58007B887A6813441846FFF7ACFF00BF083721
:103E6800BD4680BD80B582B000AF78600B467B80D0
:103E78007B8819467868FFF7CDFF03461846083750
:103E8800BD4680BD80B483B000AF786039607B6880
:103E9800D3F800223B68134018460C37BD4680BC57
:103EA800704780B483B000AF786039607B68D3F81E
:103EB80000223B681A437B68C3F8002200BF0C3716
:103EC800BD4680BC704780B483B000AF786039606D
:103ED8007B68D3F800223B68DB431A407B68C3F851
:103EE800002200BF0C37BD4680BC704780B483B049
:103EF80000AF786039607B683A68C3F8042300BF74
:103F08000C37BD4680BC704780B483B000AF786082
:103F180039607B68D3F804233B68134018460C3794
:103F2800BD4680BC704780B483B000AF786039600C
:103F38007B683A68C3F8082300BF0C37BD4680BCCD
:103F4800704780B483B000AF78607B68D3F8803462
:103F580018460C37BD4680BC704780B483B000AFAC
:103F6800786039607B683A68C3F8802400BF0C37F2
:103F7800BD4680BC704780B483B000AF78607B6872
:103F88000822C3F8002500BF0C37BD4680BC704727
:103F980080B483B000AF78607B680022C3F8002546
:103FA80000BF0C37BD4680BC704780B483B000AFFB
:103FB80078607B68D3F80035082B0CBF01230023F9
:103FC800DBB218460C37BD4680BC704780B485B05C
:103FD80000AFF860B9607A60FB68BA68C3F80C256E
:103FE800FB687A68C3F8142500BF1437BD4680BC47
:103FF800704780B582B000AF78604FF0FF324FF065
:10400800FF317868FFF7E2FF00BF0837BD4680BD83
:1040180080B483B000AF78607B68D3F80C3518465D
:104028000C37BD4680BC704780B483B000AF786061
:104038007B68D3F8143518460C37BD4680BC7047EA
:1040480080B483B000AF78607B68D3F80835184631
:104058000C37BD4680BC704780B483B000AF786031
:104068007B68D3F8103518460C37BD4680BC7047BE
:1040780080B485B000AFF860B9607A60FB68BA6850
:10408800C3F80825FB687A68C3F8102500BF143701
:10409800BD4680BC704780B582B000AF78604FF0F5
:1040A800FF324FF0FF317868FFF7E2FF00BF0837B3
:1040B800BD4680BD80B483B000AF78600B46FB700E
:1040C800FB787A68134401221A6000BF0C37BD469A
:1040D80080BC704780B483B000AF786039603B68BB
:1040E8005A783B689B781343DBB21A463B689B8837
:1040F80013433A6812781A437B68C3F86C2500BFEB
:104108000C37BD4680BC704780B483B000AF786080
:1041180039607B683A68C3F8242500BF0C37BD4670
:1041280080BC704780B483B000AF786039607B682A
:104138003A68C3F8482500BF0C37BD4680BC7047B5
:1041480080B483B000AF786039603A687B68C3F8A0
:10415800442500BF0C37BD4680BC704780B584B08D
:1041680000AFF860B9607A60B968F868FFF7E8FFEF
:104178007968F868FFF7D6FF00BF1037BD4680BDE5
:1041880080B483B000AF78607B68D3F844351846B4
:104198000C37BD4680BC704780B483B000AF7860F0
:1041A8007B68D3F84C3518460C37BD4680BC704741
:1041B80080B483B000AF786039607B683A68C3F830
:1041C800382500BF0C37BD4680BC704780B483B02B
:1041D80000AF786039603A687B68C3F8342500BF5F
:1041E8000C37BD4680BC704780B584B000AFF8601E
:1041F800B9607A60B968F868FFF7E8FF7968F86825
:10420800FFF7D6FF00BF1037BD4680BD80B483B02E
:1042180000AF78607B68D3F83C3518460C37BD464C
:1042280080BC704780B582B000AF786039603B6869
:104238001B6919467868FFF767FF3B68143319460E
:104248007868FFF747FF3B689B7E83F00103DBB28A
:10425800002B07D03B6819683B685B681A4678688A
:10426800FFF7B4FE3B681B7D012B0ED13B689B7E9C
:1042780083F00103DBB2002B07D03B6899683B68E9
:10428800DB681A467868FFF7F3FEFFF79EFD00BF6C
:104298000837BD4680BD80B584B000AFF860B9600E
:1042A80011461A460B46FB711346BB714FF48072D8
:1042B800B968F86800F0D7F94FF48272B968F868FD
:1042C80000F0D1F94FF48472B968F86800F0CBF9BE
:1042D8004FF48872B968F86800F0C5F94FF48E7227
:1042E800B968F86800F0BFF94FF49072B968F868D7
:1042F80000F0B9F94FF49272B968F86800F0B3F9B0
:104308004FF4A272B968F86800F0ADF94FF4A672DC
:10431800B968F86800F0A7F94FF4A872B968F868A6
:1043280000F0A1F94FF4AC72B968F86800F09BF995
:10433800FFF74BFDF868FFF731FD03461A46FB7996
:1043480019461046FDF72EFBF868FFF727FD0346D0
:104358001846FDF7E7FABB79002B03D0B968F8686F
:10436800FFF7C4FDFFF731FD00BF1037BD4680BD24
:1043780080B582B000AF78607868FFF70FFD03461C
:104388001846FDF7EBFAFFF720FD00BF0837BD46DA
:1043980080BD80B582B000AF78603960FFF721FD3D
:1043A8007868FFF735FE02463B681A607868FFF7C1
:1043B8003BFE02463B685A607868FFF741FE0246BA
:1043C8003B689A607868FFF747FE02463B68DA6008
:1043D800FFF701FD00BF0837BD4680BD80B582B03C
:1043E80000AF78607868FFF704FE7868FFF753FE3F
:1043F800FFF7EBFC00BF0837BD4680BD80B582B033
:1044080000AF78600B467B807B8819467868FFF799
:1044180014FDFFF7DAFC00BF0837BD4680BD80B544
:1044280084B000AF78600B467B80FFF7D4FC7B88B4
:1044380019467868FFF716FD0346FB73FFF7CBFCB8
:10444800FB7B18461037BD4680BD80B584B000AFF1
:1044580078603960FFF7C5FC39687868FFF712FDA6
:10446800F860FFF7B8FCFB6818461037BD4680BDFA
:1044780080B582B000AF7860396039687868FFF736
:1044880010FDFFF7A2FC00BF0837BD4680BD80B510
:1044980082B000AF7860396039687868FFF713FD3B
:1044A800FFF793FC00BF0837BD4680BD80B582B0DA
:1044B80000AF7860396039687868FFF717FDFFF753
:1044C80084FC00BF0837BD4680BD80B584B000AF0E
:1044D80078603960FFF785FC39687868FFF714FD64
:1044E800F860FFF778FCFB6818461037BD4680BDBA
:1044F80080B582B000AF7860396039687868FFF7B6
:1045080012FDFFF762FC00BF0837BD4680BD80B5CD
:1045180084B000AF7860FFF764FC7868FFF711FD9E
:10452800F860FFF75EFCF9687868FFF716FDFFF79B
:1045380058FCFB6818461037BD4680BD80B582B070
:1045480000AF78607868FFF716FDFFF73EFC00BF04
:104558000837BD4680BD80B582B000AF7860786806
:10456800FFF716FDFFF731FC00BF0837BD4680BDD9
:1045780080B584B000AF7860FFF733FC7868FFF748
:1045880014FD0346FB73FFF726FCFB7B1846103728
:10459800BD4680BD80B582B000AF78600B46FB7029
:1045A800FB7819467868FFF785FDFFF70EFC00BF1A
:1045B8000837BD4680BD80B584B000AFF860B960EB
:1045C8007A60BB68002B06D07A68B968F868FFF78C
:1045D800C5FDFFF7FAFB00BF1037BD4680BD80B5AB
:1045E80084B000AF7860FFF7F6FB7868FFF7C8FD86
:1045F800F860FFF7F0FBFB6818461037BD4680BD32
:1046080080B584B000AF7860FFF7E5FB7868FFF706
:10461800C3FDF860FFF7DFFBFB6818461037BD469F
:1046280080BD80B584B000AFF860B9607A607A6800
:10463800B968F868FFF7D8FDFFF7C7FB00BF103768
:10464800BD4680BD80B584B000AF7860FFF7C3FB7E
:104658007868FFF7DBFDF860FFF7BDFBFB681846DD
:104668001037BD4680BD80B584B000AFF860B96032
:104678001346FB80FB88A3F580739B0801229A40B0
:10468800BB681340002B04D0FB881946F868FFF775
:10469800D4FB00BF1037BD4680BD80B584B002AFE3
:1046A8007860002301930023009300230122012155
:1046B8007868FDF713FA00BF0837BD4680BD80B59E
:1046C80084B002AF78600B46FB70FB780022019241
:1046D80000220092002200217868FDF7FFF900BF50
:1046E8000837BD4680BD80B584B002AF786000232E
:1046F8000193002300930023012200217868FDF72D
:10470800EDF900BF0837BD4680BD80B584B000AF65
:1047180078603B1D1846FDF793F9F8607B68012225
:1047280002FA03F31946F86800F004F800BF1037DE
:10473800BD4680BD80B483B000AF786039607B68C7
:104748003A689A6000BF0C37BD4680BC704780B499
:1047580085B000AF78607B685B09BB600023FB60B5
:10476800BB68002B03D0BB68012B04D007E04FF0D7
:10477800FF33FB6005E04FF6FF73FB6001E00023A9
:104788000EE07B6803F01F037B60FA687B6822FAFF
:1047980003F303F00103002B14BF01230023DBB252
:1047A80018461437BD4680BC704780B485B000AF4A
:1047B80078607B681B68FB60FB6803F01F027B68FE
:1047C8001A60FB685B0918461437BD4680BC704701
:1047D80080B582B000AF78607868FFF75EFFFFF7BA
:1047E800F4FA00BF0837BD4680BD80B582B000AF7F
:1047F80078600B46FB70FB7819467868FFF75FFF17
:10480800FFF7E3FA00BF0837BD4680BD80B582B028
:1048180000AF78607868FFF766FFFFF7D6FA00BF49
:104828000837BD4680BD80B582B000AF7860786833
:10483800FFF76BFFFFF7C9FA00BF0837BD4680BD19
:1048480080B586B000AF78607B681B6803F264535C
:10485800FB607B681B6803F5AD63BB60BB681B68C6
:10486800012B05D17B681B680C211846FFF792FEC7
:10487800FB681B68012B29D17B681B681846FFF76A
:104888005DFE7B681B6804211846FFF783FE002342
:10489800FB7549F640433B61FB681B68002B02D15E
:1048A8000123FB7508E00120FDF7A6F83B69013BF1
:1048B8003B613B69002BEFD17B681B681846FFF70B
:1048C80026FE7B681B681846FFF745FE00BF1837B1
:1048D800BD4680BD80B584B000AF78604FF0FF3131
:1048E8007868FFF7F2FDF860F9687868FFF700FE6E
:1048F800FB6818461037BD4680BD80B582B000AF52
:104908007860396039687868FFF7D0FD00BF0837EC
:10491800BD4680BD80B582B000AF78600B46FB70A5
:104928004FF4AC717868FFF77AFD0346002B0DD180
:10493800FB7883F00103DBB2002B09D04FF49071B0
:104948007868FFF76CFD0346002B01D0012300E0D7
:10495800002303F00103DBB218460837BD4680BDCB
:1049680080B584B000AF78604FF4A6717868FFF71F
:1049780056FD0346002B3AD07868FFF7DFFD042187
:104988007868FFF707FE0023FB736423BB604FF4CE
:10499800A2717868FFF743FD0346002B07D14FF457
:1049A80092717868FFF73BFD0346002B02D0012384
:1049B800FB7308E00A20FDF71FF8BB68013BBB60EA
:1049C800BB68002BE3D14FF4A6717868FFF716FD9A
:1049D8004FF488717868FFF711FD4FF4A271786879
:1049E800FFF70CFD7868FFF7B6FDFB7B00E00123BD
:1049F80018461037BD4680BD80B586B000AF7860D8
:104A08000B46FB700023FB737868FFF797FD07F1EF
:104A18000F03002219467868FFF7CDFD0821786852
:104A2800FFF7B8FD0C217868FFF7B4FD0023FB758C
:104A38000A233B6101217868FFF76CFF0346002BCE
:104A480002D00123FB7508E00120FCF7D5FF3B6984
:104A5800013B3B613B69002BECD1FB7D83F00103FB
:104A6800DBB2002B01D0002308E04FF49071786886
:104A7800FFF7C4FC7868FFF76EFD01231846183766
:104A8800BD4680BD80B584B000AFF860B9607A607B
:104A9800FB707A68B968F868FFF78DFD4FF490717C
:104AA800F868FFF7ABFC4FF4AC71F868FFF7A6FCA9
:104AB8004FF4A871F868FFF7A1FCF868FFF73EFD0E
:104AC800FB78002B04D04FF48001F868FFF7EEFC68
:104AD8000821F868FFF75EFD00BF1037BD4680BDAE
:104AE80080B483B000AF78607B68DB6C1B0B03F08D
:104AF8000103002B14BF01230023DBB218460C3737
:104B0800BD4680BC704780B582B000AF7860396020
:104B18004FF4AC717868FFF782FC0346002B0BD08A
:104B28003868FFF7DDFF034683F00103DBB2002B93
:104B380002D07868FFF70FFD00BF0837BD4680BD7B
:104B480080B584B000AF786039603B68DB6C03F0F7
:104B58000103002B14BF01230023BB730123FB7344
:104B680000BFBB7B19467868FFF7D4FE034683F085
:104B78000103DBB2002BF4D1FEF7CEF8BB7B83F048
:104B88000103DBB2002B1AD04FF490717868FFF75D
:104B980046FC0346002B0FD00C217868FFF7FAFC7F
:104BA80000BF01217868FFF7B5FE034683F00103D3
:104BB800DBB2002BF5D10FE00023FB730CE04FF4C0
:104BC800AC717868FFF72BFC034683F00103DBB276
:104BD800002B01D00023FB73FB7B002B03D039682B
:104BE8007868FFF790FFFEF7A7F800BF1037BD46BB
:104BF80080BD80B588B000AFF860B9601346FB711E
:104C0800BB68DB6C03F00103002B14BF01230023F6
:104C1800DBB21946F868FFF77DFE034683F001030F
:104C2800DBB2002B0DD0BB68DB6C43F004031A46E3
:104C3800BB68DA644FF48001F868FFF737FC00239B
:104C48002FE0FB79002B1BD0BB68DA6ABB681B6CB2
:104C5800D21ABB68DB6B934228BF13467B61BB68E3
:104C6800986BBB689A6ABB681B6C13447A691946CF
:104C780006F075FABB689B6BFB617B69BB6105E05D
:104C8800BB689B6AFB61BB68DB6ABB61BB684FF0B2
:104C9800FF325A640123BA69F969F868FFF7F2FE2E
:104CA800012318462037BD4680BD80B586B000AFC9
:104CB80078600B46FB7007F1080300221A605A60FF
:104CC8009A60DA60FB783B727B685B687A68116887
:104CD80007F108021046984700BF1837BD4680BD47
:104CE80080B586B000AF7860396007F1080300220C
:104CF8001A605A609A60DA6004233B723B68FB6072
:104D08007B685B687A68116807F108021046984763
:104D180000BF1837BD4680BD80B588B000AFF860C9
:104D2800B9607A6007F1100300221A605A609A602D
:104D3800DA6001233B74BB687B617B68BB61FB68FD
:104D48005B68FA68116807F110021046984700BFBF
:104D58002037BD4680BD80B483B000AF78607B68E3
:104D68004C33D3E8EF1F21F47F0121F47041C3E8ED
:104D7800E21F002AF5D100BF0C37BD4680BC704742
:104D880080B582B000AF78604FF4AC717868FFF7F7
:104D980046FB034683F00103DBB2002B07D14FF437
:104DA80080017868FFF791FB0346002B01D00123AF
:104DB80000E0002303F00103DBB218460837BD46C4
:104DC80080BD80B582B000AF7860FDF7A5FF786838
:104DD800FFF7D6FF034683F00103DBB2002B02D0B6
:104DE8007868FFF7B8FBFDF7A7FF00BF0837BD4697
:104DF80080BD80B58CB000AFF860B9607A60FB7098
:104E0800002387F82F30FB681B6ABB6297F82F30A6
:104E180083F00103DBB2002B05D07A68B968F86823
:104E2800FFF77AFF49E0BB6A1B68002B44D0BB6AD6
:104E38001A68BB6A9B6A13447A68B968184606F010
:104E48008EF9BB6A9A6A7B681A44BB6A9A62BB6A23
:104E58005A68BB6A9B6A9A420CBF0123002387F8F1
:104E6800273097F82730002B02D1FB78002B24D06D
:104E7800BB6A1B683B62BB6A9B6AFB61BB6A002218
:104E88009A62BA6ABB6A083393E8030082E80300AF
:104E9800BB6A00229A60BB6A0022DA60BB6A5B6860
:104EA800002B03D0BB6A012283F82D20FA69396AE6
:104EB800F868FFF731FF00E000BF3037BD4680BD1E
:104EC80080B586B000AF786039603B68DB69002B3D
:104ED80001D101236EE03B68DA693B68DB689A42DE
:104EE8004DD33B689B687B613B68DB683B613B68F3
:104EF80000229A603B680022DA603B689B693A6945
:104F08001946786906F02BF93B68DA693B69D21AC9
:104F18003B68DA613B6898693B689A693B69D118D4
:104F28003B68DB691A4606F0FFF83B685B68002BB4
:104F380023D03B68DB6C03F40053002B14BF012320
:104F48000023FB73FB7B002B09D03B684C33D3E871
:104F5800EF1F41F48021C3E8E21F002AF7D10023A4
:104F68003A6979693868FFF744FFFB7B002B04D066
:104F7800002239687868FDF7A3FA00231AE03B6835
:104F880098683B6899693B68DB691A4606F0E7F858
:104F98003B68DA693B685A623B680022DA613B6821
:104FA8004C33D3E8EF1F41F40021C3E8E21F002A85
:104FB800F7D1012318461837BD4680BD80B582B0A9
:104FC80000AF786039603B68DB6C03F40043002B6A
:104FD80003D13B680022DA613AE04FF4A6717868A1
:104FE800FFF70CFA3B689B69052219467868FFF7BA
:104FF80018FB4FF488717868FFF700FA2C2178685D
:10500800FFF7C8FA00BF4FF488717868FFF707FA0E
:10501800034683F00103DBB2002BF4D14FF488710F
:105028007868FFF7EBF94FF4A6717868FFF7F7F99E
:105038000346002B04D07868FFF704FB034600E022
:1050480000233A68D3614FF4A6717868FFF7D6F960
:105058000837BD4680BD80B582B000AF7860396042
:1050680000BF4FF4A2717868FFF7D9F9034683F0BF
:105078000103DBB2002BF4D14FF4A6717868FFF777
:10508800BDF94FF488717868FFF7B8F94FF4A27149
:105098007868FFF7B3F939687868FFF78FFF7868A1
:1050A800FFF78FFE3B6800229A603B6800221A6176
:1050B8003868FFF750FE00BF0837BD4680BD80B492
:1050C80089B000AF786039607B681B68FB6100239A
:1050D800FB763B685B6803F01F03002B01D00123BC
:1050E80054E0FB691B681B0ADBB27B613B681B68E9
:1050F8007A699A4201D8012348E0FB695B683B6101
:10510800FB6900225A603B681B68DAB2FB699A6047
:105118003B685B6823F01F03FB603B689B7CDB00FC
:1051280003F01803FA681343FB603B685B7C5B0081
:1051380003F00603FA681343FB603B681B7C03F02B
:105148000103FA681343FB60FB69FA68DA603B689D
:105158009B68013B23F01F03BB603B68DB685B0077
:1051680003F00E03BA681343BB60BB6843F0010346
:10517800BB60FB69BA681A61FB693A695A60BFF398
:105188004F8F00BFBFF36F8F00BFFB7E18462437D9
:10519800BD4680BC704780B487B000AF7860396086
:1051A8007B681B687B610023FB747B695B68FB6021
:1051B8007B6900225A603B68DAB27B699A607B6936
:1051C8000022DA607B6900221A617B69FA685A60FA
:1051D800FB7C18461C37BD4680BC704780B586B03E
:1051E80000AF78607B681B683B613B691B681B0AE2
:1051F800DBB2FB6000237B6106E079697868FFF722
:10520800CAFF7B6901337B617A69FB689A42F4D3F0
:10521800002318461837BD4680BD80B483B000AF60
:1052280078607B681B6800BF0C37BD4680BC704740
:1052380080B483B000AF786039607A683B68134403
:105248001B68002B14BF01230023DBB218460C3760
:10525800BD4680BC704780B582B000AF78600B4611
:105268007B807B887A68134400221A607B887A687E
:1052780013441846FFF7D1FF00BF0837BD4680BD6D
:1052880080B582B000AF78600B467B807B8819467A
:105298007868FFF7CDFF034618460837BD4680BD3E
:1052A80080B483B000AF786039607B683A68C3F82F
:1052B800042300BF0C37BD4680BC704780B485B05E
:1052C80000AF78600B46FB700023FB73FB7B18462E
:1052D8001437BD4680BC704780B483B000AF786097
:1052E8007B689B0318460C37BD4680BC704780B46A
:1052F80083B000AF78607B6801339B03013B18469D
:105308000C37BD4680BC704780B400AF00231846F8
:10531800BD4680BC704780B400AF3F231846BD46E9
:1053280080BC704780B400AF4FF480431846BD4638
:1053380080BC704780B483B000AF78607B6803F5A9
:105348007F43C0335B0318460C37BD4680BC7047AB
:1053580080B483B000AF78607B6803F57F43C133C6
:105368005B03013B18460C37BD4680BC704780B4D0
:1053780000AF40231846BD4680BC704780B400AFDC
:105388007F231846BD4680BC704780B400AF4FF4F9
:1053980000531846BD4680BC704780B582B000AF48
:1053A80000237B6003F062FF78607B68002B02D0EB
:1053B80045F2235300E0002318460837BD4680BD58
:1053C80080B500AF03210120FEF7C0F800BF80BD03
:1053D80080B582B000AF02F0CAFD78607B68002B10
:1053E80001D07B680CE0FFF7D8FF78607B68002B62
:1053F80001D07B6804E0FEF78BF8FFF7E1FF00239C
:1054080018460837BD4680BD80B400AF0023184653
:10541800BD4680BC704780B500AFFEF793F972B601
:1054280000BF20BFFDE780B483B000AF78607B6821
:10543800002B02D14AF2C53303E07B6800221A70C0
:10544800002318460C37BD4680BC704780B400AFB7
:1054580000231846BD4680BC704780B400AF00BF2B
:10546800BD4680BC704780B483B000AF78607B686D
:105478009B0903F00103002B14BF01230023DBB2B7
:1054880018460C37BD4680BC704780B500AFFEF7A4
:105498008DF980B588B000AF786039602623FB614C
:1054A8002323BB6101237B617B685B68082B03D1E5
:1054B8003B685B68042B01D002233CE07B681B68D7
:1054C8003B613B681B68FB60FB684FF0FF321A606A
:1054D8003B691B68002B03D03B695B68002B01D13B
:1054E800022328E03B691B681946FB697422786926
:1054F80002F09CFCB860BB68002B01D002231AE0C4
:105508003B695B681946BB690422786902F08EFC26
:10551800B860BB68002B01D002230CE03B691A6815
:105528003B695B6819461046FEF744F803461A467D
:10553800FB681A60002318462037BD4680BD80B539
:1055480084B000AF78600B46FB703B1D1846FEF731
:1055580077F9F8607A68FB68803253F8223023F0D4
:10556800E043BB60FB7819077A68BB681943FB689E
:10557800803243F8221000BF1037BD4680BD80B48A
:1055880085B000AF78607B685B09BB600023FB6077
:10559800BB68002B03D0BB68012B04D007E04FF099
:1055A800FF33FB6005E04FF6FF73FB6001E000236B
:1055B8000EE07B6803F01F037B60FA687B6822FAC1
:1055C80003F303F00103002B14BF01230023DBB214
:1055D80018461437BD4680BC704780B485B000AF0C
:1055E80078607B681B68FB60FB6803F01F027B68C0
:1055F8001A60FB685B0918461437BD4680BC7047C3
:1056080080B483B000AF78607B68072B8CBF012320
:105618000023DBB2002B0ED18B227B6822FA03F326
:1056280003F00103002B14BF01230023DBB2002B7E
:1056380001D0012300E0002318460C37BD4680BC8A
:10564800704780B582B000AF78607B685B681846A9
:10565800FFF795FF0346002B12D07B689B6818461E
:10566800FFF7CEFF0346002B0AD07B685A687B6899
:105678009B68DBB219461046FFF761FF002301E083
:105688004FF0FF3318460837BD4680BD80B584B05B
:1056980000AF786039607B685B680C2B03D13B688E
:1056A8005B68042B01D0022317E07B681B68FB6052
:1056B8003B681B68BB60BB684FF0FF321A60FB6831
:1056C8001B68002B08D1F868FFF7BBFF0246BB68D0
:1056D8001A6000BF002300E0032318461037BD46B8
:1056E80080BD000080B485B000AF786039600B23BE
:1056F800FB60FB685A1EFA601A463B6813440A228C
:105708001A70FB685A1EFA601A463B6813440D2249
:105718001A700EE07B6803F00F02FB6839680B44CF
:1057280010498A5C1A70FB68013BFB607B681B09A7
:105738007B60FB68012BEDDCFB685A1EFA601A4699
:105748003B68134478221A70FB685A1EFA601A469E
:105758003B68134430221A7000BF1437BD4680BC22
:10576800704700BFE884000080B584B000AF43F6FE
:105778005C23FB604FF0FF33BB60234802F065FAFF
:10578800B860BB68002B02D06FF0FC0337E0FFF76E
:105798001FFEB860BB68002B02D06FF0FC032EE040
:1057A80021211A48FEF741FAFFF72EFEF860FB6840
:1057B800002B02D06FF0FC0321E0FB1D1846FFF719
:1057C80032FEF860FB68002B02D06FF0FC0316E095
:1057D800FB79002B08D0FFF739FEF860FB68002B37
:1057E80002D06FF0FC030AE0FFF737FE02F027FA59
:1057F80035210748FEF719FA01F0A8FD00231846DD
:105808001037BD4680BD00BFF02A0020F884000094
:105818001C85000080B582B000AF4FF0FF337B607D
:105828000A4B184601F015FFFFF79EFF78607B686A
:10583800002B01D001F0D6FE01F00CF800F0E2F9DF
:10584800002318460837BD4680BD00BF000400206D
:1058580080B485B000AF78600023FB60134B5B68B1
:10586800BB601AE0BB681B685B687A689A420FD114
:10587800FB68002B0AD0BB689A68FB689A600B4BE0
:105888005A68BB689A60094ABB685360BB6808E0FD
:10589800BB68FB60FB689B68BB60BB68002BE1D101
:1058A800002318461437BD4680BC7047F42A0020F0
:1058B80080B582B000AF786039607B68002B0DD16D
:1058C80008211A48FEF7B1F91D211948FEF7ADF96C
:1058D8009B220221174801F08BFEFEE77B681B68BC
:1058E8009B6803F48063002B03D0B3F5806F09D065
:1058F80011E07B681B68DB683A689A420ED96FF042
:10590800FA030FE07B681B68DB683A689A4207D0A5
:105918006FF0FA0306E06FF0FA0303E000BF00E05F
:1059280000BF002318460837BD4680BD54850000D7
:10593800608500005C85000080B588B000AFF86025
:10594800B9601346FB710023BB61BB68002B0DD106
:1059580008212548FEF769F91C212448FEF765F956
:10596800B6220221224801F043FEFEE7FB79002B14
:1059780009D0BB681B689B6803F48073002B2DD18A
:105988006FF0FC032BE01B4B1B68BB61BB69002B52
:1059980001D101F027FEBB691B6838337B61002306
:1059A800FB610AE0FB699B007A6913441B68FA688B
:1059B8009A4209D0FB690133FB61BB691B689A698C
:1059C800FB699A42EED800E000BFBB691B689A6980
:1059D800FB699A4202D16FF0FC0300E000231846ED
:1059E8002037BD4680BD00BF54850000808500007B
:1059F8005C850000842B002080B58CB000AFF86077
:105A0800B9607A6000237B6100F0E0F8034687F80C
:105A18002F30FB68002B0DD108213348FEF705F91C
:105A280018213248FEF701F9DB220221304801F043
:105A3800DFFDFEE7BB68002B02D16FF080034FE06B
:105A4800BB6803F08043002B48D0BB6803F01F03FA
:105A5800BB62284ABB6A52F823307B627B6A002B00
:105A680002D16FF080033BE07B6A1B685B683B6296
:105A780097F82F301A46796A386AFFF75DFF0346B0
:105A8800002B02D06FF081032AE0BB681B12DBB247
:105A9800FB61F969786AFFF70BFF0346002B02D018
:105AA8006FF080031CE001F0E3FD03467B6102F028
:105AB800B5F8B8617B69184601F0E7FDBB69002BB2
:105AC80002D16FF082030BE07A68796AB86900F056
:105AD80013F8FB68BA691A60002301E06FF08003CD
:105AE80018463037BD4680BD548500009C850000AF
:105AF8005C850000FC2A002080B584B000AFF86007
:105B0800B9607A60FB68002B0ED108211E48FEF7A9
:105B18008CF819211D48FEF788F84FF4A472022169
:105B28001B4801F065FDFEE7BB68002B0ED108217C
:105B38001548FEF77AF819211448FEF776F840F26E
:105B480049120221124801F053FDFEE7FB680C33AD
:105B580030220021184605F048FBFB68BA689A60B5
:105B68000C4B1A68FB685A60FB687A685A61F868D7
:105B780002F02FF80246FB681A61FB6800221A60DF
:105B880000BF1037BD4680BD54850000B4850000B5
:105B98005C850000842B002080B483B000AF0A4BE2
:105BA8001B687B607B68002B07D07B681B68002B19
:105BB80003D07B681B685B6800E0002318460C373D
:105BC800BD4680BC704700BF842B002080B582B0E2
:105BD80000AF0B4B1B687B607B68002B01D101F089
:105BE80001FD7B681B689B6803F44063002B14BFAE
:105BF80001230023DBB218460837BD4680BD00BF2D
:105C0800842B002080B584B000AF4FF0FF33FB60D9
:105C180001F0FEFF194B00225A60194B00225A600E
:105C280000F07EFD154800F073F8B860BB68002BE3
:105C38001CD08023134A1249B86801F070FD7860BF
:105C4800B86801F010FEBB681A68BB6804331946CF
:105C5800104600F04BFEF860FB68002B01D001F005
:105C6800C1FC7968B86800F093FCDBE700BF00F07E
:105C7800BDFC034618461037BD4680BD7C2B00206E
:105C8800F42A0020FC2A002080B582B000AF0A4B1D
:105C98001B687B60084B1B682033074A1360064B60
:105CA8001A68064B1B689A4201D901F09BFC7B6875
:105CB80018460837BD4680BDF4210020F821002091
:105CC80080B584B000AF78600F4B1B68FB607B68C1
:105CD800002B01D1002313E07A6813465B001344BC
:105CE8009B001A46084B1B681344074A1360064B6F
:105CF8001A68064B1B689A4201D901F073FCFB68CD
:105D080018461037BD4680BDFC2100200022002027
:105D180080B586B000AF78607B68002B01D101F0B8
:105D280061FC624B1B6813F1310F07D85F4B1B688E
:105D380003F130025E4B1B689A4201D30023B1E0A5
:105D48005A4B1B683B61594B1B68D9433B6998699F
:105D58003B69DA6913469B00134418443B691A6A85
:105D680013465B00134418443B695A6A1346DB0028
:105D78009B1A03440E339B0099421CD33B699969D3
:105D88003B69DA6913469B00134419443B691A6A54
:105D980013465B00134419443B695A6A1346DB00F7
:105DA8009B1A0B440E339A00404B1B681A44404B15
:105DB8001B689A4201D901F015FC3B691B681B0C52
:105DC8001B043C4A934201D001F00CFC3B691B6860
:105DD8009BB2B3F5817F01D301F004FC3B695B689A
:105DE800002B01DA01F0FEFB3B699A6A3B69DB6A2A
:105DF8009A4201DD01F0F6FB3B699B6803F44063BE
:105E0800002B26D07B685B687B611FE07B691B6881
:105E18009B6803F44063002B14D07B691B689B6A62
:105E2800FB607B691B68DB6ABB603B69DB6AFA68FD
:105E38009A4208DC3B699B6ABA689A4203DB01F024
:105E4800D1FB00E000BF7B69DB697B617B69002BCC
:105E5800DCD1FFF719FF78617B693A691A603B6901
:105E680099693B69DA6913469B00134419443B69F5
:105E78001A6A13465B00134419443B695A6A13466D
:105E8800DB009B1A0B440E339A00084B1B68134423
:105E9800064A13607B685A687B69DA617B687A69AD
:105EA8005A607B6918461837BD4680BDEC21002032
:105EB800F021002000005F5F80B584B000AF7860FB
:105EC8000023FB6034E07A68FB680A339B001344C4
:105ED8005B68002B28D07B68DA6FFB68DB00134413
:105EE8001A687968FB6816339B000B445B689A4212
:105EF8000DD008211248FDF798FE19211148FDF729
:105F080094FED1220221104801F072FBFEE77B6863
:105F1800DA6FFB68DB001A447968FB681A339B0068
:105F28000B445B68536000E000BFFB680133FB6013
:105F3800FB68032BC7D900BF00BF1037BD4680BD23
:105F4800D0850000DC850000D885000080B59CB0B5
:105F580000AFF860B9607A603B604FF0FF333B6692
:105F680000237B66BB681B0E03F00703FB65BB6859
:105F78001B0C03F00703BB65984B1B687B65BB686C
:105F88001BB23B653B6D002B02DA6FF0800351E1D9
:105F9800FB683A6DDA60BB681BB21A46BB6893426D
:105FA80001D1002346E1BB6DDB43FA6D9A4204D868
:105FB800FA6DBB6D1344042B02D96FF0800339E1ED
:105FC800BB68002B01DA20237B667B6D58687968F3
:105FD800FB6DDA007B6E43F0020301F027FF3866A1
:105FE8003B6E002B02D06FF0800323E107F13003F2
:105FF80020220021184605F0F8F8FB6DDA0007F1B9
:1060080030037968184605F0AAF87B6D5868396836
:10601800BB6DDA007B6E43F0060301F007FF3866BC
:106028003B6E002B02D06FF0800303E107F11003F1
:1060380020220021184605F0D8F8BB6DDA0007F1D8
:1060480010033968184605F08AF80023FB663AE021
:10605800FB6E0133BB662FE0BB6EDB0070333B4445
:1060680053F8402CBB6EDB0070333B4453F83C3C88
:106078001A44FB6EDB0070333B4453F8403C9A42B1
:1060880017D9BB6EDB0070333B4453F8402CFB6ED2
:10609800DB0070333B4453F8401CFB6EDB0070336D
:1060A8003B4453F83C3C0B449A4202D26FF08003C5
:1060B800C0E0BB6E0133BB66BB6EFA6D9A42CBD8AB
:1060C800FB6E0133FB66FB6E01331A46FB6D934290
:1060D800BED8BB6803F00063002B01D020237B6689
:1060E800FB681C3310220021184605F07EF8FB6877
:1060F8002C3310220021184605F077F80023FB66A0
:106108003CE07B6D5868FB6EDB0070333B4453F812
:10611800403C1946FB6EDB0070333B4453F83C2C83
:106128007B6E43F0020301F081FE38663B6E002B64
:1061380002D06FF080037DE0FB6EDB0070333B44E0
:1061480053F83C2CF968FB6E06339B000B445A60ED
:10615800FB6EDB0070333B4453F8402CF968FB6E50
:106168000E339B000B445A60FA68FB6E12339B0097
:10617800134400225A60FB6E0133FB66FB6EFA6D16
:106188009A42BED87B6E202B09D1BB68002B06DB58
:10619800BB6803F40023002B01D100237B66002396
:1061A800FB663FE07B6D5868FB6EDB0070333B4459
:1061B80053F8603C1946FB6EDB0070333B4453F8E0
:1061C8005C2C7B6E43F0060301F030FE38663B6EB4
:1061D800002B05D06FF080032CE000BF842B00203B
:1061E800FB6EDB0070333B4453F85C2CF968FB6EA4
:1061F8000A339B000B445A60FB6EDB0070333B4450
:1062080053F8602CF968FB6E16339B000B445A60F8
:10621800FA68FB6E1A339B00134400225A60FB6E27
:106228000133FB66FB6EBA6D9A42BBD8FB683A68CD
:10623800DA67002318467037BD4680BD80B58AB03E
:1062480000AFF860B9607A603B6000237B62324B34
:106258001B683B624FF0FF33FB61F86801F021FADD
:1062680078627B6A002B01D101F0BCF97B6ADB689C
:10627800002B01DA01F0B6F9BB68032B01D901F054
:10628800B1F97A6ABB6806339B0013445A68796A85
:10629800BB6812339B000B445B68D31ABB61BB69B4
:1062A800002B01D1002333E03B6A58687968062344
:1062B8003A6801F0BBFDF861FB69002B01D001F0E1
:1062C80091F9BA693B68934228BF13467B617A6AA1
:1062D800BB680E339B0013445A68796ABB68123353
:1062E8009B000B445B6813447A691946786804F08C
:1062F80036FF7A6ABB6812339B0013445A687B697D
:106308001A44796ABB6812339B000B445A607B6954
:1063180018462837BD4680BD842B002080B588B03C
:1063280000AFF860B9607A603B600023FB612F4BD7
:106338001B68BB614FF0FF337B61F86801F0B1F96E
:10634800F861FB69002B01D101F04CF9FB69DB68AE
:10635800002B01DA01F046F9BB68032B01D901F0E3
:1063680041F9FA69BB680A339B0013445A68F96912
:10637800BB681A339B000B445B68D31A3A689A428D
:1063880001D901F02FF9BB695868796802233A6886
:1063980001F04CFD78617B69002B01D001F022F9F6
:1063A800FA69BB6816339B0013445A68F969BB68DD
:1063B8001A339B000B445B6813443A6879681846A3
:1063C80004F0CDFEFA69BB681A339B0013445A687F
:1063D8003B681A44F969BB681A339B000B445A603E
:1063E800002318462037BD4680BD00BF842B0020FF
:1063F80080B582B000AF78607B6803F00703002B9C
:106408000DD008210E48FDF710FC17210D48FDF7A7
:106418000CFC942202210C4801F0EAF8FEE77B68A4
:10642800083B7B607B68094A1A607B6804331A461C
:10643800064B13607B6818460837BD4680BD00BF11
:10644800F88500001886000000860000A5EDF5FE1E
:1064580080B584B000AF78607B68002B0DD07B6876
:106468009B68002B09D07B689B681B68002B04D0B5
:106478007B689B685B68002B02D16FF080032CE07F
:106488007B689B685B68FB60FB687A689A61154A61
:10649800FB681360FB685B69002B13D1FB681B6802
:1064A800DB68002B0BD0FB681B68DB680020984773
:1064B800B860BB68002B02DA6FF080030DE0FB6860
:1064C80001225A617B689B681B681B691A467B68B6
:1064D8000C3318469047B860BB6818461037BD465D
:1064E80080BD00BF842B002080B483B000AF7860EB
:1064F80039607B685B68044A13603B6818460C3750
:10650800BD4680BC704700BF842B002080B586B094
:1065180000AF78601C4B1B683B611C4B5B687B6160
:1065280027E07B691B689B6803F40073002B1AD172
:106538007B695B69012B18D0134A7B6913607B69FF
:106548001B68DB68002B0AD07B691B68DB680020AE
:106558009847F860FB68002B01DA01F043F87B6983
:1065680001225A6102E000BF00E000BF7B69DB69DD
:106578007B617B69002BD4D1034A3B6913607B683C
:1065880018461837BD4680BD842B00207C2B002080
:1065980080B584B000AF786039607B681B68FB60A9
:1065A8007B6800229A617B6800225A61FB689B68BD
:1065B80003F44063002B12D0FB689B6803F400636C
:1065C800002B09D07B681B689A6A7B681B68DB6AAA
:1065D8001946104600F060F8034A7B68136000BF54
:1065E8001037BD4680BD00BF842B002080B586B023
:1065F80000AF234B1B687B617B69002B0DD1082101
:106608002048FDF712FB13211F48FDF70EFB9C22C3
:1066180002211E4800F0ECFFFEE77B691B683B6126
:106628003B699B6803F44063002B01D100F0DAFF5B
:1066380000F0DAFA0346FB603B6930331A683B69BD
:106648001B69134423F007031846FFF7D1FEB8600F
:106658003B6930331B68073323F007037B60796895
:10666800B86801F04EFA0A493B69DA68094BF868DC
:1066780001F042FD002318461837BD4680BD00BF13
:10668800842B0020F88500000486000000860000A6
:1066980015650000F80B002080B483B000AF786067
:1066A8003960054A7B681360034A3B68536000BF42
:1066B8000C37BD4680BC7047882B002080B487B05B
:1066C80000AF786039603B68002B02D14FF0FF3390
:1066D8001EE07B68002B02DB4FF0FF3318E00F4B06
:1066E8001B687B610D4B5B683B617A693B69D31A18
:1066F800013BFB607A68FB689A4202DA4FF0FF338D
:1067080006E03B695A1C7B681A443B681A60002300
:1067180018461C37BD4680BC704700BF882B002038
:1067280090B583B000AF084C00F048FA0346A36068
:1067380000F04EFA03467B607B6883F3888800BFCD
:1067480000BF0C37BD4690BD00ED02E080B582B0B9
:1067580000AF78607B68002B0DD108210A48FDF74F
:1067680064FA14210948FDF760FA612202210848F9
:1067780000F03EFFFEE77B6803221A6001F01AFA78
:1067880000BF0837BD4680BD308600003C8600004B
:106798003886000080B483B000AF03463960FB71CF
:1067A80097F90730002B0ADB3B68DAB20C4997F9F6
:1067B80007305201D2B20B4483F800230AE03B6849
:1067C800DAB20849FB7903F00F03043B5201D2B255
:1067D8000B441A7600BF0C37BD4680BC704700BF1B
:1067E80000E100E000ED00E0EFF308807146EFF310
:1067F8000982EFF30B830CB406B400F08DFE8646D5
:10680800009900F0080001F00801401A02DC12DBD0
:1068180004B070471EF020031CBF2DE9F00FBDF136
:10682800080D0B4C254626462746A046A146A246FB
:10683800A34630B4704704B030BC1EF020031CBF20
:106848001DF1080DBDE8F00F04B0704700BF00004F
:10685800A5EDF5FE80B584B000AF174BFB60FB6873
:10686800DB68BB60BB68DB431B0C1B047B60BB683D
:106878009AB27B68134343F48042FB68DA600021D4
:106888006FF00B00FFF786FF00216FF00A00FFF79B
:1068980081FF00216FF00800FFF77CFF00216FF0F7
:1068A8000400FFF777FF03216FF00100FFF772FF85
:1068B80000BF1037BD4680BD00ED00E0009A0A4BCE
:1068C8009A420FD1012290430146024603460446EC
:1068D80005460646074680468146824683468446E4
:1068E80086460447FEE700BFA5EDF5FE80B590B0EB
:1068F80000AF786039607B68002B02D03B68002BC2
:1069080002D143F6DA33AFE000233B63012387F873
:106918002F307B689B6803F44063002B14BF01236E
:10692800002387F82E3097F82F305B0003F002031E
:106938003B6397F82E303A6B13433B633B683A6BE3
:106948001A600023FB6388E07B689B699A007B6878
:10695800D1187B68DA6913469B0013449B000B44EB
:106968003833BB62FA6B13465B0013449B001A462C
:10697800BB6A13449B6803F00803002B67D000230D
:1069880087F83B3000237B6315E0394A7B6B52F86C
:106998002310FA6B13465B0013449B001A46BB6A2C
:1069A80013441B68994203D1012387F83B3005E063
:1069B8007B6B01337B637B6B012BE6D997F83B300C
:1069C80083F00103DBB2002B02D043F6DA334BE04D
:1069D800FA6B13465B0013449B001A46BB6A1344C8
:1069E8001B687B627B6A1B68002B32D07B6A1B6842
:1069F80001211846FCF7F4FC97F82F3083F00103C7
:106A0800DBB2002B26D01B4B1B685A1C19490A60A5
:106A1800FB607B6A1B683B617B6A5B687B61002368
:106A2800BB6101237B770023BB7701233B7707F109
:106A38000C0319461048FEF742FB034687F823303B
:106A480097F82330002B05D043F6DA330CE000BF6B
:106A580000E000BFFB6B0133FB637B681B6AFA6BCA
:106A68009A42FFF471AF002318464037BD4680BDF7
:106A780050860000902B00200422002080B586B0AC
:106A880000AF4548FEF7AAFB444B1B685A1C434914
:106A98000A603B60424BDB687B60414B1B69BB6013
:106AA8000123FB6003237B740023BB7400233B7426
:106AB8003B4619463848FEF702FB0346FB75FB7D4B
:106AC800002B02D043F6DA3362E0344B1B685A1CC1
:106AD80032490A603B60334B7B60334BBB60012318
:106AE800FB6003237B740023BB7400233B743B4689
:106AF80019462948FEF7E3FA0346FB75FB7D002B90
:106B080002D043F6DA3343E0244B1B685A1C23496E
:106B18000A603B60254B7B60254BBB600123FB6013
:106B280003237B740023BB7400233B743B46194644
:106B38001948FEF7C4FA0346FB75FB7D002B02D00B
:106B480043F6DA3324E0154B1B685A1C13490A60D4
:106B58003B60184B7B60184BBB600223FB60012332
:106B68007B740023BB7401233B743B4619460A48D7
:106B7800FEF7A5FA0346FB75FB7D002B02D043F612
:106B8800DA3305E0012201210348FCF7FFF800236E
:106B980018461837BD4680BD04220020902B0020DF
:106BA800588600000088000000B70000A008000018
:106BB800A0080000001C0020201C002080B400AFAA
:106BC800024B1B681846BD4680BC704758860000BB
:106BD80080B400AF034B1B681B681846BD4680BCD9
:106BE800704700BF5886000080B400AF034B1B6895
:106BF80004331B681846BD4680BC704758860000A1
:106C080080B483B000AF0346FB7197F90730002BBF
:106C18000CDBFB7903F01F02074997F907305B0982
:106C2800012000FA02F2603341F8232000BF0C373C
:106C3800BD4680BC704700BF00E100E080B500AFF2
:106C4800FCF748FCFCF78EFA064B5B68DBB2103B9E
:106C5800DBB25BB21846FFF7D3FF00F0C3FC00BFFE
:106C680080BD00BF00ED00E080B483B000AF0346F4
:106C78003960FB7197F90730002B0ADB3B68DAB201
:106C88000C4997F907305201D2B20B4483F800231C
:106C98000AE03B68DAB20849FB7903F00F03043BCA
:106CA8005201D2B20B441A7600BF0C37BD4680BCE5
:106CB800704700BF00E100E000ED00E080B500AFE4
:106CC80000216FF00800FFF7CFFF044B5B6A034A0F
:106CD80043F4702353620023184680BD00ED00E0A2
:106CE80080B483B000AF094BDB687B607B689BB2E4
:106CF8007B607A68064B13437B60044A7B68D360E9
:106D0800002318460C37BD4680BC704700ED00E0F4
:106D18000800FA0580B483B000AF0346FB7197F909
:106D28000730002B0BDBFB7903F01F02064997F9AC
:106D380007305B09012000FA02F241F8232000BF66
:106D48000C37BD4680BC704700E100E080B483B0DA
:106D580000AF0346FB7197F90730002B0CDBFB797A
:106D680003F01F02074997F907305B09012000FA71
:106D780002F2603341F8232000BF0C37BD4680BCC7
:106D8800704700BF00E100E080B483B000AF034665
:106D9800FB7197F90730002B24DB154A97F9073068
:106DA8005B09A03352F82310FB7903F01F0301227B
:106DB80002FA03F3DA430E4897F907305B090A40F1
:106DC800A03340F823200A4A97F907305B09A0331B
:106DD80052F82320FB7903F01F0322FA03F303F090
:106DE800010300E0002318460C37BD4680BC7047FD
:106DF80000E100E080B400AF044B1B68034A23F0B5
:106E08000103136000BFBD4680BC7047D0ED00E0B1
:106E180080B584B000AFF8607A601A460B46FB7202
:106E28001346BB72FB7AFA689033DB0013445B6845
:106E380003F00103002B0ED008211148FCF7F5FEE2
:106E480018211048FCF7F1FE40F2913202210E4859
:106E580000F0CEFBFEE7FA7AFB689032796843F8D7
:106E68003210BB7A002B06D0FB7AFA689033DB002D
:106E7800134401225A6000BF1037BD4680BD00BFD1
:106E88006C860000788600007486000080B584B0A7
:106E980000AFF8607A601A460B46FB721346BB7265
:106EA800FB7AFA689833DB0013445B6803F001034C
:106EB800002B0ED008211148FCF7B7FE1821104806
:106EC800FCF7B3FE4FF4687202210E4800F090FB05
:106ED800FEE7FA7AFB689832796843F83210BB7A91
:106EE800002B06D0FB7AFA689833DB0013440122A2
:106EF8005A6000BF1037BD4680BD00BF6C860000D9
:106F0800908600007486000080B584B000AFF860F9
:106F1800B96011461A460B46FB711346BB71FB68F4
:106F2800BA6802F5887253F8223003F48073002B94
:106F38000ED008211348FCF778FE16211248FCF7FA
:106F480074FE40F2F6320221104800F051FBFEE7D1
:106F5800FB79002B01D0102200E00022BB79002B26
:106F680002D04FF4807300E0002342EA0301FB687B
:106F7800BA6802F5887243F8221000BF1037BD4680
:106F880080BD00BF6C860000688700007486000022
:106F980080B584B000AF78607B681B68184601F044
:106FA80051F8034683F00103DBB2002B0ED0082111
:106FB8001948FCF73AFE19211848FCF736FE40F24A
:106FC800CA320221164800F013FBFEE70023FB60DB
:106FD800786801F065F80346002B02D0012B03D036
:106FE80005E0104BFB6011E00F4BFB600EE0082141
:106FF8000948FCF71AFE19210848FCF716FE40F26A
:10700800D3320221064800F0F3FAFEE7FB6818467F
:107018001037BD4680BD00BF6C860000A886000002
:1070280074860000002584500028845080B400AF86
:107038000B4B0C4A1B68C2F84435094B094ADB69FB
:10704800C2F84C35074B0222C3F84025054B0222F3
:10705800C3F8482500231846BD4680BC704700BFCA
:107068000080FF000060005080B500AFFFF7C2FE4F
:10707800034B1B68024A43F00203136000BF80BD44
:10708800D0ED00E080B584B002AFFCF799F800239A
:107098007B607B6843F004037B607B6843F00103FB
:1070A8007B60012300937B6801224FF6FF7100206B
:1070B800FCF7C0F800237B607B6843F004037B6027
:1070C8007B6843F002037B607B6843F001037B60CD
:1070D800012300937B68012219494FF00050FCF707
:1070E800D3F800237B607B6843F004037B607B68F4
:1070F80043F002037B607B6843F001037B60114B24
:107108005868104B9968012300937B680022FCF7AC
:1071180091F8012300937B6800220B490B48FCF788
:10712800B3F8084BDA68074B1B69013B1946104650
:10713800FCF7D8F8002318460837BD4680BD00BFC5
:10714800FF7F002058860000FFFF072000800020F6
:1071580080B582B000AF0023FB71F97901230022CA
:107168000348FFF755FE00BF0837BD4680BD00BF86
:107178000030005080B500AF024800F0A4FF00BF07
:1071880080BD00BF0010005080B584B000AF002360
:107198007B600323BB600023FB600EE0FB68D9B271
:1071A800FB689B0010333B4453F80C2C01230A481E
:1071B800FFF76CFEFB680133FB60FB68012BEDD920
:1071C8000321002000F01EFF0321012000F01AFF18
:1071D80000BF1037BD4680BD0030005080B582B07A
:1071E80000AF00237B600AE0094A7B6852F823302D
:1071F80000211846FCF72AF97B6801337B607B681D
:10720800282BF1D900BF00BF0837BD4680BD00BF9D
:10721800C486000080B500AFFFF7E0FFFFF798FFD6
:10722800FFF7B2FFFFF7A6FF012300220021034862
:10723800FFF76AFE0023184680BD00BF00300050EB
:1072480080B582B000AF0023FB7109E0134AFB79D7
:10725800A0334FF0FF3142F82310FB790133FB7163
:10726800FB790F2BF2D900233B600BE00C4A3B68FB
:1072780052F823301B0B5BB21846FFF785FD3B68BD
:1072880001333B603B68002BF0D00920FFF77CFD01
:10729800002318460837BD4680BD00BF00E100E066
:1072A8000822002080B582B000AFFBF7EBFE002378
:1072B8007B6014E00E4A7B6852F823301B0B5BB2EC
:1072C8001846FFF743FD0A4A7B6852F823301B0B28
:1072D8005BB21846FFF71EFD7B6801337B607B6855
:1072E800002BE7D0002318460837BD4680BD00BFF5
:1072F8000822002080B586B000AF0346FB714FF02E
:10730800FF333B610123FB60FEF746FCB8600123B5
:107318007B6110E00C4A7B6952F83330BA689A42B4
:1073280006D1FB790F22934202D100233B6106E08C
:107338007B6901337B617A69FB689A42EAD33B69CE
:1073480018461837BD4680BD8087000080B400AF5E
:10735800034B01221A6000BFBD4680BC704700BFC6
:10736800942B002080B588B000AF78607B681B68DC
:10737800FB777B6804331B68BB617B6808331B6839
:10738800FB82214B1B683B614FF0FF33FB603B697D
:107398005868B969FA8A062300F048FDF860FB6866
:1073A800002B04D07B686FF086021A6029E0174B27
:1073B8001B68012B04D07B686FF086021A6020E0FE
:1073C800FB7F1846FFF796FF0346002B04D07B6827
:1073D8006FF086021A6014E0FB8A032B04D87B68DE
:1073E8006FF086021A600CE0BB69BB60BB6842F2B2
:1073F80016021A80BB6804225A807B6800221A6031
:1074080000BF2037BD4680BD842B0020942B002070
:1074180080B500AF0C4BD3E900230C480B498B42D5
:1074280008BF82420DD008210948FCF7FEFB1B214A
:107438000848FCF7FAFBA7220221074800F0D8F811
:10744800FEE700BF80BD00BFF80B0020A5EDF5FEEC
:1074580088870000D08700009087000080B586B03C
:1074680000AFF860B9607A603B604FF0FF337B6132
:10747800FB68032B14D0FB68032B38D8FB68002B60
:1074880003D0FB68022B0FD031E0FEF7BBFBB860DE
:10749800FFF7BEFF1D4BB968184600F028FE2FE025
:1074A8007868FFF75FFF2BE0194B1B683B613B696E
:1074B80058687B6819687B6804331A68022300F0EF
:1074C800B5FC78617B69002B0ED17B681B681A4676
:1074D8007B6804331B6819461046FCF7A6FB034675
:1074E8001A467B681A600BE000F07CF808E0FA683E
:1074F8001C21084800F07CF87B686FF083021A6052
:10750800BB6818461837BD4680BD00BFF80B002081
:10751800842B00209487000080B586B000AFF86007
:10752800B9607A602023FB75FB683B61BB6803F098
:107538000803002B06D0BB6803F00403002B01D01E
:107548007B683B61B86800F0E4FD0346002B12D06D
:10755800B86800F0F0FD034683F00103DBB2002BAE
:1075680002D03B6928333B613B6918331B68023BF7
:107578001B78FB7501E000F035F8BB6803F00803E1
:10758800002B0CBF01230023DAB2FB7D03F040037C
:10759800002B14BF01230023DBB25340DBB2002BC6
:1075A80001D000F01FF8FB7D03F0A003002B07D1EA
:1075B800F87DFB683A69B968FFF750FF03460AE0AF
:1075C800FB7D1A461F21064800F012F83B696FF050
:1075D80083021A60BB6818461837BD4680BD00BFD5
:1075E800B087000080B500AFFDF715FF00BF80BD74
:1075F80080B58AB000AFF860B9607A6000237B621A
:10760800FB68002B0CD0BB68002B09D0B968F86860
:10761800FCF70BFB78627B6A002B01DA7B6A14E0CB
:1076280007F1140319467868FEF75CF807F11403AC
:107638000C211846FCF7F9FA38623B6A002B01DA8C
:107648003B6A02E07A6A3B6A134418462837BD460B
:1076580080BD80B485B000AF78607B68FB60FB6854
:1076680083F30A8800BF00BF1437BD4680BC70474B
:1076780080B483B000AFEFF3108372B67B607B6891
:1076880018460C37BD4680BC704780B483B000AF45
:1076980078607B6883F3108800BF0C37BD4680BCD8
:1076A800704780B584B000AF7860786800F09CFAC5
:1076B800F860F86800F0B9FA0346002B01D00023FF
:1076C8000DE0FEF769FAB860FB689B685B681B68A9
:1076D8005B68BA689A4201D0002300E0FB6818464C
:1076E8001037BD4680BD80B584B000AF0346FB713E
:1076F800FB79002B03D000F01DFAF86002E0FEF7DA
:107708004BFAF860FB79FA68D20FD2B2934201D0F3
:10771800FFF768FFFB6818461037BD4680BD80B587
:107728008CB000AFF860B9607A603B600023BB6240
:10773800FB68002B02D0BB68002B01D1FFF752FF7A
:10774800FB681B687B627B6A9B699A007B6A1344AF
:1077580038333B627B6ADB691846FEF7B1FAF86199
:107768000023FB6272E0FA6A13469B0013449B00F5
:107778001946FA6A13465B0013449B001A46FB69D4
:1077880013443A6A0A441A60FA6A13465B001344BF
:107798009B001A46FB691344FA685A60FA6A134652
:1077A8005B0013449B001A46FB69134400229A604D
:1077B800FA6A13469B0013449B001A463B6A13441B
:1077C8009B68BB61BB6903F40073002B26D07B6800
:1077D800002B05D03B68002B02D03B68802B01D0E2
:1077E800FFF700FFBB69DBB27B617B691F2B06D803
:1077F8007B699B007A6813441B68002B01D0FFF754
:10780800F1FEFA6A13465B0013449B0019467B6934
:107818009B007A681344FA690A441A60FA6A1346A4
:107828005B0013449B001A46FB691344BA6852680C
:107838009A60FA6A13465B0013449B001A46FB6978
:107848001A44BB685A60FB6A0133FB627B6ADB69D6
:10785800FA6A9A4202D2FB69002B84D1BB6A1846A5
:107868003037BD4680BD80B483B000AF786000BFBC
:107878000C37BD4680BC704780B483B000AFEFF3CF
:10788800108372B67B607B6818460C37BD4680BC97
:10789800704780B483B000AF78607B6883F310884A
:1078A80000BF0C37BD4680BC704780B582B000AFC2
:1078B80078607B6813F1810F03D07B6813F1820F26
:1078C80009D1FEF783F9034683F00103DBB2002BED
:1078D80001D0FFF787FE00BF0837BD4680BD80B4E2
:1078E80085B000AFF860B9607A607B6801221A70D1
:1078F800FB6802221A60BB6818461437BD4680BC74
:10790800704780B588B000AF786039600023FB61AC
:1079180000233B610023FB737868FFF7C2FEB86160
:10792800BB69002B01D1FFF75DFEBB699B687B61DA
:107938007B69002B01D1FFF755FEBB69DB6813F1AA
:10794800020F25D0B3F1FF3F25D13B68002B02D1B0
:107958007B68FB6137E03B6813F1820F08D107F1C0
:107968000F031A463968B869FFF7B9FFF8612AE0CA
:107978003B6813F1830F08D107F10F031A463968E2
:10798800B869FFF7ACFFF8611DE0FFF72BFE1AE0BE
:107998000123FB7317E0BB69DB68002B11DB3B6835
:1079A800FB61B869FEF788FA7B691B689B6803F47A
:1079B8000073002B07D0BB6902221A600123FB73F6
:1079C80001E0FFF70FFEFB6913F1810F05D1BB69D9
:1079D8005B69002B01DBFFF705FEFFF74DFF034650
:1079E8003B61F969B869FEF77FFDF8613B691846A4
:1079F800FFF74FFFBB691B68022B02D0BB6900224F
:107A08001A60FB7B002B05D0BB6900221A60B8699D
:107A1800FEF79CFEFB6918462037BD4680BD80B541
:107A280000AFFDF7F8FC6FF08303184680BD80B502
:107A380088B000AFF860B9607A603B60FEF7C6F8BE
:107A48000346FB77FB7F1846FFF74DFEB86107F149
:107A58001003BA69F9681846FDF7CEFF78617B69AB
:107A6800002B01D07B691DE038693B687A68B968EA
:107A7800FEF76CFA78617B69002B0AD0FB6803F08B
:107A88008043002B03D03B691846FEF75FFE7B69F5
:107A980008E03B691846FEF7DBFC78613B69012288
:107AA8001A607B6918462037BD4680BD80B400AF98
:107AB80040F201131846BD4680BC704780B584B0BB
:107AC80000AF7860FEF782F80346FB737868FDF72D
:107AD800BFFEB860BB68002B01D100230DE0FB7B23
:107AE8001A46B9687868FDF727FF0346002B01D0CE
:107AF800002302E0BB681B68DB6818461037BD46E8
:107B080080BD80B485B000AF786039607B68BB60A9
:107B1800BB6883F3098800BF3B68FB60FB6883F39D
:107B28000B8800BFBFF36F8F00BF00BF1437BD467F
:107B380080BC704780B582B000AF4FF0FF337B60E8
:107B48003B4619467868FEF7B9FD0346002B01D07D
:107B5800002300E03B6818460837BD4680BD80B466
:107B680083B000AFEFF30B837B607B6818460C375C
:107B7800BD4680BC704780B485B000AF78607B6834
:107B8800FB60FB6883F30B8800BF00BF1437BD465A
:107B980080BC704780B582B000AFFFF7E0FF786027
:107BA8007B6880331846FFF7E6FF7B68184608377E
:107BB800BD4680BD80B582B000AFFFF7D0FF7860CA
:107BC8007B68803B1846FFF7D6FF00BF0837BD46E5
:107BD80080BD80B483B000AF78604FF480531846FE
:107BE8000C37BD4680BC704780B584B000AF786064
:107BF8007B68B3F5805F01D0002305E0FFF7AFFF96
:107C08000346803BFB60FB6818461037BD4680BDC5
:107C180080B400AF00BFBD4680BC704780B500AFE0
:107C2800FFF7B8FF0346184680BD80B483B000AFA5
:107C38007860002318460C37BD4680BC704780B476
:107C480000AF00BFBD4680BC704780B582B000AFB2
:107C58007860FFF709FAFFF715FA0346002B02D000
:107C680043F6DA3313E0FFF7D5FA0346002B02D0C8
:107C780043F6DA330BE0FEF701FF0346002B02D090
:107C880043F6DA3303E07B6802221A6000231846C1
:107C98000837BD4680BD90B591B000AFF860B960B7
:107CA8007A60FB687B627B6A43E800F3BB61BB696F
:107CB8003B62FA68BB681344013BBB62BB6A43E89A
:107CC80000F37B617B69FB6197F82330BB63FB7F23
:107CD8007B63FB683B63FDF717FB0246BB6B934274
:107CE8004BD3FDF718FB02467B6B934245D8B86B24
:107CF800FDF7FDFA02463B6BD31A0133FB623B6B7F
:107D08007A68F96A184603F0EBF80346002B01D1AC
:107D1800002387E0BB6B0133FB6315E0FB6B184660
:107D2800FDF7DAFA38633C6BFDF7FCFA03467A682C
:107D38001946204603F0D4F80346002B01D100234E
:107D480070E0FB6B0133FB63FB6B7A6B9A42E5D8FF
:107D5800786BFDF7C1FA3863FA68BB681A443B6B65
:107D6800D31AFB623B6B7A68F96A184603F0B8F8D5
:107D78000346002B55D1002354E0FDF7F8FA0246DC
:107D8800BB6B93424BD3FDF7F9FA02467B6B9342E8
:107D980045D8B86BFDF7DCFA02463B6BD31A0133C2
:107DA800FB623B6B7A68F96A184603F099F8034658
:107DB800002B01D1002335E0BB6B0133FB6315E0D9
:107DC800FB6B1846FDF7B6FA38633C6BFDF7DDFA36
:107DD80003467A681946204603F082F80346002BCA
:107DE80001D100231EE0FB6B0133FB63FB6B7A6B55
:107DF8009A42E5D8786BFDF79DFA3863FA68BB6854
:107E08001A443B6BD31AFB623B6B7A68F96A1846D3
:107E180003F066F80346002B03D1002302E0002399
:107E280000E0012318464437BD4690BD80B58EB0AA
:107E380000AFF860B9607A603B6000237B637B68C1
:107E4800002B01D100238EE0BB68002B02D14CF23D
:107E5800DA2388E03B6803F00603062B04D17B6B2A
:107E680043F001037B630CE03B6803F00203002B43
:107E780004D07B6B43F008037B6302E04CF2DA2307
:107E880071E03B6803F02003002B03D07B6B43F0C9
:107E980012037B63FB6803F00203002B03D17B6BA7
:107EA80043F004037B63FB6803F00103002B18D045
:107EB800EFF39483FB62FB6A3B6297F8203003F090
:107EC8000103DBB2002B04D07B6B43F004037B631C
:107ED80003E07B6B23F004037B637B6B43F01203AB
:107EE8007B63BB687A6B7968184602F0F9FF034632
:107EF800002B14BF01230023DBB23B633B6B002B39
:107F08002AD1BB687B627B6A43E800F37B617B69AB
:107F1800FB61BA687B681344013BBB62BB6A43E8F8
:107F280000F33B613B69BB61BB7F23F07F03DBB29E
:107F3800002B11D0BB7E23F07F03DBB2002B0BD0CC
:107F4800FA7FFB7E9A4207D0BB687A6B796818463D
:107F5800FFF7A1FE03463B633B6B002B01D00023D8
:107F680001E06FF07F0318463837BD4680BD80B505
:107F780082B000AF43F65C237B60FEF79FFE78601B
:107F88007B68002B02D043F6DA3328E0FEF7A8FE20
:107F980078607B68002B02D043F6DA331FE000F0EC
:107FA8009FF878607B68002B02D043F6DA3316E03E
:107FB80062B600BFF9F720F9FFF742F978607B68ED
:107FC800002B02D043F6DA3309E0FFF76BF978604B
:107FD8007B68002B02D043F6DA3300E00023184612
:107FE8000837BD4680BDEFF30880EFF309812DE91E
:107FF800F00F6B467246F9F74FF808B0FEF71EFE11
:10800800FEE700BF80B584B000AF78600B46FB7018
:108018003B1D1846FEF7BCFFF8607A68FB688032A3
:1080280053F8223023F0E043BB60FB7819077A68E5
:10803800BB681943FB68803243F8221000BF103731
:10804800BD4680BD80B485B000AF78607B685B09B1
:10805800BB600023FB60BB68002B03D0BB68012B0F
:1080680004D007E04FF0FF33FB6005E04FF6FF73E5
:10807800FB6001E000230EE07B6803F01F037B60D8
:10808800FA687B6822FA03F303F00103002B14BF9C
:1080980001230023DBB218461437BD4680BC704765
:1080A80080B485B000AF78607B681B68FB60FB68B4
:1080B80003F01F027B681A60FB685B0918461437D7
:1080C800BD4680BC704780B483B000AF78607B68E1
:1080D8000122C3F8002500BF0C37BD4680BC70479D
:1080E80080B500AFFEF7A2FF0346184680BD0446E0
:1080F8000D46A546284700BF83F308889646022206
:10810800EFF31483134383F31488BFF36F8F084787
:1081180000BF80B483B000AF78607B689B0903F030
:108128000103002B14BF01230023DBB218460C37D0
:10813800BD4680BC704780B483B000AF78607B6870
:108148005B0903F00103002B14BF01230023DBB2FA
:1081580018460C37BD4680BC704700004641544164
:108168004C204552524F523A200000004861726438
:108178004661756C740D0A004D656D4D616E6167E1
:1081880065206661756C740D0A00000042757346BF
:1081980061756C740D0A00005573616765466175F9
:1081A8006C740D0A000000005365637572654661C2
:1081B800756C740D0A00000052657365727665640B
:1081C80020457863657074696F6E2000506C617427
:1081D800666F726D2065787465726E616C20696E69
:1081E8007465727275707420284952516E293A204C
:1081F800000000004173736572743A002C0000009F
:10820800737464696F5F696E697400000302020227
:10821800210000000B000002200000010A000003FA
:1082280051130000C33C0000411800006118000011
:108238007518000099180000BD1800001B3D0000CB
:10824800E1180000F518000009190000613D000060
:10825800773D00008F3D00004173736572743A00EA
:108268002C0000006E72665F6770696F5F70696EE0
:108278005F706F72745F6465636F6465000000000F
:1082880000000000000000000338FDD8704700001F
:108298006E7266785F75617274655F696E69740085
:1082A8006E7266785F75617274655F756E696E6906
:1082B80074000000706F6C6C5F6F757400000000D4
:1082C8006E7266785F75617274655F74780000001D
:1082D8006E7266785F75617274655F72785F6275D9
:1082E800666665725F736574000000006E7266787A
:1082F8005F75617274655F72785F61626F72740036
:108308006E7266785F75617274655F7278000000DE
:108318006E7266785F75617274655F72785F726598
:10832800616479004173736572743A002C0000002F
:108338006E7266785F637269746963616C5F736596
:108348006374696F6E5F6578697400004173736563
:1083580072743A002C0000006E72665F7370755F6D
:10836800666C617368726567696F6E5F73657400C8
:108378006E72665F7370755F72616D726567696F43
:108388006E5F7365740000007370755F726567696E
:108398006F6E735F666C6173685F636F6E66696743
:1083A8005F6E6F6E5F7365637572655F63616C6C3A
:1083B80061626C65000000006E72665F7370755FC5
:1083C800666C6173686E73635F73657400000000A8
:1083D8007370755F7065726970686572616C5F63F0
:1083E8006F6E6669675F736563757265000000008C
:1083F8006E72665F7370755F7065726970686572BA
:10840800616C5F73657400007370755F7065726985
:1084180070686572616C5F636F6E6669675F6E6FC7
:108428006E5F73656375726500000000506C61745F
:10843800666F726D20457863657074696F6E3A0D6A
:108448000A00000050696E732068617665206265D5
:10845800656E20636F6E6669677572656420617307
:10846800207365637572652E0D0A00004750494FE9
:1084780020706F72743A200050696E3A2000000034
:108488000002FF002C0000005004FF001000000054
:108498003001FF0008000000200CFF00040000006D
:1084A8000081FF0000030000FFFFFFFF0000000045
:1084B80000000000000000004173736572743A0008
:1084C8002C0000006E72665F6770696F5F70696E7E
:1084D8005F706F72745F6465636F646500000000AD
:1084E80030313233343536373839414243444546E2
:1084F8001B5B313B33346D426F6F74696E67205478
:10850800462D4D2076322E312E321B5B306D0D0AF2
:10851800000000001B5B313B33346D5B5365632007
:108528005468726561645D2053656375726520697E
:108538006D61676520696E697469616C697A696ED5
:1085480067211B5B306D0D0A0000000041737365E5
:1085580072743A002C00000074666D5F73706D5F72
:10856800636865636B5F636C69656E745F7665727B
:1085780073696F6E0000000074666D5F73706D5FE5
:10858800636865636B5F617574686F72697A61743B
:10859800696F6E0073706D5F6765745F69646C65A1
:1085A8005F636F6E6E656374696F6E0073706D5F85
:1085B800696E69745F69646C655F636F6E6E65632D
:1085C80074696F6E000000004173736572743A003D
:1085D8002C0000007570646174655F63616C6C6584
:1085E800725F6F75747665635F6C656E000000007E
:1085F8004173736572743A002C0000006261636B0A
:10860800656E645F73797374656D5F72756E000073
:10861800617263685F7365616C5F746872656164D9
:108628005F737461636B00004173736572743A0021
:108638002C00000073706D5F667265655F636F6E16
:108648006E656374696F6E000C220020142200208E
:108658000000010000000100FFFF0F0000BC000047
:1086680000C000004173736572743A002C0000006A
:108678006E72665F7370755F647070695F636F6E4A
:108688006669675F736574006E72665F7370755FA5
:108698006770696F5F636F6E6669675F73657400A3
:1086A8006E72665F6770696F5F70696E5F706F7218
:1086B800745F6465636F646500000000000000502B
:1086C80000400050005000500080005000B00050A2
:1086D80000C0005000A0005000E0005000F0005022
:1086E800000001500010015000400150005001509E
:1086F80000700150008001500090015000A001500E
:1087080000B0015000C0015000D0015000E00150FD
:1087180000F00150000002500010025000200250EA
:1087280000300250004002500060025000800250A9
:1087380000A0025000B0025000D0025000000350C8
:108748000030035000400350006003500070035095
:1087580000900350002584500028845000100850D1
:108768006E72665F7370755F657874646F6D61694A
:108778006E5F736574000000000000000F000000C9
:108788004173736572743A002C000000556E6B6E6D
:108798006F776E2053504D20535643207265717584
:1087A80065737465643A2000556E6B6E6F776E2042
:1087B800535643206E756D626572207265717565DA
:1087C800737465643A20000074666D5F6172636853
:1087D8005F636865636B5F6D73705F7365616C6918
:0387E8006E6700B9
:108800000348044B834202D0034B03B1184770471F
:10881000FC220020FC220020000000000548064B3E
:108820001B1AD90F01EBA301491002D0034B03B16E
:1088300018477047FC220020FC22002000000000A6
:1088400010B5064C237843B9FFF7DAFF044B13B198
:108850000448AFF300800123237010BD002A0020DC
:1088600000000000ECB6000008B5044B1BB1044941
:108870000448AFF30080BDE80840CFE700000000E7
:10888000042A0020ECB60000A3F5803A704700BF30
:10889000174B002B08BF134B9D46FFF7F5FF002138
:1088A0008B460F461348144A121A02F0A2FC0E4BD4
:1088B000002B00D098470D4B002B00D0984700208C
:1088C000002104000D000D48002802D00C48AFF331
:1088D000008002F0E5FA20002900FCF79FFF02F07B
:1088E000CBFA00BF000008000000000000000000FC
:1088F000F80B0020FC220020043A002000000000B9
:1089000000000000009A084B9A4208D110B502F00E
:10891000B3FC02F04FFB06BC96460C46744702F0CF
:1089200018FD00BF18460000A5EDF5FE009A084BA3
:108930009A4208D110B502F0B6FC02F03BFB06BC2F
:1089400096460C46744702F004FD00BF184600002E
:10895000A5EDF5FE0CB4029A094B9A420CD14FF0EA
:10896000004319430CBC10B500F026F802F022FBBE
:1089700006BC96460C46744702F0EBFC00BF184656
:10898000A5EDF5FE009A054B9A4202D1044908680C
:10899000744702F0DEFC00BF18460000A5EDF5FEAE
:1089A00010B50000009A034B9A4200D1744702F0C0
:1089B000D0FC00BFA5EDF5FE80B58AB000AFF86031
:1089C000B9607A603B60EFF30583BB61BB697B6193
:1089D000BB8AC3F308039BB2002B01D0FEF706FE4F
:1089E000104B1B683B623B687A68B968F868FFF710
:1089F00022F878620B4B1B68FB613A6AFB699A426A
:108A000008D0FB699B691B69796A1846FEF77DFFF0
:108A1000786202E0786AFEF74CFF7B6A18462837D6
:108A2000BD4680BD842B00200F4B02689A4206D1C0
:108A3000C269A3F11023A3F1EF139A4201D00120E0
:108A400070478368012BFAD8C36813B10269934257
:108A5000F5D043692BB18069C01AB0FA80F04009A3
:108A600070471846704700BF55AA00FFF8B5164B6F
:108A7000996829B10846FFF7D7FF08B9CB680BB151
:108A80000120F8BD0B69002BFBD0104D104E1A6869
:108A9000AA42F5D1DA69B242F2D19A68012AEFD836
:108AA000DC68002CECD01A699442E9D05F691FB1F0
:108AB000D3F818C06745E3D08C42E1D11946002AAB
:108AC000DFD01346E3E700BF982B002055AA00FF34
:108AD000669911EE002865D070B5374D2B68002BD4
:108AE00054D0AA68002A51D08342014661D86A68EE
:108AF000134498425DD2A0F120063046FFF794FF60
:108B0000002856D151F8183C012B52D151F8144C81
:108B100041F8180C51F8100C002C38D0A368002B29
:108B200035D151F81C2C63682032134420616360F6
:108B300000B1C46020220021304602F05AFB2069B7
:108B4000F0B18368E3B9264642687368134402694A
:108B5000203373603261D6E9051331B38B6103B101
:108B60005961416983697161B361E1B18E61B36932
:108B700003B15E6102B1D6602022002102F039FB10
:108B80002B699B0702D5FFF771FF90B970BD10B13B
:108B90008368002BD8D0EB6841F8083C03B15E61D4
:108BA000EE60EDE77047EE60E2E7002BD9D0EB60B6
:108BB000D6E7012002F060F9982B00202DE9F84F4C
:108BC0003E4D2B68EC68002B40D0AB68002B3DD0AD
:108BD00000283BD0002939D001FB00F6B6FBF0F0AD
:108BE000884233D1301D31D8B10733D026F003018C
:108BF000043114B92BE0A4694CB363688B42FAD3F7
:108C0000D4F808C0BCF1000F55D1A0695B1A232B22
:108C10008146676920D80123A360002F47D0B8613F
:108C2000A06900B1476100232A696361D207A3618B
:108C300003D5FFF71BFF00283DD120343246002129
:108C4000204602F0D6FA2046BDE8F88F00242046E0
:108C5000BDE8F88F3146CCE7D4F8108001F1200E42
:108C6000DFF85CB0DFF85CA004EB0E02203BC2E949
:108C7000013CC2E9034844F80EB0C2F81CA0B8F1A8
:108C8000000F01D0C8F80C20C2F81890576187B1C6
:108C9000BA61906900B14261002361602969226173
:108CA0000122C4E90533CB07A260C6D5C1E7E8605D
:108CB000B7E7EA60EEE7012002F0DEF8982B00202B
:108CC00055AA00FF669911EE38B50D461422002111
:108CD0000446114802F08DFA1049114800F0B6F927
:108CE000232D18D914F0030304D0043DC3F104026A
:108CF0001D4414442A460021204602F07AFA064B0D
:108D0000084A0948A5F12001C3E901541C60E0614B
:108D1000C4E90021DC6038BD982B0020D58A000012
:108D2000BD8B000055AA00FF669911EE80B58AB090
:108D300000AFF860B9601346FB7100237B6200232B
:108D40003B6107F1140300221A605A60BB683B6262
:108D50000023FB61FB79642B0CD1BB68002B09DA83
:108D60002D21F86802F00BFB7B6A01337B62BB6844
:108D70005B423B62396A1A4BA3FB0123DA081346B4
:108D80009B0013445B00CA1AD2B2FB69591CF961FB
:108D90003032D2B228333B4403F8182C3B6A104AD5
:108DA000A2FB0323DB083B623B6A002BE2D10EE00F
:108DB000FB69013BFB6107F11002FB6913441B785F
:108DC0001946F86802F0DBFA7B6A01337B62FB69C3
:108DD000002BEDD17B6A18462837BD4680BD00BF09
:108DE000CDCCCCCC80B58CB000AF7860396000239E
:108DF000FB620023BB607B68002B40F0FC804CF2E0
:108E0000DA230DE17B681B78252B40F0E7807B6837
:108E100001337B607B681B78252B00F0C680252BF7
:108E2000C0F2CD80782B00F3CA80582BC0F2C780E7
:108E3000583B202B00F2C38001A252F823F000BF60
:108E40001F8F0000BF8F0000BF8F0000BF8F00008A
:108E5000BF8F0000BF8F0000BF8F0000BF8F0000DA
:108E6000BF8F0000BF8F0000BF8F00008D8F0000FC
:108E7000C58E0000BF8F0000BF8F0000BF8F0000B5
:108E8000BF8F0000C58E0000BF8F0000BF8F0000A5
:108E9000BF8F0000BF8F0000BF8F0000BF8F00009A
:108EA0003D8F0000BF8F0000BF8F00006F8F00005C
:108EB000BF8F0000E38E0000BF8F0000BF8F000057
:108EC000018F00003B681A1D3A60196807F108031A
:108ED00064221846FFF72AFF0246FB6A1344FB622E
:108EE00078E03B681A1D3A60196807F1080375229B
:108EF0001846FFF71BFF0246FB6A1344FB6269E05A
:108F00003B681A1D3A60196807F10803464A18467B
:108F100002F071FA0246FB6A1344FB625AE03B68B6
:108F20001A1D3A60196807F10803404A184602F012
:108F300062FA0246FB6A1344FB624BE007F1080346
:108F40003B49184602F03BFA0246FB6A1344FB62B7
:108F50003B681A1D3A60196807F10803324A18463F
:108F600002F049FA0246FB6A1344FB6232E03B68B6
:108F70001A1D3A601A6807F108031146184602F0F4
:108F80001EFA0246FB6A1344FB6223E03B681A1D8B
:108F90003A601B68DAB207F108031146184602F07E
:108FA000EEF9FB6A0133FB6214E007F108032521A7
:108FB000184602F0E4F9FB6A0133FB620AE007F1AC
:108FC00008031C49184602F0FAF90246FB6A1344EA
:108FD000FB6210E07B6801337B600CE07B685A1C0D
:108FE0007A601A7807F108031146184602F0C7F9AB
:108FF000FB6A0133FB627B681B78002B7FF402AFB6
:10900000BB68002B0BD0BA6807F108030433114684
:10901000184602F046FA0246FB6A1344FB62FB6AFA
:1090200018463037BD4680BD38B5000048B5000051
:1090300058B500005CB5000000207047704700BFC5
:10904000014B1B68184700BF2022002010B40446C3
:10905000034A044B00201460196010BC704700BF25
:1090600024220020202200200246024B00201A6009
:10907000704700BF1C22002039B1044B0A4610B5CE
:1090800000211B680446984710BD70472822002025
:1090900010B5044628B121B1044B0A461B680021D3
:1090A00098472046BDE81040FFF7CABF282200209D
:1090B00038B50446406A10B1A16AFFF7E9FF002203
:1090C000237FC4E90922012B0FD0023B012B13D8C7
:1090D000236A012B0CBF15466FF096052C22002148
:1090E000204602F086F8284638BD236A002B0CBFC4
:1090F00000256FF09605F1E76FF09605EEE700BFEB
:10910000074B5A78022A02D06FF0880070471A780D
:10911000072AF9D10A460146181D00F097B800BF8A
:10912000AC2B002010B5134C2378590744BF03F033
:10913000FB0323709A0716D4637883B900230421B4
:109140000D486370FFF798FF2378DB0700D410BD4C
:1091500000F078F8237823F00103237010BD06484F
:1091600000F086F8EAE700F053F8237823F00203D2
:109170002370E1E7AC2B0020B02B002038B51E4C4B
:1091800062782378022A1AD0DD071CD5980725D5E6
:1091900062783AB15A075CBF43F00403237000259C
:1091A000284638BDD907F5D5144800F04DF80223FC
:1091B00005466370F0B1FFF7B5FF284638BD072BB1
:1091C000EDD0DD07E2D400F03BF82378054643F00C
:1091D000010323700028EED19807D9D400F010F8CD
:1091E0002378054643F0020323700028D0D0FFF710
:1091F00099FFE2E72378CDE7AC2B0020B02B0020CD
:109200000122024B002083F880257047B42B0020F8
:109210002DE9F041DFF8248001274446032608F5B4
:10922000B0652762267720462C34FFF741FFAC4219
:10923000F7D1002388F88035BDE8F081B42B0020F9
:1092400000207047704700BF0020704710B582B003
:10925000002001AB144600F05FF830B9019BA34237
:1092600018BF6FF0930002B010BD6FF09200FAE7E4
:109270000020704710B50C4C236813B10B4B1B68D2
:109280002BB900F093FC30B90122084B1A6001237E
:109290002360002010BD0138072801D9044810BD03
:1092A000044B53F8200010BD503100204C310020F9
:1092B000FE8FFFFF70B50000144B2DE9F04300282E
:1092C00014BF04461C46124F236883B0BB4219D01A
:1092D00016460D4620464FF4147104F1040900F0BF
:1092E00047F804F58E78484600F0CEF8404600F086
:1092F00019FA2B464A4640460649009600F034FBD0
:1093000008B92760002003B0BDE8F0835431002085
:10931000A5BCC95A0D95000070B50D4C1D4600281E
:1093200014BF064626460B4B306882B098420DD1DA
:1093300006F58E70002633460096144600F03EFB7C
:10934000002818BF34462C6002B070BD0248FBE70D
:1093500054310020A5BCC95AE88FFFFF38B131B1A4
:10936000002201440346013081421A70FAD170474D
:1093700038B131B1002201440346013088421A70ED
:10938000FAD170472DE9F043202B1D46064688464A
:1093900091468BB026D8DBB202AF8DF80480B04680
:1093A00058F8041B8DF8053021B9404601F026F924
:1093B000044640B9012302224046336001A901F06E
:1093C00031F9044638B138462021FFF7D1FF204655
:1093D0000BB0BDE8F0832A464946404601F022F929
:1093E0000446F0E702AF1946104600233A4601F062
:1093F0009FFA04460028E6D12023B9461D46CCE753
:109400002DE9F041D0F8F830A6B0002BD8BF02AE5D
:1094100031DD05460027D0F80C4102AEA4F1010869
:109420009022D5F8FC403146D0F8000101AB0197FD
:10943000B8FA88F8A0474FEA5818044620B9019BAB
:1094400053B9B8F1000F16D030469021FFF790FFC6
:10945000204626B0BDE8F081014632462846FFF797
:1094600091FF58B9D5F80431019A1344C5F8043175
:10947000B8F1000FE8D16FF03C04E5E70446204660
:1094800026B0BDE8F08100BF70B500250446142267
:1094900004F588762946C0F8F850FC3001F0A9FEA2
:1094A00008222946304601F0A4FE144B30461B68C2
:1094B0009847204640F8045B01F086F8104B304690
:1094C0001B689847C8B9D4F8F830AB420FDC03EBFF
:1094D000830204EB82022021C2F800010120C2E9CC
:1094E000421008490133C2F8FC10C4F8F830064BAA
:1094F0003046BDE870401B68184770BD4C22002004
:1095000048220020C5A40000442200202DE9F04795
:10951000202A88B07AD83F4B00F5887904461B682A
:1095200048461746884698470546F8B940F201165E
:10953000D4F8F830002B65D02046FFF761FF0546D0
:1095400038B9D4F8F830002B14DC013EF2D16FF0BA
:109550003B056E4620213046FFF70AFF2E4B48465A
:109560001B689847002818BF6FF01D05284608B0F3
:10957000BDE8F087D4E94132934203D3D4F80C21FB
:10958000012A02D0013ED7D1E1E71F2BFAD96E465E
:1095900001462022304604F1040A01F02AFE314639
:1095A000504601F069F805460028D3D1504601F035
:1095B0001FF8504601F008F82946504601F01EF801
:1095C00005460028C6D150462022314601F02AF82F
:1095D00005460028BED1034632462021304601F020
:1095E000A7F905460028B5D1D4F8F8303A46002B43
:1095F000C8BF002340463146C8BFC4F8043101F05B
:10960000B2FDA7E76FF03F056E46A3E76FF03B059D
:10961000ACE700BF482200204422002070B590B083
:1096200000287AD03E4C0D46402236210646204680
:1096300001F0DFFD40225C21A01801F0DAFD2B1DB6
:10964000A34203D904F144039D4252D32B682268FC
:10965000534023602B68226C534023646B6862681C
:10966000534063606B68626C53406364AB68A2688C
:109670005340A360AB68A26C5340A364EB68E268FC
:109680005340E360EB68E26C5340E3642B6922696A
:1096900053402361226D2B695340236562696B69D6
:1096A000534063616B69626D53406365AB69A26946
:1096B0005340A361AB69A26D5340A365EB69E269B6
:1096C0005340E361EB69E26D5340E36500213046AE
:1096D00000F094FF044628B940223046104900F0BB
:1096E000A1FF044640216846FFF742FE204610B025
:1096F00070BD631E04F13F01013D1F3415F8010FD9
:1097000013F8012F42401A7011F8012F2878A34254
:1097100082EA00020A70F1D1D8E76FF07304E5E73E
:10972000A433002010B54FF49A720021044601F0D2
:1097300060FD42F21072044BC4F8202104F59670CB
:109740001B68BDE8104018474C2200202DE9F04F5F
:1097500004468846914695B0002900F0A780002A6B
:109760000CBF0126022600238DF80C30002C00F0DF
:109770009F80DFF844A104AF0AF1400B002120468E
:1097800000F03CFF034648B1384620210193FFF723
:10979000EFFD019B184615B0BDE8F08F4022514601
:1097A000204600F03FFF03460028EDD104F1F40508
:1097B00020222946204600F035FF03460028E3D149
:1097C0000122204603A900F02DFF03460028DBD12B
:1097D000022E62D020460CA900F04EFF034600285E
:1097E000D2D10146204600F009FF03460028CBD124
:1097F00040225946204600F015FF03460028C3D1F9
:10980000202220460CA900F00DFF03460028BBD102
:109810003946204600F030FF03460028B4D13946CF
:109820002046FFF7FBFE03460028ADD12022294643
:10983000204600F0F7FE03460028A5D120460CA9DB
:1098400000F01AFF034600289ED10146204600F092
:10985000D5FE0346002897D140225946204600F005
:10986000E1FE034600288FD1202220460CA900F0FB
:10987000D9FE0346002887D12946204600F0FCFE89
:109880000346002880D19DF80C200132D2B2B242AA
:109890008DF80C20FFF472AF76E74A464146204629
:1098A00000F0C0FE0346002894D06DE701265AE779
:1098B0006FF0730304AF67E7A43300202DE9F04194
:1098C0000446884615461F46D0F81801E0B013B18B
:1098D00000EB40004008B5F5807F3ED82844B0F545
:1098E000C07F3AD84FF4C0720021684601F081FC75
:1098F0006946D4F82431D4F81821D4F828019847BF
:1099000070BBD4F8186157B1D4E9493072080DEB37
:109910000601984720BBD4F8183106EB5306B8F17E
:10992000000F00D08DB9324669462046FFF70EFF82
:10993000054610B90123C4F8143131466846FFF7D3
:1099400017FD284660B0BDE8F0810DEB06004146EA
:109950002A462E4401F007FCE5E76FF00405F0E726
:109960006FF00805EDE700BF2DE9F047044604F16C
:10997000F4050F4691461E46DDF8208000F024FED7
:1099800029462046FFF74AFE08B1BDE8F087284681
:109990002022012101F02DFCD4F81831C4F82471E3
:1099A000C4F8289113B92023C4F81831424631462F
:1099B0002046BDE8F0470123FFF780BFB2F5806F76
:1099C00000F295802DE9F04F89B09A46129BB3F5CD
:1099D000807F00F29080D0F82431164604460F466E
:1099E0004BB3D0F81C31012B05D0D0F81421D0F89E
:1099F00020319A421FDD514600232046129AFFF77C
:109A00005DFF014698B900231293002E5ED0DFF867
:109A1000EC9009F1400B0021204600F0EFFD202ED4
:109A20003546014628BF202504F1F40890B10846C8
:109A300009B0BDE8F08FBAF1000FE6D0129B002B01
:109A4000E1D051461A462046FFF780FE0146002825
:109A5000DBD0ECE749464022204600F0E3FD01461A
:109A60000028E4D141462022204600F0DBFD0146DB
:109A70000028DCD16946204600F0FEFD01460028A2
:109A8000D5D1204600F0BAFD01460028CFD1594675
:109A90004022204600F0C6FD01460028C7D1694695
:109AA0002022204600F0BEFD01460028BFD14146DD
:109AB000204600F0E1FD01460028B8D138462A468C
:109AC000414601F050FB761B2F44A4D1514620465D
:109AD000129AFFF73BFE01460028A8D10846D4F8A9
:109AE00014310133C4F8143109B0BDE8F08F6FF0C0
:109AF0000201084670476FF0040198E7A433002084
:109B0000002130B58DB0282202A8019101F071FB2F
:109B100002A800F035FF044610B120460DB030BD5C
:109B20001B4D4FF0FF31286800F032F960BB194B34
:109B3000D3F8340E10F0010017D100F059F9F8B93C
:109B4000154A02A901A800F0AFFC0446012000F06C
:109B50004FF988B9286800F023F90028DDD00F48B4
:109B600000F0ACF920460DB030BD2868052400F0A7
:109B700017F90028D1D0F2E7094800F09FF9E9E78A
:109B8000084800F09BF9DBE7074800F097F9CEE7BB
:109B9000302200200060845024340020E8B500000A
:109BA000C8B50000A8B5000090B5000030B583B07E
:109BB00000F036F878B900F055F890B9144BC3F8B6
:109BC0000C0AFFF79DFF0446F8B9124D2B6863B1EC
:109BD000204603B030BD032400F072F8204603B0E5
:109BE00030BD0424204603B030BD02460146FFF7D5
:109BF00063FB50B96822084901ABFFF78DFB20B920
:109C00002046064B2B6003B030BD0524E0E700BFC3
:109C10000050845044360020483600205AEA5A5AF0
:109C200000207047430504D54FF0FF32034BC3F8C3
:109C30000821024BC3F8080A704700BF0050845047
:109C4000014BC3F8040A70470050845008B100F07B
:109C500071B84FF47500704708B100F04FB84FF479
:109C60007500704710B5114800F07EF800B110BDC6
:109C70000F4800F079F80028F9D10E4C204600F08A
:109C800073F80028F3D10C4B0C481C6000F06CF802
:109C900001460028EBD100F02DF8044608B120461B
:109CA00010BD00F087F82046FAE700BF40220020F0
:109CB0003C220020382200203022002034220020C4
:109CC00008B5084800F05AF8074800F057F8074868
:109CD00000F054F8064800F051F8BDE8084000F0E4
:109CE0000BB800BF402200203C2200203822002078
:109CF0003422002000207047704700BF10B4024695
:109D00000B4C01E0134207D1D4F8003A13F48070F1
:109D1000F8D0012042F4807229B1054BD3F80441F8
:109D20000C60C3F80841024BC3F8082A10BC704706
:109D3000005084500246084901E01A4207D1D1F888
:109D4000003A13F48070F8D0012042F48072024B84
:109D5000C3F8082A704700BF0050845001F0E8B9EA
:109D60000A46002101F045BA08B5034B02681B689A
:109D700010689847002008BD6C22002008B5034BEE
:109D800002685B6810689847002008BD6C220020BC
:109D9000024B02689B681068184700BF6C220020C5
:109DA00008B5034B0268DB6810689847002008BDBF
:109DB0006C22002070B5094C094D2069AB689847AA
:109DC00018B1084B08485B6898470021074AEB68C0
:109DD00011602069BDE87040184700BF582200207C
:109DE0006C2200205022002000B60000B036002077
:109DF000F8B51A4D1A4E0446B26828699047E8B97A
:109E0000184F3B684CB1A3B1012B19D0013B3B600B
:109E10002869F36898470020F8BD43B90121124A28
:109E2000C2F800151149D1F81029002AFBD10133DD
:109E30003B60F368286998470020F8BD0C48F8BDDE
:109E40000A4AD2F81039002BFBD1074A6FF07E4046
:109E5000C2F80035FFF7F4FE3B68D7E75822002030
:109E60006C220020B0360020004084500050845006
:109E7000E98FFFFF014B1B68184700BF6C220020D1
:109E8000014B9B68184700BF6C220020014BDB6828
:109E9000184700BF6C220020BFF34F8F0549064BC7
:109EA000CA6802F4E0621343CB60BFF34F8F00BF78
:109EB000FDE700BF00ED00E00400FA0530B44FF00C
:109EC000FE3200250B4B0C4C0C494968C3F80024AA
:109ED000C3F80424C3F80824C3F80C24C3F81024DE
:109EE000C3F81424C3F81824C3F81C24C4F800557C
:109EF00030BC08470050845000408450502200205D
:109F000010B5044650B1636813F0685F05D0064A87
:109F1000934202D000236260236010BD034B0448CB
:109F20005B689847EFE700BF2C5F5CA950220020D8
:109F300020B60000C8B143680D4A934213D013F015
:109F4000685F0ED0012350E8002F194640E8001C3E
:109F50009CF0000FF7D1012AF5D0BFF35F8F0020EE
:109F6000704704487047044870476FF4E0407047FA
:109F70002C5F5CA9E98FFFFFEA8FFFFF034680B1EA
:109F8000426809498A420AD012F0685F05D0BFF3DF
:109F90005F8F002210461A607047044870470448DB
:109FA00070476FF4E04070472C5F5CA9E98FFFFFBA
:109FB000EA8FFFFF10B5044620B10023034A236057
:109FC000626010BD0248FFF779FFF6E73A00003AF9
:109FD00048B600002DE9F041002873D00C46002956
:109FE00070D01D46002B6DD007461AB10122002308
:109FF0002A6003602B68002B5FD02946204600F0C2
:10A0000079FD804600285AD12146286800F058FD85
:10A010008046002853D12868082867D0042867D0D4
:10A02000A0F10200B0FA80F040090121314EC6F8DB
:10A03000C411C6F84011C6F8C411636AC6F83031BD
:10A04000D6F830219342F6D10023C6F82C314FF0D8
:10A05000FF33C6F808316FF01B03C6F80031C6F8AD
:10A060000C01D6F8040A40F48060FFF7E9FD0A23EA
:10A07000C6F83831069B012B29D023691E4AA2FB62
:10A0800003231B09626A404602FB03F303EB43030D
:10A09000184ADB039B09C2F8D8310123C2F82C31DE
:10A0A0003B682A6823F07F4343EA02633B602A68E7
:10A0B00043EA02233B60BDE8F081DFF84080404680
:10A0C000BDE8F081DFF838804046BDE8F0814FF40C
:10A0D0007F03D3F80C2C013206D0D3F80C3C064A8F
:10A0E000A2FB03231B09CDE71623CBE703209CE744
:10A0F00002209AE700508450ABAAAAAA310CF100C2
:10A10000350CF10058B34B1EB3F5047F27D230B5A0
:10A110004FF0000ECD00744671464B0901F01F0C44
:10A1200050F82330BCF11F0F23FA0CF306D003F0D4
:10A13000010319B901211C468E46EEE79C4201F14C
:10A14000010106D01C464FF0010EA942E5D10020C6
:10A1500030BD0EF1010E9645F7D1024830BD0148E1
:10A16000704700BF360CF100C0B32DE9F0434C1E20
:10A17000B4F5047F1DD2E3B1DAB100252E46A8461E
:10A180002C46CF0003F1FF394FEA541C04F01F0E98
:10A1900050F82C10BEF11F0F21FA0EFC0CD00CF061
:10A1A000010C4CB90126E04634463546ECE79642B0
:10A1B00016D90C48BDE8F083AB420BD0C44508BFAC
:10A1C0000136A945F3D001350134BC42DCD1002071
:10A1D000BDE8F0830125E0462E46F5E701487047CB
:10A1E0001D46F1E7370CF1002DE9F04F8FB08246A4
:10A1F000DDE919460D46002E6ED1096904911C60F7
:10A20000002318990B60002A00F02881994B6A6A94
:10A21000D3F83811D3F830319A4269D10A2967D17D
:10A220009AF80330069304F1080305930423049A73
:10A230000393914B8F4CA3FB023B4FEA9B0B0BEB21
:10A240004B0BA2EB4B0B189B049E1E60002E00F0E4
:10A25000E580002700F05EFC0797BAF1000F00F0E0
:10A26000D0804FF00109DDF81480002D00F0C98086
:10A27000069B002B3ED0284606A900F03BFC002898
:10A280003AD07E4B984220D0069B082B00F0E0800D
:10A2900000225B000693294606AB50460092FFF76A
:10A2A00099FE774B984200F0CF8070B9DAF8002021
:10A2B000130A03F47F03134323F07F43CAF80030EB
:10A2C000039B013B0393BED10020039000F022FCCE
:10A2D00003980FB0BDE8F08F4FF47F01D1F80C0C5C
:10A2E00001300CBF4FF40471D1F80C1C049186E7C7
:10A2F0006448EAE76248C4E72946069800F0E0FBB4
:10A300000028BED1069B082B00F0A480042B00F08F
:10A31000A380A3F10203B3FA83F35B09C4F8C491E9
:10A32000C4F84091C4F8C4916A6AC4F83021D4F8E2
:10A3300030118A42F6D10022C4F82C214FF0FF32AE
:10A34000C4F808216FF01B02C4F80021C4F80C31D6
:10A35000D4F8040A40F48060FFF772FC0A23C4F8C2
:10A3600038312B69444AA2FB0313696A1B0901FBBC
:10A3700003F303EB4303DB039B09C4F8D831C4F8B0
:10A380002C910698DAF8003023F07F41030243EA6B
:10A3900000630B43CAF8003007A800F081FB079B5D
:10A3A000354A03F01A0303437FF46EAFA2FB063273
:10A3B000D4F81431B7EB920F0893D4F818310993FD
:10A3C000D4F81C310A93D4F820310B93D4F82431FB
:10A3D0000C93D4F828310D9302D1BBF1000F12D1A8
:10A3E0004046182208A9183EFFF7B8FC08F11808E3
:10A3F00001379EB100F08EFB00230793002D7FF400
:10A4000037AF21483DE740465A4608A9A6EB0B0660
:10A41000FFF7A4FCD8440137002EEBD1049F059E22
:10A420006A6939463046FFF76DFEAA6940B94FF4B4
:10A43000806339463046FFF797FE00283FF444AF6B
:10A440000023189A13601CE72B6A002B3FF43DAFE2
:10A450000E483AE7032361E702235FE7012229461A
:10A460005046009606ABFFF7B5FD00283FF4DBAE83
:10A470002BE700BF00508450ABAAAAAA020CF1003F
:10A48000310CF100300CF100350CF100320CF10010
:10A4900010B4DDE9013401940024DDF80CC0CDE9ED
:10A4A00002C410BCFFF7A0BE30B51546012487B02A
:10A4B00005AB00930022CDE9015404ABFFF794FEF5
:10A4C00007B030BDF0B587B0002967D01E46002B1D
:10A4D00064D01446002A61D0324F0D4638684FF0E0
:10A4E000FF31FFF755FC00283DD12F4BD3F8340E38
:10A4F00010F0010015D04FF0FF354FF408712B48D4
:10A50000FEF72CFF04212A48FEF728FF29482821BE
:10A51000FEF724FF3868FFF743FC40BB284607B02E
:10A52000F0BDFFF765FC002834D1224800F028FA7E
:10A5300070B91E4A0346029205AA019204AA03902A
:10A5400000921C4902461A48FFF7A2FF0346A0B139
:10A550004FF0FF350120FFF74BFC0028CDD0164807
:10A56000FFF7ACFCC9E71548FFF7A8FCBDE71448A6
:10A57000FFF7A4FC284607B0F0BD28461D46059B02
:10A5800022469C4228BF1A46049932600831FFF7E0
:10A59000E5FBDFE70B48FFF791FCC6E74FF0FF351F
:10A5A000BCE700BF3022002000608450F03600205D
:10A5B000C4360020C8360020C8B5000090B50000A1
:10A5C0006CB60000A8B5000010B5044628B12046BE
:10A5D000BDE81040F421FFF7C3BB0448FFF76EFC51
:10A5E0002046BDE81040F421FFF7BABB84B6000056
:10A5F00010B1F421FEF7B2BE704700BF08B521B11B
:10A60000012908D06FF0360008BD012100F058F88C
:10A610000028F7D108BD022100F052F80028F9D037
:10A62000F0E700BF30B505468818B0F5801F0B462F
:10A630001446A1B001D8802A0CD9B3F5801F17D9D0
:10A6400022461946284600F07DF8044684B9204683
:10A6500021B030BD6846FFF781FB22466946284697
:10A6600000F070F8802104466846FFF779FBEDE7BB
:10A670006FF03604EBE700BF70B5E8B10E46D9B114
:10A68000044600F031F80546B0B92368012B0BD021
:10A69000022B01D0284670BD1C22304604F108016F
:10A6A000FFF75CFB284670BD2022304604F108010C
:10A6B000FFF754FB284670BD6FF03605EAE700BF90
:10A6C00078B138B50D46F0210446FFF749FB402329
:10A6D00020462560E36500F061FA003818BF0120CC
:10A6E00038BD0120704700BFF0B5056EA5B0044627
:10A6F00004AEE5B90023012701933046676029467F
:10A7000002AA009300F018FA10B1012025B0F0BDA4
:10A710002A46204602A900F069FA0028F5D1204611
:10A7200000F06CFB0028F0D1206625B0F0BD802D34
:10A730002A46304628BF802204F16401FFF70EFB51
:10A74000256ED7E7002800F0AE802DE9F04F1446C3
:10A75000A5B0002A3DD00F46002949D0B2F5803F70
:10A760000546006E20D34FF6FF7805F1640AEB6DC5
:10A770001A1AB2FBF3F103FB1122002A65D18342BE
:10A78000B9464FF6FF7672D0B6FBF3FB03FB0BFB2B
:10A79000BBF1000F30D1002E45D1A4F57F44FF3C22
:10A7A000B4F5803F4744E2D2EA6D161AB6FBF2F3E5
:10A7B00002FB1366A64228BF2646002E75D18242B0
:10A7C00000F08D80B4FBF2F602FB06F62EB9002CE9
:10A7D00079D1002025B0BDE8F08F002331463846FE
:10A7E000CDE9003302AA00F0A7F9002800F0958017
:10A7F000012025B0BDE8F08F002359464846CDE939
:10A80000003302AA00F098F90028F1D15A462846F0
:10A8100002A900F0EBF90028EAD1A6EB0B06286E9E
:10A82000D944002EB9D019304946324605EB800094
:10A83000FFF794FAA4F57F44286EFF3C3044B4F54A
:10A84000803F4744286692D2AEE7424528BF424641
:10A85000164639465044FFF781FA286EEB6D3044B6
:10A86000834207EB06092866A8EB06068CD1802BED
:10A8700028BF802351461A4604A8FFF76FFA002329
:10A88000E96D02AACDE9003304A800F055F90028CB
:10A89000AED12846EA6D02A900F0A8F90028A7D198
:10A8A000EB6D286670E70120704705F164033946B7
:10A8B00032461844FFF752FA286EEA6D3044A41B62
:10A8C000374428667BE72B6E2246193305EB83005D
:10A8D0003946FFF743FA2B6E23442B6679E7802A2B
:10A8E00028BF802205F1640104A8FFF737FA00238E
:10A8F000E96D04A8CDE9003302AA00F01DF9002893
:10A900007FF476AF2846EA6D02A900F06FF90028BF
:10A910007FF46EAFEA6D286654E73246284602A9F6
:10A9200000F064F900287FF463AF3744A41B4EE7BE
:10A93000F8B51C460546114816460F46FFF744FE7B
:10A9400021460E48FFF75AFE044620B10B48FFF798
:10A950004FFE2046F8BD3A4629460848FFF762FEFA
:10A9600004460028F2D131460448FFF785FE04462C
:10A970000248FFF73DFE2046F8BD00BF1039002019
:10A980001C2370B582B001A90546019300F032F88E
:10A99000044638B9019B1C2B07D0144C1C212846B7
:10A9A000FFF7DEF9204602B070BDD5E90112131E93
:10A9B00018BF0123003918BF0121012628689B0018
:10A9C000EA6843EA4103002818BF43F00103EE613F
:10A9D0002AB9C5E90834002BE4D1054CDEE720464E
:10A9E00043F00803C5E9083402B070BD370CF0002D
:10A9F0000E0CF000034618B111B10A681C2A01D0F0
:10AA0000012070474FF47F02D2F8101C01310CBFB7
:10AA100040F2DC51D2F8101C4FF47F020160D2F8F2
:10AA2000141C01310CBF40F2DC51D2F8141C4FF45D
:10AA30007F024160D2F8181C01310CBF40F634018E
:10AA4000D2F8181C4FF47F028160D2F81C1C01312F
:10AA50000CBF40F63401D2F81C1C4FF47F02C160D9
:10AA6000D2F8001C01310CBF9021D2F8001C4FF429
:10AA70007F020161D2F8041C01310CBF5121D2F8D0
:10AA8000041C4FF47F024161D2F8081C0020013100
:10AA90000CBF40F23732D2F8082C9A61704700BFE1
:10AAA000014608B54FF48060FFF7D6F80022034B4B
:10AAB000C3F8C821C3F82C2108BD00BF0050845042
:10AAC0000138072805D8DFE800F0100E040A040456
:10AAD000040607487047CB6800204B6270478B68BC
:10AAE00000204B6270474B68F6E70B68F4E700BF45
:10AAF000310CF1000B6802E0082B0B6006D8026AEB
:10AB000013424FEA4303F7D00020704700487047D4
:10AB1000310CF100002310B5064C4FF48060C4F8EE
:10AB20002C31C4F8C431FFF77DF84FF0FF33C4F87F
:10AB3000083110BD005084502DE9F041002482B04E
:10AB400015461E4601220DF107030746DDF8248055
:10AB50008DF8074000F08CF9D0B99DF80730044615
:10AB60002F602B71B8F1000F0ED04EB1024608993C
:10AB700030460DF1070300F07BF948B99DF8073026
:10AB8000C8F8006088F80430204602B0BDE8F081C3
:10AB90004FF47504204602B0BDE8F081D8B108B585
:10ABA0000368012B04D0022B0FD043B10B4808BD22
:10ABB00020220B490830FFF7D1F8002008BD1422ED
:10ABC00008490830FFF7CAF8F7E72022064908309D
:10ABD000FFF7C4F8F1E74FF4730070470100F3008A
:10ABE00094B60000D4B60000B4B600002DE9F047DA
:10ABF000002900F0EB800446002800F0EB80036899
:10AC000088469146002B00F0B580013B012B00F2F5
:10AC1000C9804FF0FF3171484FF0020AFFF7B8F8D2
:10AC2000002840F0B1800020FFF7E2F80746002836
:10AC300040F0B4806A4DD5F81069002EFBD14FF07A
:10AC4000FF30FEF7EFFFD5F8040A20F40060FEF7AE
:10AC5000F7FF01230722C5F81838C5F82038C5F8D2
:10AC60000029C5F8C437C5F8A466A36CC5F8CC376D
:10AC7000E36CC5F8D037C5F8C0A723685BB1013BCA
:10AC8000012B18D8636AC5F85C36236AC5F85836B4
:10AC9000E369C5F85436A269514BC3F8502662697E
:10ACA000C3F84C262269C3F84826E268C3F8442654
:10ACB000A268C3F84026B9F1000F56D063684FF47C
:10ACC0000060012B04BF464AC2F8843698F804306D
:10ACD000D8F80010424A5B0003F00203C2F80C3BB4
:10ACE000C2F8281CC2F82C9CFEF7B0FF0746236868
:10ACF00063B1013B012B19D8394BD3F85C26626252
:10AD0000D3F858262262D3F85436E361344BD3F893
:10AD10005026A261D3F84C266261D3F848262261FE
:10AD2000D3F84426E260D3F84036A3600022012124
:10AD30002B4BD3F8CC07A064D3F8D007E064C3F85A
:10AD4000C417C3F88426C3F8C827C3F81828C3F863
:10AD50002028AFBB0120FFF74BF868BB1F48FFF767
:10AD60001FF818BB3846BDE8F08704221C4BC3F817
:10AD7000C827BCE74FF0FF3118484FF0010AFFF732
:10AD800007F800283FF44FAF1648FFF797F8002068
:10AD9000FFF72EF8074600283FF44CAF1248FFF7A4
:10ADA0008DF847E7114F3846BDE8F0871048FFF7A8
:10ADB00085F83846BDE8F0870E48FFF77FF8CDE705
:10ADC000102104F10800FEF7CBFFC3E70A4F384615
:10ADD000BDE8F0874FF47307C4E700BF40220020AE
:10ADE0000050845090B50000A8B500000100F300A9
:10ADF000E8B50000C8B500000300F300A0B30346A7
:10AE000070B4D0E90240D3E9041226BA05BA0CBAEC
:10AE100010BAC3E90440D3E90612986A09BAC3E933
:10AE2000026512BA996100BAD3E9084125BA0CBA91
:10AE3000C3E90725D3E90B12C3E9094009BAD86B66
:10AE400012BAD962D3E90D4125BAC3E90C250CBA6F
:10AE500000BAD3E9101209BA12BAC3E90E40196454
:10AE600000205A6470BC70474FF47300704700BFF5
:10AE700000201870704700BF08B5074B044613B197
:10AE80000021AFF30080054B1868836A03B198472F
:10AE9000204600F08DF800BF00000000E8B600007A
:10AEA00070B50D4D00260D4C641BA410A64209D1AF
:10AEB0000B4D00260B4C00F01FFB641BA410A64298
:10AEC00005D170BD55F8043B01369847EEE755F8BB
:10AED000043B01369847F2E7A8080000A8080000E4
:10AEE000A8080000AC080000431810B501D21F2AC2
:10AEF00001D9002010BD013902F014030144102BC8
:10AF000080EA01043CD009DC8BB1042BF1D11F2C69
:10AF100040E840F315D941E840F10EE0142BE8D1A8
:10AF20001F2C40E8C0F30CD941E8C0F105E01F2C0C
:10AF300040E800F305D941E800F11C460B468C427D
:10AF4000D7D122F01402013A0A2AD2D801A151F82D
:10AF500022F000BFA3AF00009DAF00008FAF000044
:10AF6000F3AE0000F3AE0000F3AE0000F3AE00005D
:10AF7000A9AF0000A3AF000097AF00008FAF0000A3
:10AF80001F2C40E880F3DCD941E880F1D5E713F4C9
:10AF9000001FAFD1ADE713F4801FFAE75B02A9D51C
:10AFA000A7E713F4002FF4E713F4802FF1E700BFB5
:10AFB000FEE700BF002383F30088704700BF80B521
:10AFC00000AFFCF713FB00BF80BDEFF30880EFF389
:10AFD00009812DE9F00F6B467246F6F761F808B06B
:10AFE000FFF7EDFFFEE700BF80B500AFFCF7FEFA0C
:10AFF00000BF80BDEFF30880EFF309812DE9F00F6A
:10B000006B467246F6F74CF808B0FFF7EDFFFEE727
:10B0100000BF80B500AFFCF7E9FA00BF80BDEFF3D9
:10B020000880EFF309812DE9F00F6B467246F6F7C1
:10B0300037F808B0FFF7EDFFFEE700BF80B500AFBF
:10B04000FCF7D4FA00BF80BDEFF30880EFF309816D
:10B050002DE9F00F6B467246F6F722F808B0FFF7BD
:10B06000EDFFFEE700BF80B500AFFCF7BFFA00BF01
:10B0700080BDEFF30880EFF309812DE9F00F6B46F7
:10B080007246F6F70DF808B0FFF7EDFFFEE700BFD8
:10B0900080B487B000AFF860B9607A60FA687B6806
:10B0A00013447B61BA687B6813443B610CE03B69E5
:10B0B000013B3B613A697B69013B7B617B691278AB
:10B0C0001A707B68013B7B607B68002B17D07B6923
:10B0D00003F00303002BEAD13B6903F00303002BC9
:10B0E000E5D10CE03B69043B3B613A697B69043B79
:10B0F0007B617B6912681A607B68043B7B607B68BC
:10B10000032BEFD809E03B69013B3B613A697B695E
:10B11000013B7B617B6912781A707B685A1E7A60EA
:10B12000002BF0D1FB6818461C37BD4680BC704729
:10B1300080B584B000AFF860B9607A60BA68FB6827
:10B140009A4206D37A68B968F86800F00CF80346AA
:10B1500005E07A68B968F868FFF79AFF0346184671
:10B160001037BD4680BD80B487B000AFF860B960CD
:10B170007A60FB687B61BB683B610AE03A69531CFB
:10B180003B617B69591C796112781A707B68013BBD
:10B190007B607B68002B15D07B6903F00303002BD9
:10B1A000ECD13B6903F00303002BE7D10AE03A69D5
:10B1B000131D3B617B69191D796112681A607B68F8
:10B1C000043B7B607B68032BF1D807E03A69531C92
:10B1D0003B617B69591C796112781A707B685A1E31
:10B1E0007A60002BF2D1FB6818461C37BD4680BC44
:10B1F000704780B487B000AFF860B9607A60FB68D0
:10B200003B61BB681A06BB681B041A43BB681B0280
:10B210001A43BB6813437B6108E03B695A1C3A61DF
:10B22000BA68D2B21A707B68013B7B607B68002BE6
:10B230000DD03B6903F00303002BEED107E03B691F
:10B240001A1D3A617A691A607B68043B7B607B68EF
:10B25000032BF4D805E03B695A1C3A61BA68D2B2B4
:10B260001A707B685A1E7A60002BF4D1FB6818466E
:10B270001C37BD4680BC704780B582B000AFEFF38D
:10B2800005837B607B683B603B88C3F308039BB20C
:10B29000002B01D0FCF7AAF9FCF70CFC034618467A
:10B2A0000837BD4680BD80B584B000AF7860EFF34D
:10B2B0000583FB60FB68BB603B89C3F308039BB25B
:10B2C000002B01D0FCF792F97868FCF7FBFB0346F2
:10B2D00018461037BD4680BD80B586B000AFF86017
:10B2E000B9607A603B60EFF305837B617B693B610A
:10B2F0003B8AC3F308039BB2002B01D0FCF776F91D
:10B300003B687A68B968F868FAF79CFF0346184604
:10B310001837BD4680BD80B586B000AFF860B96013
:10B320007A603B60EFF305837B617B693B613B8A1D
:10B33000C3F308039BB2002B01D0FCF757F93B681D
:10B340007A68B968F868FAF7EDFF00BF1837BD46AC
:10B3500080BD80B582B000AFEFF305837B607B6872
:10B360003B603B88C3F308039BB2002B01D0FCF782
:10B370003DF9FCF758FB00BF0837BD4680BD80B5DE
:10B3800082B000AF78600B46FB707B681B68591C6D
:10B390007A6811607A681344FA781A717B681B68BE
:10B3A0001F2B08D97B6800221A607B680433202198
:10B3B000184600F076F800BF0837BD4680BD80B55E
:10B3C00084B000AF786039600023FB600AE03B681E
:10B3D0005A1C3A601B7819467868FFF7D0FFFB6863
:10B3E0000133FB603B681B78002BF0D1FB681846EB
:10B3F0001037BD4680BD80B58AB000AFF860B96037
:10B400007A6000237B6200237B6107F1180300222E
:10B410001A605A6000233B62BB6803F00F037A682E
:10B420001A443B6A591C3962127828333B4403F8AA
:10B43000142CBB681B09BB60BB68002BECD10EE071
:10B440003B6A013B3B6207F114023B6A13441B78E1
:10B450001946F868FFF793FF7B6A01337B623B6A0A
:10B46000002BEDD17B6A18462837BD4680BD0FB44E
:10B4700080B582B000AF00237B6007F114033B600E
:10B4800039683869FDF7AEFC78607B681846083784
:10B49000BD46BDE8804004B0704702DF704700BF82
:10B4A000184680B582B000AF786039603968786836
:10B4B000FFF7F3FF034618460837BD4680BD2DE968
:10B4C000E04F2746A046A146A246A346A446A2B006
:10B4D0002DEC000A84F3008825462646A447EFF3A6
:10B4E000148515F0080F18BFB0EE400A3DEC000AB5
:10B4F00022B0BDE8E08F0000F8B500BFF8BC08BC82
:10B500009E467047F8B500BFF8BC08BC9E46704721
:10B510007AFFFFFF54464D5F43525950544F00008D
:10B5200054464D5F504C4154464F524D5F53455227
:10B530005649434500000000303132333435363748
:10B540003839616263646566303132333435363799
:10B550003839414243444546307800005B556E73AC
:10B560007570706F72746564205461675D000000CF
:10B57000FF8FFFFFFF8FFFFFFE8FFFFFFE8FFFFF9D
:10B58000FD8FFFFFFC8FFFFFFC8FFFFFFB8FFFFF97
:10B590004661696C20746F20616371756972652002
:10B5A0006D757465780A00004661696C20746F20BF
:10B5B000696E63726561736520504D20636F756EAF
:10B5C0007465720A000000004661696C20746F2087
:10B5D000646563726561736520504D20636F756E9D
:10B5E0007465720A000000004661696C20746F2067
:10B5F00072656C65617365206D757465780A00000D
:10B60000436F756C64206E6F74206C6F636B207079
:10B610006F7765722073617665206D75746578004B
:10B620006D757465785F667265652063616C6C65C5
:10B63000642077697468204E554C4C2070617261AB
:10B640006D6574657200000043616E277420696E39
:10B65000697469616C697A65206D757465782C20F0
:10B66000776173204E554C4C0D0A00004661696CA1
:10B6700020746F20756E6C6F636B206D75746578C8
:10B680000A0000000A637478206973204E554C4C00
:10B690000A00000067E6096A85AE67BB72F36E3C7C
:10B6A0003AF54FA57F520E518C68059BABD9831F8D
:10B6B00019CDE05BD89E05C107D57C3617DD70300B
:10B6C00039590EF7310BC0FF11155868A78FF9646F
:10B6D000A44FFABE0123456789ABCDEFFEDCBA98D3
:10B6E00076543210F0E1D2C39C220020000000000A
:10B6F000000000000000000000000000000000004A
:10BC00007FE97FE9FCF77EBE7FE97FE9FCF78EBE26
:10BC10007FE97FE9FCF7C6BE7FE97FE9FCF7B2BEAA
:10BC20007FE97FE9FCF796BE0000000000000000FD
:10BC30000000000000000000000000000000000004
:10BC40000090D00300900050000000001882000017
:10BC500004000000000000000000000000000000E0
:10BC6000000000000000000000000000540100007F
:10BC700028020000FC2200205C2300205C2300201E
:10BC80007423002090ED00E0003000500090005040
:10BC90006F950050001008507F1608506FB40000D8
:10BCA0003D90000039900000F3B1000000300050DA
:10BCB0003822002068220020602200205C22002020
:10BCC000582200208D9E0000819E0000759E00007D
:10BCD00000000000999E0000942200208C22002089
:10BCE00084220020000000007C220020B59F00007C
:10BCF000019F0000359F00007D9F0000B4360020AA
:10BD00003A00003AB83600203A00003ABC3600202B
:10BD10003A00003AC03600203A00003A0000000025
:10BD20000000000000000000000000000000000013
:10BD30000000000000000000000000000000000003
:10BD400000000000000000000000000000000000F3
:10BD500000000000000000000000000000000000E3
:10BD600000000000000000000000000000000000D3
:0CBD7000000000000000000000000000C7
:04000003000008F9F8
:00000001FF
